Categories;Active (0/1);Name;Manufacturer/brand;Price tax included;Tax rule ID;Quantity;Image URLs;Description
Piłki do koszykówki,Spalding;1;Oficjalna piłka do koszykówki Spalding TF-1000 Legacy;Spalding;279.00;1;100;https://sklepkoszykarski.pl/userdata/public/gfx/7059/Oficjalna-pilka-Spalding-TF-1000-Legacy.jpg;"Najwyższy model firmy Spalding przeznaczony do gry na hali  - 
piłka do koszykówki Spalding TF-1000 Legacy
. Najnowsze rozwiązanie głębokich kanalików między panelami oraz system odprowadzania wilgoci poprawiają wytrzymałość oraz prowadzenie piłki. Jak potwierdzają opinie piłka perfekcyjnie trzyma się dłoni, co znacznie poprawia komfort gry oraz nie powoduje efektu bolących dłoni po dłuższym graniu. Wykonana z ekskluzywnej skóry kompozytowej ZK microfibre. Przeznaczona do gry na najwyższym poziomie. Jest oficjalną piłką w wielu ligach europejskich, jak i kiedyś w Polsce. Ceniona i lubiana przez koszykarzy doceniających jej miękkość, głęboki chwyt i doskonałe prowadzenie po parkiecie.


Rozmiar: 7 / 6 / 5


 


Czym się wyróżnia piłka do kosza 
Spalding TF 1000
 Legacy:


 




 


1. Materiał ZK, który wyposażony został w zaawansowany system do odprowadzania wilgoci, zarówno tej od mokrej nawierzchni, jak od wilgotnej ręki. Dzięki czemu piłka doskonale trzyma się ręki w każdych warunkach.


 


2. Wygładzony korpus wraz z kanałami sprawiają, że piłka jest jeszcze lepiej wyczuwana i wytrzymalsza - usystematyzowany system głębokich kanałów dla jeszcze lepszej kontroli i chwytu.


 


3. Najnowsza technologia nylonowego owinięcia.


 


4. Dętka o podwyższonej jakości."
Piłki do koszykówki,Spalding;1;Piłka do koszykówki Spalding TF-500 Excel;Spalding;147.00;1;100;https://sklepkoszykarski.pl/userdata/public/gfx/7420/Pilka-do-koszykowki-Spalding-TF-500-Excel.jpg;"Piłka do koszykówki Spalding TF-500 Excel
 jest to model dedykowany 
do gry na hali i na zewnątrz
. Do jej produkcji wykorzystano najwyższej jakości skórę kompozytową z dodatkową osłoną nylonową, która ma za zadanie zwiększyć jej odporność na ścieranie i wytrzymałość w warunkach gry na zewnątrz. Dzięki takiemu zastosowaniu piłka Spalding TF-500 można grać także na boiskach asfaltowych i betonowych. Jest to jeden z najczęściej wybieranych piłek do koszykówki na Orlik, gdzie znajdziemy powierzchnię typu tartan.


Piłka do kosza 
Spalding
 TF-500 Excel posiada bardzo dobrą charakterystykę gry, rewelacyjny chwyt, co zapewnia świetną kontrolę. Tak jak w wyższych modelach posiada ona projekt szerokich kanałów, co sprzyja odprowadzaniu wilgoci na zewnątrz i poprawia przyczepność. Ma miękki chwyt co zapewnia dobre prowadzenie piłki i kontrolę przy kozłowaniu.


Przeznaczenie: Indoor / Outdoor
Materiał: Skóra kompozytowa
Rozmiar: 7 / 6 /5"
CZYSZCZENIE MAGAZYNU do -60 %;1;Piłka do koszykówki Spalding TF-250 React;Spalding;109.00;1;100;https://sklepkoszykarski.pl/userdata/public/gfx/7422/Pilka-do-koszykowki-Spalding-TF-250-React.jpg;"Nowy model 
piłki do koszykówki Spalding TF-250 React
 na rok 2022 przeznaczona na gry na zewnątrz i w hali. Jest to jeden z popularniejszych modeli Spaldinga wykonany ze skóry kompozytowej. Można nim z powodzeniem można grać na obiektach pod gołym niebem typu orlik, jak i na sali. Powierzchnia została wykonana z miękkiej skóry kompozytowej. Została ona poprawiona względem poprzedniego modelu i lepiej trzyma się dłoni.


Piłka do kosza 
Spalding TF-250 React
 jest również dobrym kompromisem dla osób, które przechodzą z gry na piłkach gumowych na modele skórzane i chcą nabrać doświadczenia przed zakupem droższych modeli Spalding.


Rozmiar: 7 / 6 / 5
Przeznaczenie: Indoor / Outdoor
Powierzchnia: skóra kompozytowa"
CZYSZCZENIE MAGAZYNU do -60 %;1;Piłka do koszykówki Spalding TF-150 Varsity;Spalding;49.90;1;100;https://sklepkoszykarski.pl/userdata/public/gfx/6843/Pilka-do-koszykowki-Spalding-TF-150-Varsity.jpg;"Piłka do koszykówki Spalding TF-150 Varsity jest to jedna z najbardziej rozpoznawalnych serii firmy Spalding. Jeden z  najstarszych i najchętniej wybieranych modeli na początek przygody z koszykówką. Bardzo dobry przelicznik jeśli chodzi o cenę do jakości, dzięki czemu piłka Spalding TF-150 jest chętnie wybierana przez kluby koszykarskie i szkoły do gry w koszykówkę. Solidnie wykonana piłka z mocnej gumy. Wszelkie napisy są naniesione w wytłoczeniach na powierzchni co zwiększa ich żywotność i odporność na ścieranie. Przeznaczona z myślą o grze na zewnątrz, ale również z powodzeniem można nią grać na hali. Piła do kosza Spalding TF-150 nie zawiedziecie Cie podczas meczu, jak i codziennego treningu. Polecana piłka przez sklep koszykarki szczególnie dla osób rozpoczynających przygodę z koszykówką, lub grających okazjonalnie.


Piłka do koszykówki firmy Spalding.
Rewelacyjny chwyt i kontrola.
Świetna piłka do rozpoczęcia gry.
Bardzo dobre rozwiązanie zapewniające wytrzymałość i rewelacyjną charakterystykę gry.
Wytrzymała gumowa powierzchnia.
Przeznaczona do gry na zewnątrz (Outdoor).


Rozmiar: 7 / 6 / 5 / 3"
Piłki do koszykówki,Spalding;1;Piłka do koszykówki Spalding TF Gold In/Out;Spalding;165.00;1;100;https://sklepkoszykarski.pl/userdata/public/gfx/7051/Pilka-do-koszykowki-Spalding-TF-Gold-InOut.jpg;"Piłka do koszykówki 
Spalding TF Gold.
 Wykonana została z ekskluzywnej skóry kompozytowej. Przeznaczona do gry na wszystkich nawierzchniach, czyli zagrasz nią z powodzeniem zarówno na kostce betonowej, tartanie na Orliku, czy też na hali gimnastycznej. Jej niewątpliwym atutem jest to, że wykonana jest z takiej samej skóry syntetycznej (kompozytowej), co piłki przeznaczone typowo na halę. Dzięki temu odczuwamy komfort gry taką samą piłką jak na hali, natomiast fizycznie możemy grać pod gołym niebem na twardej nawierzchni. 


Dzięki zastosowaniu skóry kompozytowej o najwyższej jakości piłka doskonale trzyma się dłoni, a jej miękkość nie powoduje bólów dłoni po grze. Pod logiem producenta widnieje wytłoczone złote logo kwalifikujące ją do serii ""
Gold Series
"". Piłka Spalding TF GOLD to czucie halowe, a gra w koszykówkę pod gołym niebem. Kontynuacji serii piłek NBA Gold.
Materiał: Skóra kompozytowa
Przeznaczenie: Indoor / Outdoor
Rozmiar: 7"
Piłki do koszykówki,Spalding;1;Piłka do koszykówki Spalding TF-1000 Precision;Spalding;239.00;1;100;https://sklepkoszykarski.pl/userdata/public/gfx/7060/Pilka-do-koszykowki-Spalding-TF-1000-Precision.jpg, https://sklepkoszykarski.pl/userdata/public/gfx/7061/Pilka-do-koszykowki-Spalding-TF-1000-Precision.jpg;"Piłka do koszykówki Spalding TF-1000 Precision
 to model piłki do koszykówki to doskonały wybór dla pasjonatów tego sportu. Wykonana z najwyższej jakości materiałów, ta piłka została stworzona z myślą o zapewnieniu niezrównanej wydajności na boisku. Głębokie kanały zapewniają pewny chwyt, co przekłada się na precyzyjne rzuty i dynamiczną grę. Piłka została wykonana z wysokiej jakości skóry kompozytowej, minimalizuje absorpcję wilgoci, co utrzymuje jej idealną konsystencję zarówno na nawierzchniach zewnętrznych, jak i wewnętrznych. Konstrukcja z odpowiednią miękkością i zagłębieniami kanalików gwarantuje świetny chwyt i kontrolę nad piłką. Piłka posiada certyfikat FIBA, potwierdzający jej jakość i zgodność z międzynarodowymi standardami, co czyni ją idealnym wyborem zarówno dla profesjonalnych zawodników, jak i amatorów. Ziarniste pokrycie zapewnia dodatkową przyczepność, co jest niezbędne podczas intensywnych meczów, pozwalając kontrolować grę.


Rozmiar: 7 / 6 / 5
Materiał: Skóra kompozytowa
Przeznaczenie: Indoor"
CZYSZCZENIE MAGAZYNU do -60 %;1;Piłka do koszykówki Spalding Sketch Jump;Spalding;69.00;1;100;https://sklepkoszykarski.pl/userdata/public/gfx/7062/pilka-spalding-sketch-jump.png, https://sklepkoszykarski.pl/userdata/public/gfx/7063/pilka-spalding-sketch-jump.png;"Piłka do koszykówki Spalding Sketch Jump
 to model piłki do koszykówki 
Spalding Sketch
 z przeznaczeniem do gręy na zewnątrz na powierzchniach twardych (typu asfalt, beton, tartan). Zastosowany materiał to wytrzymała gumowa powierzchnia. Stosowane od lat rozwiązania zapewniają świetną charakterystykę gry - dobry chwyt i kontrolę przy prowadzeniu piłki w powietrzu. Model piłki do kosza w kolorze szarych odcieni z niespotykaną srtystyczną grafiką.


Przeznaczenie: Outdoor
Powierzchnia: wytrzymała powierzchnia gumowa
Rozmiar: 7"
CZYSZCZENIE MAGAZYNU do -60 %;1;Piłka do koszykówki Spalding Sketch Dribble na zewnątrz;Spalding;69.00;1;100;https://sklepkoszykarski.pl/userdata/public/gfx/7070/Pilka-do-koszykowki-Spalding-Sketch-Dribble.png, https://sklepkoszykarski.pl/userdata/public/gfx/7068/Pilka-do-koszykowki-Spalding-Sketch-Dribble.png;"Piłka do koszykówki Spalding Sketch Jump
 to model piłki do koszykówki 
Spalding Sketch
 z przeznaczeniem do gręy na zewnątrz na powierzchniach twardych (typu asfalt, beton, tartan). Zastosowany materiał to wytrzymała gumowa powierzchnia. Stosowane od lat rozwiązania zapewniają świetną charakterystykę gry - dobry chwyt i kontrolę przy prowadzeniu piłki w powietrzu. Model piłki do kosza w kolorze szarych odcieni z niespotykaną srtystyczną grafiką.


Przeznaczenie: Outdoor
Powierzchnia: wytrzymała powierzchnia gumowa
Rozmiar: 7"
CZYSZCZENIE MAGAZYNU do -60 %;1;Piłka do koszykówki Spalding Sketch Crack;Spalding;69.00;1;100;https://sklepkoszykarski.pl/userdata/public/gfx/7066/pilka-do-koszykowki-spalding-sketch-crack.png, https://sklepkoszykarski.pl/userdata/public/gfx/7067/pilka-do-koszykowki-spalding-sketch-crack.png;"Piłka do koszykówki Spalding Sketch Jump
 to model piłki do koszykówki 
Spalding Sketch
 z przeznaczeniem do gręy na zewnątrz na powierzchniach twardych (typu asfalt, beton, tartan). Zastosowany materiał to wytrzymała gumowa powierzchnia. Stosowane od lat rozwiązania zapewniają świetną charakterystykę gry - dobry chwyt i kontrolę przy prowadzeniu piłki w powietrzu. Model piłki do kosza w kolorze szarych odcieni z niespotykaną srtystyczną grafiką.


Przeznaczenie: Outdoor
Powierzchnia: wytrzymała powierzchnia gumowa
Rozmiar: 7"
CZYSZCZENIE MAGAZYNU do -60 %;1;Piłka do koszykówki Spalding Marble Yellow;Spalding;69.00;1;100;https://sklepkoszykarski.pl/userdata/public/gfx/7095/pilka-do-koszykowki-spalding-marble-zolta.png, https://sklepkoszykarski.pl/userdata/public/gfx/7096/pilka-do-koszykowki-spalding-marble-zolta.png;"Piłka do koszykówki Spalding Marble żółta
 to doskonały wybór dla graczy, którzy chcą wyrazić swój styl na boisku. Seria Spalding Marble oferuje 
piłki do kosza
 w wielu kolorach z unikalnymi nadrukami, co pozwala zawodnikom wyróżnić się na boisku. Prezentowana piłka do koszykówki Spalding posiada solidną powłokę, a wysokiej jakości guma sprawia, że piłka jest wyjątkowo trwała i nadaje się do gry na zewnątrz. Dzięki starannemu wykonaniu i dbałości o szczegóły, te piłki mogą być używane jako piłki treningowe, zapewniając trwałość, równomierne odbicie i komfortową grę. Każda piłka ma niepowtarzalną mieszankę kolorów, co sprawia, że są wyjątkowe i charakterystyczne. Świetna na oryginalny prezent dla fana koszykówki!


 


Rozmiar: 7
Materiał: Guma
Przeznaczenie: Outdoor"
Prezent dla koszykarza;1;Piłka do koszykówki Spalding TF Advanced Grip Control Indoor/Outdoor;Spalding;189.00;1;100;https://sklepkoszykarski.pl/userdata/public/gfx/6842/Pilka-do-koszykowki-TF-Advanced-Grip-Control-IndoorOutdoor.jpg;"Piłka do koszykówki 
Spalding TF Advanced Grip Control Indoor/Outdoor
 zaprojektowana by wytrzymać każdą nawierzchnię, zarówno na hali, jak i na zewnątrz. Posiada nowo zaprojektowaną powierzchnię ze skóry kompozytowej z głębszą strukturą, która idealnie trzyma się ręki i pozwala na lepszą kontrolę podczas ruchu w grze. Odpowiednio dobrana miękkość skóry zwiększa czucie piłki i pomaga przy intuicyjnie wykonywanych manewrach i zwodach na boisku.
Oryginalne wzornictwo Spalding, gdzie linie między panelami, również są pokryte skórą kompozytową. Takie zastosowanie jako pierwszy wprowadziła właśnie firma Spalding. I teraz z powodzeniem jest stosowane w najwyżej linii piłek dedykowanych do hali i na zewnątrz z linii piłek koszykarskich TF Advanced Grip Control. Model dedykowany do gry na hali na powierzchniach typu parkiet.


Materiał: Skóra kompozytowa premium
Przeznaczenie: Indoor / Outdoor
Kolor: czarny
Rozmiar: 7"
CZYSZCZENIE MAGAZYNU do -60 %;1;Piłka do koszykówki Spalding TF Silver In/Out;Spalding;109.00;1;100;https://sklepkoszykarski.pl/userdata/public/gfx/6844/Pilka-do-koszykowki-Spalding-TF-Silver-InOut.jpg;"Piłka do koszykówki z serii
 TF Silver Indoor/Outdoor
 firmy Spalding z przeznaczenie zarówno na grę w hali (Indoor), jak i na zewnątrz na powierzchnie bitumiczne (beton i asfalt - Outdoor), jak i na boiska typu Orlik, gdzie występuje tartan. Nowoczesne rozwiązania odnośnie wytrzymałości i prowadzenia gry. Zastosowana piłce do kosza Spalding TF Silver In/Out 
skóra kompozytowa
 daje doskonały chwyt i zapewnia lepszą kontrolę. JEst to bardzo sprawdzony model piłki do koszykówki 
Spalding
 polecany na jedną z pierwszych piłek do gry w koszykówkę ze skóry kompozytowej.


Materiał: Skóra kompozytowa
Zastosowanie: Indoor / Outdoor
Rozmiar: 7"
Piłki do koszykówki,Spalding;1;Piłka do koszykówki Spalding TF Advanced Grip Control Two Tone;Spalding;189.00;1;100;https://sklepkoszykarski.pl/userdata/public/gfx/6845/Pilka-do-koszykowki-TF-Advanced-Grip-Control-Two-Tone.jpg;"Piłka do koszykówki 
Spalding TF Advanced Grip Control Indoor/Outdoor
 zaprojektowana by wytrzymać każdą nawierzchnię, zarówno na hali, jak i na zewnątrz. Posiada nowo zaprojektowaną powierzchnię ze skóry kompozytowej z głębszą strukturą, która idealnie trzyma się ręki i pozwala na lepszą kontrolę podczas ruchu w grze. Odpowiednio dobrana miękkość skóry zwiększa czucie piłki i pomaga przy intuicyjnie wykonywanych manewrach i zwodach na boisku.
Oryginalne wzornictwo Spalding, gdzie linie między panelami, również są pokryte skórą kompozytową. Takie zastosowanie jako pierwszy wprowadziła właśnie firma Spalding. I teraz z powodzeniem jest stosowane w najwyżej linii piłek dedykowanych do hali i na zewnątrz z linii TF Advanced 
Grip Control
.


Materiał: Skóra kompozytowa premium
Przeznaczenie: Indoor / Outdoor
Kolor: czarny / pomarańczowy
Rozmiar: 7"
Piłki do koszykówki,Spalding;1;Piłka do koszykówki Spalding TF-50 LayUp;Spalding;54.00;1;100;https://sklepkoszykarski.pl/userdata/public/gfx/6846/Pilka-do-koszykowki-Spalding-TF-50.jpg;"Najnowszy model z serii TF-50 Lay Up. Rewelacyjny chwyt i kontrola. Świetna piłka do rozpoczęcia gry. Bardzo dobre rozwiązanie zapewniające wytrzymałość i rewelacyjną charakterystykę gry. Wytrzymała gumowa powierzchnia. Przeznaczona do gry na zewnątrz (Outdoor). Model doskonały na pierwszą piłkę, bardzo często jest wybierany przez kluby koszykarskie do nauki i treningów w szkołach. Dla już zaawansowanych graczy polecamy kolejne modele z serii TF (150, 250, 500, 1000). Ten model ma bardzo dobry przelicznik ceny do jakości w kategorii piłek gumowych do koszykówki.


Materiał: guma syntetyczna (podwyższonej wytrzymałość)
Przeznaczenie: Outdoor 


Rozmiar: 7 / 6 / 5"
Piłki do koszykówki,Spalding;1;Piłka do kosza dla dzieci Spalding Rookie Gear Outdoor (orange);Spalding;62.00;1;100;https://sklepkoszykarski.pl/userdata/public/gfx/7050/Pilka-do-kosza-dla-dzieci-Spalding-Rookie-Gear-Outdoor-orange.jpg;"Piłka do koszykówki dla dzieci
 firmy 
Spalding
. Wykonana z myślą o najmłodszych koszykarzach do gry na zewnątrz (
Outdoor
), na powierzchniach asfaltowych, jak i z tartanem. Wykonana z wytrzymałej gumy z kolorowym wzorem. Wersja modelu w kolorystyce pomarańczowej zbliżonej do kolorystyki piłek dla profesjonalnych koszykarzy.


Jej waga została pomniejszona o 15%
 względem takich samych piłek w rozmiarze 5, dzięki czemu nadaje się doskonale na pierwsze kroki z koszykówką. Przeznaczona specjalnie do nauki gry, dzięki czemu dziecko nie będzie miało problemów z dorzucaniem jej do obręczy, a dodatkowo mała waga sprzyja nauce prowadzenia piłki. Polecana piłka do nauki gry w koszykówkę dla dzieci.
Powierzchnia: wytrzymała guma
Przeznaczenie: Outdoor (na zewnątrz)
Rozmiar piłki: 5"
Piłki do koszykówki,Spalding;1;Piłka do kosza Spalding NBA Phantom;Spalding;99.00;1;100;https://sklepkoszykarski.pl/userdata/public/gfx/8419/Pilka-do-kosza-Spalding-NBA-Phantom.jpg;"Piłka do koszykówki Spalding Street Phantom
 została zaprojektowana do gry w Streetballa na zewnętrznych boiskach (Outdoor), wykonanych z twardej powierzchni bitumicznej, typu asfalt czy beton. Piłka do kosza Spalding NBA Phantom to model, który posiada czarną tonację z jaskrawymi elementami. W piłce tej została zastosowana technologia - Soft Grip Technology.


Materiał: guma syntetyczna połączona z pianką
Kolor: czarny (black)
Przeznaczenie: Outdoor 
Rozmiar: 7"
Piłki do koszykówki,Spalding;1;Piłka do koszykówki Spalding Phantom;Spalding;99.90;1;100;https://sklepkoszykarski.pl/userdata/public/gfx/7208/Pilka-do-koszykowki-Spalding-Phantom.jpg, https://sklepkoszykarski.pl/userdata/public/gfx/7209/Pilka-do-koszykowki-Spalding-Phantom.jpg;"Piłka do koszykówki Spalding Phantom
 posiada intensywny pomarańczowy kolor uzupełniony o eleganckie akcenty czerni i złota. Ta 
piłka do koszykówki Spalding
 wykonana została z wysokiej jakości gumy i świetnie sprawdzi się na hali, jak i na zewnętrznych boiskach. Model ten posiada udoskonaloną, delikatną powłokę, która zapewnia doskonały chwyt i pełną kontrolę nad grą. 


Materiał: Guma
Przeznaczenie: indoor/outdoor
Rozmiar: 7"
Piłki do koszykówki,Spalding;1;Piłka do koszykówki Spalding NBA Space Jam Tune Squad;Spalding;99.00;1;100;https://sklepkoszykarski.pl/userdata/public/gfx/7052/Pilka-do-koszykowki-Spalding-NBA-Space-Jam-Tune-Squad.jpg, https://sklepkoszykarski.pl/userdata/public/gfx/7053/Pilka-do-koszykowki-Spalding-NBA-Space-Jam-Tune-Squad.jpg;"Piłka do kosza Spalding NBA Space Jam Tune Squad Outdoor 
to idealna piłka do kosza dla fanów Kosmicznego Meczu w roli głównej, którego zagrał sam LeBron James. Film dla każdego fana koszykówki, a szczególnie dobrze nadaje się do wprowadzena i zafascynowania koszykówką dzieci. Model w kolorze niebiesko-czarnym. Produkt limitowany wydany z okazji premiery filmu Space Jam 2.


Rozmiar: 7 / 5
Materiał: Guma"
Piłki do koszykówki,Spalding;1;Piłka do kosza Spalding Graffiti;Spalding;79.00;1;100;https://sklepkoszykarski.pl/userdata/public/gfx/7054/Pilka-do-kosza-Spalding-Grafitti.jpg;"Piłka do kosza Spalding Graffiti 
jest to kontynuacja rozrysowanej piłki. Jako, że jest to w pełni certyfikowana piłka przez ligę koszykarską NBA widnieje na niej duże logo ligi. Wykonana została z wytrzymałej gumy, dzięki czemu nadaje się na każdą pogodę. Można nią grać zarówno na twardych powierzchniach typu asfalt i beton, jak i na powierzchniach miękkich spotykanych na orlikach.


 


Materiał: guma syntetyczna (o podwyższonej wytrzymałość)
Przeznaczenie: Outdoor
Rozmiar: 7"
CZYSZCZENIE MAGAZYNU do -60 %;1;Piłka do koszykówki Spalding Marble;Spalding;79.00;1;100;https://sklepkoszykarski.pl/userdata/public/gfx/7058/Pilka-do-koszykowki-Spalding-Marble.jpg;"Piłka do koszykówki Spalding z serii Marble 
posiada powierzchnię dobrze trzymającą się ręki, wykonana w technologii mieszanych kolorów. Wykorzystana została specjalna technologia barwienia. Unikalne połączenie kolorów na każdej piłce. Doskonała na oryginalny prezent dla koszykarza oraz sposób, żeby Twoja piłka wyróżniała się na boisku podczas gry i treningów.


Rozmiar: 7 /6
Przeznaczenie: Outdoor
Materiał: Guma"
CZYSZCZENIE MAGAZYNU do -60 %;1;Piłka do koszykówki Spalding Marble Black;Spalding;79.00;1;100;https://sklepkoszykarski.pl/userdata/public/gfx/7072/Pilka-do-koszykowki-Spalding-Marble-Black.jpg;"Piłka do koszykówki Spalding z serii Marble
. Powierzchnia dobrze trzymająca się ręki, wykonana w technologii mieszanych kolorów. Wykorzystana została z zastosowaniem specjalnej technologii barwienia. Unikalne połączenie kolorów na każdej piłce. Doskonała na bardzo oryginalny prezent dla koszykarza oraz sposób, żeby Twoja piłka wyróżniała się na boisku podczas gry i treningów.


Każda piłka różni się kolorami rozciągniętych plamek, są one w tych odcieniach, ale każda sztuka może mieć przewagę innego koloru. Dzięki oryginalnemu wyglądowi, każda piłka jest jedyna w swoim rodzaju i tak jak marmur, każda ma lekko inny wzór o kolorystykę.


Rozmiar: 7 / 6
Materiał: Guma
Przeznaczenie: Outdoor"
CZYSZCZENIE MAGAZYNU do -60 %;1;Piłka do koszykówki Spalding Graffiti (orange);Spalding;79.00;1;100;https://sklepkoszykarski.pl/userdata/public/gfx/7079/Pilka-do-koszykowki-Spalding-Graffiti-orange.jpg;"Piłka do kosza Spalding Graffiti
 jest to kontynuacja rozrysowanej piłki. Jako, że jest to w pełni certyfikowana piłka przez ligę koszykarską NBA widnieje na niej duże logo ligi. Wykonana została z wytrzymałej gumy, dzięki czemu nadaje się na każdą pogodę. Można nią grać zarówno na twardych powierzchniach typu asfalt i beton, jak i na powierzchniach miękkich spotykanych na orlikach.


 


Materiał: guma syntetyczna (o podwyższonej wytrzymałość)
Przeznaczenie: Outdoor
Rozmiar: 7"
Piłki do koszykówki,Spalding;1;Piłka do koszykówki Spalding Rookie Gear;Spalding;62.00;1;100;https://sklepkoszykarski.pl/userdata/public/gfx/7080/Pilka-do-koszykowki-Spalding-Rookie-Gear.jpg, https://sklepkoszykarski.pl/userdata/public/gfx/7081/Pilka-do-koszykowki-Spalding-Rookie-Gear.jpg;"Piłka do koszykówki dla dzieci
 firmy 
Spalding
. Wykonana z myślą o najmłodszych koszykarzach do gry na zewnątrz (
Outdoor
), na powierzchniach asfaltowych, jak i z tartanem. Wykonana z wytrzymałej gumy z kolorowym wzorem. Wersja modelu w kolorystyce pomarańczowej zbliżonej do kolorystyki piłek dla profesjonalnych koszykarzy.


Jej waga została pomniejszona o 15%
 względem takich samych piłek w rozmiarze 5, dzięki czemu nadaje się doskonale na pierwsze kroki z koszykówką. Przeznaczona specjalnie do nauki gry, dzięki czemu dziecko nie będzie miało problemów z dorzucaniem jej do obręczy, a dodatkowo mała waga sprzyja nauce prowadzenia piłki. Polecana piłka do kosza do nauki gry w koszykówkę dla dzieci.
Powierzchnia: wytrzymała guma
Przeznaczenie: Outdoor (na zewnątrz)
Rozmiar piłki: 5"
CZYSZCZENIE MAGAZYNU do -60 %;1;Piłka do koszykówki Wilson 3x3 FIBA (outdoor);Wilson;99.00;1;100;https://sklepkoszykarski.pl/userdata/public/gfx/7523/Pilka-do-koszykowki-Wilson-3x3-FIBA-outdoor.jpg, https://sklepkoszykarski.pl/userdata/public/gfx/7524/Pilka-do-koszykowki-Wilson-3x3-FIBA-outdoor.jpg;"Oficjalna piłka do koszykówki, turniejowa przeznaczona do rozgrywek 3x3 Wilson zatwierdzona przez organizację FIBA w wersji outdoorowej. Wykonana z wysokiej jakości gumy z powierzchnią w technologii Wave Triple Threat, której kształt fali daje niesamowite czucie i kontrolę nad piłką. Model tak jak wszystkie piłki dla męskich i damskich rozgrywek 3x3 Wilson jest wykonany w rozmiarze 6, ale posiada wagę piłek w rozmiarze 7. 3x3 jest to coraz bardziej zyskujący na popularności typ rozgrywek, gdzie gra się drużynami złożonymi z 3 zawodników. Rozgrywki te oficjalnie już zagościły podczas igrzysk Olimpijskich i są coraz częściej grane podczas amatorskich spotkań na halach sportowych przez fanów koszykówki.


- zaakceptowana przez FIBA
- technologia Wave Triple Threat 
- 
rozmiar 6 z wagą rozmiaru 7
- głębokie kanały zapewniające lepszy chwyt
- materiał: guma
- przeznaczenie: Outdoor"
Piłki do koszykówki,Spalding;1;Piłka do koszykówki Spalding Marble (czerwona/biala/niebieska);Spalding;84.99;1;100;https://sklepkoszykarski.pl/userdata/public/gfx/7099/pilka-do-koszykowki-spalding-marble-czerwona-biala-niebieska.png, https://sklepkoszykarski.pl/userdata/public/gfx/7100/pilka-do-koszykowki-spalding-marble-czerwona-biala-niebieska.png;"Piłka do koszykówki Spalding Marble żółta
 to doskonały wybór dla graczy, którzy chcą wyrazić swój styl na boisku. Seria Spalding Marble oferuje 
piłki do kosza
 w wielu kolorach z unikalnymi nadrukami, co pozwala zawodnikom wyróżnić się na boisku. Prezentowana piłka do koszykówki Spalding posiada solidną powłokę, a wysokiej jakości guma sprawia, że piłka jest wyjątkowo trwała i nadaje się do gry na zewnątrz. Dzięki starannemu wykonaniu i dbałości o szczegóły, te piłki mogą być używane jako piłki treningowe, zapewniając trwałość, równomierne odbicie i komfortową grę. Każda piłka ma niepowtarzalną mieszankę kolorów, co sprawia, że są wyjątkowe i charakterystyczne. Świetna na oryginalny prezent dla fana koszykówki!


 


Rozmiar: 7
Materiał: Guma
Przeznaczenie: Outdoor"
Piłki do koszykówki,Spalding;1;Piłka do koszykówki Spalding Marble Pink;Spalding;119.00;1;100;https://sklepkoszykarski.pl/userdata/public/gfx/7071/Pilka-do-koszykowki-Spalding-Marble-Pink.jpg;"Piłka do koszykówki Spalding z serii Marble.
 Powierzchnia dobrze trzymająca się ręki, wykonana w technologii mieszanych kolorów. Wykorzystana została specjalna technologia barwienia. Unikalne połączenie kolorów na każdej piłce. Różowa piłka do koszykówki idealna na bardzo oryginalny prezent dla koszykarza lub koszykarki oraz sposób, żeby Twoja piłka wyróżniała się na boisku podczas gry i treningów. 


Rozmiar: 7 / 6
Materiał: Guma
Przeznaczenie: Outdoor"
Piłki do koszykówki,Spalding;1;Piłka do koszykówki Spalding Graffiti (black/red);Spalding;99.00;1;100;https://sklepkoszykarski.pl/userdata/public/gfx/7073/Pilka-do-koszykowki-Spalding-Graffiti-blackred.jpg;"Piłka do kosza Spalding Graffiti 
jest to kontynuacja rozrysowanej piłki. Jako, że jest to w pełni certyfikowana piłka przez ligę koszykarską NBA widnieje na niej duże logo ligi. Wykonana została z wytrzymałej gumy, dzięki czemu nadaje się na każdą pogodę. Można nią grać zarówno na twardych powierzchniach typu asfalt i beton, jak i na powierzchniach miękkich spotykanych na orlikach.


 


Materiał: guma syntetyczna (o podwyższonej wytrzymałość)
Przeznaczenie: Outdoor
Rozmiar: 7"
Piłki do koszykówki,Spalding;1;Piłka do koszykówki Spalding TF Tack Soft;Spalding;179.00;1;100;https://sklepkoszykarski.pl/userdata/public/gfx/7074/Pilka-do-koszykowki-Spalding-TF-Tack-Soft.jpg;"Piłka do koszykówki z serii
 TF Tack Soft
. Przeznaczona zarówno do gry w hali (Indoor), jak i na zewnątrz (Outdoor) na powierzchnie bitumiczne (beton i asfalt). Nowoczesne rozwiązania odnośnie wytrzymałości i prowadzenia gry. Pokrycie z materiału kompozytowego premium daje niesamowity chwyt i lepszą kontrolę nad trakcją. Skóra kompozytowa daje miękki dotyk i lepsze utrzymywanie piłki.


 


Materiał: Skóra kompozytowa
Zastosowanie: Indoor / Outdoor
Rozmiar: 7"
Piłki do koszykówki,Spalding;1;Piłka do koszykówki Spalding TF Max Grip;Spalding;159.00;1;100;https://sklepkoszykarski.pl/userdata/public/gfx/7075/max-grip-control-spalding.jpg;"Piłka do koszykówki 
Spalding Grip Control Indoor/Outdoor
 zaprojektowana by wytrzymać każdą nawierzchnię, zarówno na hali, jak i na zewnątrz. Posiada nowo zaprojektowaną powierzchnię ze skóry kompozytowej z głębszą strukturą, która idealnie trzyma się ręki i pozwala na lepszą kontrolę podczas ruchu w grze. Odpowiednio dobrana miękkość skóry zwiększa czucie piłki i pomaga przy intuicyjnie wykonywanych manewrach i zwodach na boisku


Materiał: Skóra kompozytowa premium
Przeznaczenie: Indoor / Outdoor
Rozmiar: 7"
Piłki do koszykówki,Spalding;1;Piłka do koszykówki Spalding Graffiti;Spalding;139.00;1;100;https://sklepkoszykarski.pl/userdata/public/gfx/7076/Pilka-do-koszykowki-Spalding-Graffiti.jpg;"Piłka do kosza Spalding Graffiti 
jest to kontynuacja rozrysowanej piłki. Jako, że jest to w pełni certyfikowana piłka przez ligę koszykarską NBA widnieje na niej duże logo ligi. Wykonana została z wytrzymałej gumy, dzięki czemu nadaje się na każdą pogodę. Można nią grać zarówno na twardych powierzchniach typu asfalt i beton, jak i na powierzchniach miękkich spotykanych na orlikach.


 


Materiał: guma syntetyczna (o podwyższonej wytrzymałość)
Przeznaczenie: Outdoor
Rozmiar: 7"
Piłki do koszykówki,Spalding;1;Piłka do koszykówki Spalding Graffiti (blue);Spalding;99.00;1;100;https://sklepkoszykarski.pl/userdata/public/gfx/7084/pilka-spalding-graffiti-blue.jpg;"Piłka do kosza Spalding Graffiti
 jest to kontynuacja rozrysowanej piłki. Jako, że jest to w pełni certyfikowana piłka przez ligę koszykarską NBA widnieje na niej duże logo ligi. Wykonana została z wytrzymałej gumy, dzięki czemu nadaje się na każdą pogodę. Można nią grać zarówno na twardych powierzchniach typu asfalt i beton, jak i na powierzchniach miękkich spotykanych na orlikach.


 


Materiał: guma syntetyczna (o podwyższonej wytrzymałość)
Przeznaczenie: Outdoor
Rozmiar: 7"
Piłki do koszykówki,Spalding;1;Piłka do koszykówki Spalding Neverflat Max;Spalding;199.00;1;100;https://sklepkoszykarski.pl/userdata/public/gfx/7085/Pilka-do-koszykowki-Spalding-Neverflat-Max.jpg;"Piłka do koszykówki
 Spalding 
Neverflat MAX Indoor/Outdoor
 z unikatowym rozwiązaniem opatentowanym (technologia NitroFlate) przez firmę Spalding. Dzięki zastosowanemu korpusowi oraz specjalnemu wentylowi, piłka utrzymuje powietrze do 10 razy dłużej niż tradycyjne piłki do kosza. Dodatkowo zapewnia jednakowy poziom odbicia przez co najmniej 1 rok. 


Oprócz tego piłka posiada bardzo dobry chwyt i kontrolę, dzięki zastosowaniu świetnej jakości skóry kompozytowej przeznaczonej do gry na zewnątrz i na hali. Odpowiednio dobrana miękkość i zagłębienie kanalików dają świetną charakterystykę gry.




Materiał: Skóra kompozytowa
Przeznaczenie: Indoor / Outdoor
Rozmiar: 7"
Piłki do koszykówki,Spalding;1;Piłka do koszykówki Spalding Advanced Grip Control rozmiar 7;Spalding;189.00;1;100;https://sklepkoszykarski.pl/userdata/public/gfx/7210/Pilka-do-koszykowki-Spalding-Advanced-Grip-Control-rozmiar-7.jpg, https://sklepkoszykarski.pl/userdata/public/gfx/7211/Pilka-do-koszykowki-Spalding-Advanced-Grip-Control-rozmiar-7.jpg;"Piłka do koszykówki Spalding Advanced Grip Control rozmiar 7
 zaprojektowana specjalnie po to, abyś mógł utrzymać kontrolę nad grą nawet w najbardziej wymagających sytuacjach na boisku. Jej powierzchnia wykonana jest z najwyższej jakości kompozytu gwarantuje nie tylko wytrzymałość, ale także doskonałą wydajność na każdym rodzaju podłoża. Dzięki temu nie musisz się martwić o warunki w jakich grasz. Ta 
piłka do koszykówki Spalding
 została ulepszona poprzez dodanie teksturowanych kanałów, co istotnie zwiększa możliwość chwytu. Ponadto wyróżnia się niezwykłą delikatnością połączeń, co przekłada się na zwiększoną kontrolę.


 


Materiał: kompozyt
Rozmiar: 7
Przeznaczenie: indoor / outdoor"
Prezent dla koszykarza;1;Piłka do koszykówki Spalding Advanced Grip Control rozmiar 7;Spalding;189.00;1;100;https://sklepkoszykarski.pl/userdata/public/gfx/7210/Pilka-do-koszykowki-Spalding-Advanced-Grip-Control-rozmiar-7.jpg, https://sklepkoszykarski.pl/userdata/public/gfx/7211/Pilka-do-koszykowki-Spalding-Advanced-Grip-Control-rozmiar-7.jpg;"Piłka do koszykówki Spalding Advanced Grip Control rozmiar 7
 zaprojektowana specjalnie po to, abyś mógł utrzymać kontrolę nad grą nawet w najbardziej wymagających sytuacjach na boisku. Jej powierzchnia wykonana jest z najwyższej jakości kompozytu gwarantuje nie tylko wytrzymałość, ale także doskonałą wydajność na każdym rodzaju podłoża. Dzięki temu nie musisz się martwić o warunki w jakich grasz. Ta 
piłka do koszykówki Spalding
 została ulepszona poprzez dodanie teksturowanych kanałów, co istotnie zwiększa możliwość chwytu. Ponadto wyróżnia się niezwykłą delikatnością połączeń, co przekłada się na zwiększoną kontrolę.


 


Materiał: kompozyt
Rozmiar: 7
Przeznaczenie: indoor / outdoor"
Piłki do koszykówki,Spalding;1;Piłka do koszykówki TF Pro Grip Indoor/Outdoor;Spalding;199.00;1;100;https://sklepkoszykarski.pl/userdata/public/gfx/7408/Pilka-NBA-TF-Pro-Grip-IndoorOutdoor.jpg;"Piłka do koszykówki 
Spalding Pro Grip Indoor/Outdoor
 zaprojektowana by wytrzymać każdą nawierzchnię, zarówno na hali, jak i na zewnątrz. Posiada nowo zaprojektowaną powierzchnię ze skóry kompozytowej z głębszą strukturą, która idealnie trzyma się ręki i pozwala na lepszą kontrolę podczas ruchu w grze. Odpowiednio dobrana miękkość skóry zwiększa czucie piłki i pomaga przy intuicyjnie wykonywanych manewrach i zwodach na boisku


Jest to kontynuacja bardo popularnego modelu z przed lat piłki 
Spalding Grip Control Indoor / Outdoor
.


Materiał: Skóra kompozytowa premium
Przeznaczenie: Indoor / Outdoor
Rozmiar: 7"
Piłki do koszykówki,Spalding;1;Piłka do koszykówki Spalding Marble Series Outdoor;Spalding;84.99;1;100;https://sklepkoszykarski.pl/userdata/public/gfx/7631/Pilka-do-koszykowki-Spalding-Marble-Series-Outdoor.gif, https://sklepkoszykarski.pl/userdata/public/gfx/7632/Pilka-do-koszykowki-Spalding-Marble-Series-Outdoor.gif;"Piłka do koszykówki Spalding Marble Series Outdoor
 to piłka do koszykówki idealna na orlikowe boiska. Jej niebanalny, marmurowy nadruk wyróżnia ją spośród innych, sprawiając, że każda
 piłka Spalding
 z tego modelu jest unikatowa. Prezentowana 
piłka do kosza Spalding 7
 posiada trwałą zewnętrzną powłokę oraz elegancko wytłoczone logo, podkreślając jej wyjątkowość. Każdy egzemplarz w serii jest jedyny w swoim rodzaju. Zaprojektowana specjalnie do użytku zewnętrznego, wykonana z najwyższej klasy gumy, odporna na ścieranie, gwarantuje długotrwałą wytrzymałość. 
Piłka do koszykówki Spalding Marble Series Outdoor 
posiada estetyczny design w szarym odcieniu z akcentami czerwono-niebieskimi dodaje stylu.


Rozmiar: 7
Materiał: guma
Przeznaczenie: outdoor"
Piłki do koszykówki,Spalding;1;Piłka do koszykówki Spalding Marble r.7;Spalding;84.99;1;100;https://sklepkoszykarski.pl/userdata/public/gfx/7633/Pilka-do-koszykowki-Spalding-Marble-r.7.gif, https://sklepkoszykarski.pl/userdata/public/gfx/7634/Pilka-do-koszykowki-Spalding-Marble-r.7.gif;"Piłka do koszykówki Spalding Marble r.7
 jest idealna na zewnętrzne boiska. Charakteryzuje się unikatowym, marmurowym nadrukiem. Każdy egzemplarz jest wyjątkowy.
 Piłka Spalding
 ma trwałą powłokę i elegancko wytłoczone logo. Jest zaprojektowana do użytku na zewnątrz i wykonana z wysokiej jakości gumy, co zapewnia odporność na ścieranie i długotrwałość. Jej szary kolor z czerwono-niebieskimi akcentami dodaje stylu.


 


Rozmiar: 7
Materiał: guma
Przeznaczenie: outdoor
Model: 
Piłka do koszykówki Spalding Marble r.7"
CZYSZCZENIE MAGAZYNU do -60 %;1;Piłka do kosza Spalding TF-500 Excel;Spalding;147.00;1;100;https://sklepkoszykarski.pl/userdata/public/gfx/7891/Pilka-do-koszykowki-Spalding-TF-500-Excel.jpg;"Spalding TF-500
 to piłka do koszykówki, która doskonale sprawdzi się zarówno na hali, jak i na boiskach zewnętrznych, takich jak asfaltowe czy betonowe. Dzięki zastosowaniu wysokiej jakości skóry kompozytowej, wzbogaconej o wytrzymałą osłonę nylonową, model TF-500 oferuje świetną odporność na ścieranie i niezawodną trwałość. Te właściwości sprawiają, że piłka jest jednym z najpopularniejszych wyborów na boiska Orlik, gdzie dominują nawierzchnie typu tartan.


Wyjątkowe rozwiązania konstrukcyjne, takie jak szerokie kanały oraz innowacyjna powierzchnia odprowadzająca wilgoć, sprawiają, że 
piłka do koszykówki Spalding TF-500
 zapewnia maksymalną kontrolę nad piłką i wyjątkową przyczepność. Jej miękki chwyt i elastyczność materiału wspierają precyzyjne prowadzenie i kontrolę przy kozłowaniu, co jest kluczowe zarówno podczas treningów, jak i intensywnych rozgrywek.


Dane techniczne piłki do kosza Spalding TF-500
:




Przeznaczenie
: Indoor / Outdoor


Materiał
: Skóra kompozytowa z osłoną nylonową


Rozmiar
: 7 / 6 / 5




Spalding TF-500
 to wybór dla koszykarzy szukających profesjonalnych osiągów i wytrzymałości w każdych warunkach – niezależnie od poziomu zaawansowania."
Piłki do koszykówki,Wilson;1;Piłka do koszykówki Wilson NBA DRV Plus Dazzle Camo Outdoor;Wilson;129.00;1;100;https://sklepkoszykarski.pl/userdata/public/gfx/7970/Pilka-do-koszykowki-Wilson-NBA-DRV-Plus-Dazzle-Camo-Outdoor---dynamiczny-wzor-w-stylu-Dazzle-Camo-z-logo-Wilson-i-NBA..png, https://sklepkoszykarski.pl/userdata/public/gfx/7971/Pilka-Wilson-NBA-DRV-Plus%2C-solidna-konstrukcja-do-gry-na-swiezym-powietrzu%2C-wzor-w-stylu-kamuflazu-Dazzle..png;"Wilson NBA DRV Plus Dazzle Camo Outdoor
 to idealna piłka do gry na świeżym powietrzu.


Piłka do koszykówki Wilson NBA DRV Plus Dazzle Camo Outdoor to model stworzony z myślą o zawodnikach, którzy nie boją się wyzwań. Wytrzymała powłoka 
All Surface Cover
 została zaprojektowana specjalnie z myślą o zewnętrznych boiskach, zapewniając niezrównaną trwałość i świetny chwyt. Bez względu na to, czy grasz na asfalcie, betonie czy tartanie, ta piłka Wilson sprawdzi się perfekcyjnie.


Technologia Pressure Lock Bladder
 pozwala na dłuższe utrzymywanie odpowiedniego ciśnienia, co oznacza mniej pompowania i więcej gry. Konstrukcja kanałów NBA Pro Seams ułatwia prowadzenie piłki koszykarskiej oraz zwiększa kontrolę podczas precyzyjnych podań i rzutów. Z oficjalnym logotypem NBA i klasycznym napisem Wilson, ta piłka jest ucieleśnieniem jakości i stylu.


Sięgnij po 
piłkę do koszykówki Wilson NBA DRV Plus Dazzle Camo Outdoor
 i przekonaj się, jak komfortowa może być gra dzięki nowoczesnym technologiom i sprawdzonej konstrukcji. Ta piłka to idealny wybór dla każdego miłośnika koszykówki, który oczekuje najwyższej jakości i wytrzymałości.








Rozmiar


5 /6 / 7






Przeznaczenie


Outdoor






Materiał


Dobrej jakości guma"
CZYSZCZENIE MAGAZYNU do -60 %;1;Piłka do koszykówki Spalding NBA Sketch Robot;Spalding;79.00;1;100;https://sklepkoszykarski.pl/userdata/public/gfx/8175/Pilka-do-koszykowki-Spalding-NBA-Sketch-Robot.jpg, https://sklepkoszykarski.pl/userdata/public/gfx/8174/Pilka-do-koszykowki-Spalding-NBA-Sketch-Robot-widok-grafiki-z-tylu-pilki.jpg;"Piłka do koszykówki Spalding NBA Sketch Robot
 to coś więcej niż klasyczna pomarańczowa piłka. Jej dynamiczny, graficzny design z serii 
NBA Sketch
 przyciąga wzrok i wyróżnia się na każdym boisku. Idealna dla tych, którzy chcą grać z charakterem.
Ta
 piłka do koszykówki
 została stworzona do gry na świeżym powietrzu – na boiskach ulicznych, asfaltowych i szkolnych. Dzięki wytrzymałej, gumowej powierzchni i formowanej strukturze zapewnia trwałość, odporność na ścieranie i świetny chwyt – nawet podczas intensywnej gry.
Piłka do koszykówki 7
 i tradycyjna 8-panelowa konstrukcja gwarantują komfort i kontrolę, jakiej potrzebuje każdy fan koszykówki. Wysokiej jakości balon utrzymuje optymalne ciśnienie, a nylonowy oplot wzmacnia całą konstrukcję, zapewniając długą żywotność.
Jeśli szukasz 
prezent dla koszykarza
, który wyróżni się wyglądem, a przy tym wytrzyma niejeden mecz na zewnątrz – Spalding NBA Sketch Robot jest dla Ciebie. Wybierz jakość sprawdzoną w NBA i graj tak, jak lubisz najbardziej!
Rozmiar
 : 7
Przeznaczenie
: Outdoor
Materiał
: Guma"
CZYSZCZENIE MAGAZYNU do -60 %;1;Piłka do koszykówki Spalding NBA Oklahoma City Thunder;Spalding;99.00;1;100;https://sklepkoszykarski.pl/userdata/public/gfx/8176/Pilka-do-koszykowki-Spalding-NBA-Oklahoma-City-Thunder.jpg, https://sklepkoszykarski.pl/userdata/public/gfx/8177/Pilka-do-koszykowki-Spalding-NBA-Oklahoma-City-Thunder-widok-z-tylu.jpg;"Piłka do koszykówki Spalding NBA Oklahoma City Thunder
 to idealna propozycja dla fanów NBA i drużyny Thunder. Jej dynamiczny design i oficjalne logo klubu sprawiają, że od razu wyróżnia się na boisku. Ta 
piłka do koszykówki Spalding
 wykonana została z trwałej gumy i zaprojektowana z myślą o grze na zewnątrz – doskonale sprawdza się na asfalcie, betonie czy tartanie. Formowana struktura i głębokie kanaliki zapewniają pewny chwyt w każdych warunkach.
Dzięki rozmiarowi 7 i konstrukcji wzorowanej na oficjalnych piłkach NBA, masz pewność, że grasz sprzętem dopasowanym do Twoich potrzeb – na treningu, lekcji WF czy w czasie rekreacyjnej gry.


Zamów i ruszaj do gry.
Postaw na jakość Wilson i sięgnij po 
piłkę do koszykówki Spalding NBA Oklahoma City Thunder
 – bo sport zaczyna się od dobrego wyboru.


Materiał
: Guma
Rozmiar
: 7
Przeznaczenie
: Outdoor"
CZYSZCZENIE MAGAZYNU do -60 %;1;Piłka do koszykówki Spalding NBA Team Collection;Spalding;99.00;1;100;https://sklepkoszykarski.pl/userdata/public/gfx/8181/Pilka-do-koszykowki-Spalding-NBA-Team-Collection-z-kolorowymi-logotypami-druzyn-NBA%2C-widok-centralny.jpg, https://sklepkoszykarski.pl/userdata/public/gfx/8180/Spalding-NBA-Team-Collection-pilka-do-koszykowki-outdoor%2C-widok-paneli-z-logotypami-i-czarna-powierzchnia.jpg;"Piłka do koszykówki Spalding NBA Team Collection
 to doskonały wybór dla fanów NBA, którzy kibicują nie jednej, a kilku drużynom. Wyrazisty design i oficjalna licencja sprawiają, że wyróżnia się nie tylko wyglądem, ale i jakością. Ta piłka do kosza to świetny pomysł na 
prezent dla koszykarza
.


Stworzona do gry na zewnątrz, została wyposażona w formowaną, gumową powierzchnię, która zapewnia pewny chwyt i odporność na ścieranie. Tradycyjna konstrukcja 8-panelowa i rozmiar 7 gwarantują komfort i kontrolę na każdym poziomie gry.


Wytrzymała dętka i nylonowy oplot dbają o utrzymanie ciśnienia i trwałość 
piłki do koszykówki
, nawet przy intensywnym użytkowaniu na betonie czy asfalcie.


Nie czekaj – wybierz 
Spalding NBA Team Collection
 i graj jak zawodowiec, gdziekolwiek jesteś.


Rozmiar
: 7
Materiał
: Guma
Przeznaczenie
: Outdoor"
Piłki do koszykówki,Spalding;1;Piłka do koszykówki Wilson EVO NXT Game Ball Primera FEB;Wilson;329.00;1;100;https://sklepkoszykarski.pl/userdata/public/gfx/8221/Pilka-do-koszykowki-Wilson-Evo-NXT-Game-Ball-Primera-FEB.jpg, https://sklepkoszykarski.pl/userdata/public/gfx/8217/Pilka-do-kosza-Wilson-Evo-NXT-Primera-FEB--idealna-do-gry-w-hali.jpg;"Piłka do koszykówki Wilson Evo NXT Game Ball Primera FEB
 to perfekcyjne połączenie nowoczesnych technologii i komfortu gry. Stworzona z myślą o grze 
do koszykówki
 w warunkach halowych, oferuje niesamowite czucie dzięki miękkiej konstrukcji Super Soft Core oraz zaawansowanemu pokryciu Micro-Touch Composite Leather.


Każdy koszykarz doceni 
piłkę do kosza Wilson Evo NXT Game Ball Primera FEB
 za idealnie wyważoną strukturę kanałów Composite Pebbled Channels, zwiększającą kontrolę w kluczowych momentach meczu. Ta 
piłka do koszykówki Wilson
 wyróżnia się nie tylko wyglądem, ale i funkcjonalnością, stając się niezastąpionym elementem dla każdego, kto poważnie traktuje grę. Jeśli potrzebna Ci jest 
profesjonalna piłka do koszykówki
, wilson piłka do kosza spełni wszystkie Twoje oczekiwania.


Rozmiar: 7
Materiał: Skóra kompozytowa
Przeznaczenie: Indoor"
CZYSZCZENIE MAGAZYNU do -60 %;1;Piłka do koszykówki Wilson NBA Authentic In/Out;Wilson;149.00;1;100;https://sklepkoszykarski.pl/userdata/public/gfx/7438/Pilka-do-koszykowki-Wilson-NBA-Authentic-InOut.jpg, https://sklepkoszykarski.pl/userdata/public/gfx/7439/Pilka-do-koszykowki-Wilson-NBA-Authentic-InOut.jpg;"Piłka do koszykówki Wilson NBA Authentic Indoor/Outdoor
 to model stworzony specjalnie do gry zarówno na hali, jak i na zewnątrz. Ta 
piłka do koszykówki Wilson
 wykonana jest z najwyższej jakości skóry kompozytowej, wzmocnionej dodatkową osłoną nylonową, co znacząco zwiększa jej trwałość i odporność na ścieranie, szczególnie podczas intensywnej gry na zewnątrz. Z powodzeniem może być wykorzystywana do gry na Orliku na powierzchni tartanowej czy na boiskach koszykarskich z powierzchnią asfaltowej, czy kostce. Jest to najpopularniejszy model piłki do koszykówki Wilson i najchętniej wybierany przez koszykarzy do gry amatorskiej. Jest to oryginalny produkt certyfikowany przez ligę NBA.




Przeznaczenie
: Indoor / Outdoor
Materiał
: Skóra kompozytowa
Rozmiar
: 7"
CZYSZCZENIE MAGAZYNU do -60 %;1;Piłka do koszykówki Wilson NBA All Team In/Out;Wilson;129.00;1;100;https://sklepkoszykarski.pl/userdata/public/gfx/7423/Pilka-do-koszykowki-Wilson-NBA-All-Team-InOut.jpg, https://sklepkoszykarski.pl/userdata/public/gfx/7424/Pilka-do-koszykowki-Wilson-NBA-All-Team-InOut.jpg;"Piłka do koszykówki 
Wilson NBA All Teams
 dedykowana do gry na zewnątrz i na hali. Wykonana z wysokiej jakości skóry kompozytowej. Oryginalne wzornictwo czerni, gdzie widnieją logotypy poszczególnych klubów NBA. To model piłki koszykarskiej, który nie tylko pozwoli Ci wyróżnić się na boisku, ale będzie idealnym prezentem dla każdego fana koszykówki NBA. Piłką można grać na tartanie, na asfalcie, jak i kostce brukowej, dzięki wzmocnionej konstrukcji. Oczywiście tym bardziej nadaje się również na grę na sali, jako, że jest to dedykowany model do gry indoor, jak i outdoor.
Wilson już od prawie 100 lat jest związany z koszykówką i był pierwszą piłką, którą grano w amerykańskiej lidze 
NBA
. Jest znany z produktów najwyższej jakości nie tylko w koszykówce, ale także w innych dyscyplinach sportowych. Piłka do koszykówki Wilson w kolorze czarnym pozwoli wyróżnić się w otoczeniu. 


Rozmiar: 7
Przeznaczenia: Indoor (na halę) i Outdoor (na zewnątrz)
Materiał: 100% skóra kompozytowa"
Prezent dla koszykarza;1;Piłka do koszykówki Wilson NBA Authentic (outdoor);Wilson;119.00;1;100;https://sklepkoszykarski.pl/userdata/public/gfx/7433/Pilka-do-koszykowki-Wilson-NBA-Authentic-outdoor.jpg, https://sklepkoszykarski.pl/userdata/public/gfx/7434/Pilka-do-koszykowki-Wilson-NBA-Authentic-outdoor.jpg;"Piłka do koszykówki Wilson NBA Authentic Outdoor
 została stworzona z myślą o grze na zewnątrz. Będzie idealna na boiska Orlik, gdzie występuje nawierzchnia tartan, ale także wytrzyma cięższe warunki na asfalt czy kostka brukowa. Ta piłka do koszykówki została wykonana z najwyższej jakości gumy, zachowuje standardy doskonałej jakości. Dzięki wytrzymałemu materiałowi, można nią swobodnie grać na różnych rodzajach boisk. Guma została zmiękczone w procesie produkcyjny, dzięki czemu ma wyjątkowy dobry chwyt i posiada rzadko spotykaną miękkość w piłkach gumowych. Dzięki czemu ma doskonały chwyt oraz prowadzenie przy kozłowaniu. Jest to bardzo polecany model ze wszystkich piłek dedykowanych do gry na zewnątrz (outdoor).


Na produkcie nadrukowano firmowe logo marki Wilson oraz logotyp ligi NBA potwierdzające jego autentyczność. Piłka do koszykówki Wilson NBA Authentic (outdoor) jest oryginalnym produktem z licencją ligi NBA.
Przeznaczenie: na zewnątrz (outdoor)
Materiał: wysokiej jakości guma
Rozmiar: 7 / 6 / 5"
Prezent dla koszykarza;1;Piłka do koszykówki Wilson NCAA Replica In/Out;Wilson;149.00;1;100;https://sklepkoszykarski.pl/userdata/public/gfx/7428/Pilka-do-koszykowki-Wilson-NCAA-EVO-NXT-InOut.jpg, https://sklepkoszykarski.pl/userdata/public/gfx/7429/Pilka-do-koszykowki-Wilson-NCAA-EVO-NXT-InOut.jpg;"Piłka do koszykówki 
Wilson NCAA EVO NXT
 In/Out jest uniwersalną piłką dedykowana do gry na zewnątrz (na orlik) i na hali. Do grania zarówno na betonowych nawierzchniach, jak i Orlikach z tartanami, a także na parkietach. Wykonana została z wysokiej jakości skóry kompozytowej. Nawet przerwy między kanałami zostały naciągnięte paskiem skóry kompozytowej, co nie tylko daje ekskluzywny wygląd, ale także daję pewny chwyt.


Ta 
piłki do koszykówki Wilson NCAA Replica In/Out
 posiada wydajną kompozytową osłoną i wbudowanymi kanałami zapewniającymi spójną teksturę i kontrolę. Pierwszorzędny rdzeń utrzymuje ciśnienie powietrza, zapewniając niezawodne odbicie przez całą grę. Wzorowana jest na jej modelu halowym 
Wilson NXT EVO
, która przez wielu jest uważana za najlepszą piłkę do gry na hali. Naszym zdaniem jest to model uniwersalny, który jako jedyny posiada bardzo głębokie zagłębienia między panelami, które przypominają piłki typowo na salę. Co jest jest wyróżnikiem. Osobiście najbardziej ze wszystkich modeli polecamy właśnie ten do gry na zewnątrz, ponieważ posiada charakterystykę piłkę na halę, a można nią grać na zewnątrz. Idealne połączenie.
Model sygnowany serią EVO NXT, czyli najwyższy model piłek Wilsona ze skóry kompozytowej, która według nas jest ogólnie najlepszą linią jeśli chodzi o piłki do koszykówki, zarówno do gry na hali (indoor), jak i do gry na zewnatrz (outdoor).


Rozmiar: 7
Przeznaczenia: Indoor (na halę) i Outdoor (na zewnątrz)
Materiał: 100% skóra kompozytowa"
Prezent dla koszykarza;1;Piłka do koszykówki Wilson Reaction Pro In/Out;Wilson;139.00;1;100;https://sklepkoszykarski.pl/userdata/public/gfx/7421/Pilka-do-koszykowki-Wilson-Reaction-Pro.jpg;"Piłka do koszykówki Wilson Reaction Pro
 jest to model dedykowany 
do gry na hali i na zewnątrz
. Do jej produkcji wykorzystano najwyższej jakości skórę kompozytową z dodatkową osłoną nylonową, która ma za zadanie zwiększyć jej odporność na ścieranie i wytrzymałość w warunkach gry na zewnątrz. Wysokiej klasy wykonanie, a także wzornictwo. Czarne linie między panelami są dodatkowo oklejone skórą kompozytową, także w modelu nie znajdziemy nigdzie ""gołej"" gumy. Takie wykonanie charakteryzuje tylko najwyższej klasy piłki do koszykówki tak jak przedstawiany model. Dzięki temu można grać piłką Wilson zarówna na tartanie na Orlikach, jak i na powierzchniach asfaltowych, betonowych czy na kostce i innych zwykłych boiskach koszykarskich.


 


Piłka Wilson NBA Reaction Pro jest to idealny model w przeliczeniu ceny do jakości.


Przeznaczenie: Indoor / Outdoor
Materiał: Skóra kompozytowa
Rozmiar: 7 / 6 /5"
Piłki do koszykówki,Wilson;1;Meczowa piłka do koszykówki na halę Wilson EVO NXT FIBA;Wilson;329.00;1;100;https://sklepkoszykarski.pl/userdata/public/gfx/6847/Meczowa-pilka-do-koszykowki-na-hale-Wilson-EVO-NXT.jpg, https://sklepkoszykarski.pl/userdata/public/gfx/6848/Meczowa-pilka-do-koszykowki-na-hale-Wilson-EVO-NXT.jpg;"Oficjalna meczowa piła do koszykówki Wilson EVO NXT.
 Przez wielu koszykarzy uważana za najlepszą piłkę do gry na hali. Ma niesamowity chwyt i miękkość,  która przewyższa inne popularne piłki do gry na hali. Niektórzy mówią o tej piłce do koszykówki, że to jest miłość od pierwszego dotyku. Piłka charakteryzuje się bardzo wysoką jakością wykonania, nawet kanały między panelami, czyli czarne linię, zostały pokryte czarną warstwą skóry kompozytowej, która jest idealnie dopasowana do paneli. Nie bez powodu jest to piłka meczowa tak bardzo chętnie wybierana przez koszykarzy. My również uważamy, że jest to najlepsza do tej pory wyprodukowana piłka do koszykówki.
Zastosowane technologie w piłce 
Wilson Evo NXT
:
- Micro-Touch Cover: Dwuwarstwowa powierzchnia zapewnia lepszą przyczepność, kontrolę i regulację wilgotności
- technologia Extended Range: Super miękki rdzeń dla optymalnej równowagi piłki dla łatwiejszej dokładności dystansu
- głębokie kanały zapewniające lepszy chwyt


Rozmiar: 7
Przeznaczenia: Indoor (na halę)
Materiał: 100% skóra kompozytowa"
CZYSZCZENIE MAGAZYNU do -60 %;1;Piłka do koszykówki Wilson NBA DRV Plus;Wilson;89.00;1;100;https://sklepkoszykarski.pl/userdata/public/gfx/6944/Pilka-do-koszykowki-Wilson-NBA-DRV-Plus.jpg, https://sklepkoszykarski.pl/userdata/public/gfx/6945/Pilka-do-koszykowki-Wilson-NBA-DRV-Plus.jpg;"Piłka do koszykówki Wilson NBA DVR Plus 
jest to model dedykowany 
do gry na zewnątrz,
 jednak z powodzeniem można nią również grać na hali. Do jej produkcji wykorzystano najwyższej jakości gumę, w dotyku jest bardzo chwytliwa i wręcz sama trzyma się ręki. Idealna dla wszystkich fanów ligi NBA, którzy potrzebują piłki wytrzymałej na zewnątrz. Oprócz znakomitych właściwości fizycznych piłka również posiada idealny wygląd. Duże kolorowe logo NBA, a przy tym zachowany oryginalny wygląd.


Przeznaczenie: Outdoor
Materiał: guma
Rozmiar: 7 / 6 / 5"
Piłki do koszykówki,Wilson;1;Piłka do koszykówki Wilson 2024 NBA All Star Collector;Wilson;199.00;1;100;https://sklepkoszykarski.pl/userdata/public/gfx/7219/Pilka-do-koszykowki-Wilson-2024-NBA-All-Star-Collector.jpg, https://sklepkoszykarski.pl/userdata/public/gfx/7220/Pilka-do-koszykowki-Wilson-2024-NBA-All-Star-Collector.jpg;"Piłka do koszykówki Wilson 2024 NBA All Star Collector
  wykonana jest z wytrzymałej skóry kompozytowej, ta piłka oficjalnie licencjonowana przez NBA, została specjalnie zaprojektowana na mecz gwiazd 2024 w Indianapolis. Dzięki wyjątkowym kanalikom odprowadzającym wilgoć gwarantuje niezrównaną przyczepność, umożliwiając precyzyjne trzymanie nawet podczas najbardziej intensywnych momentów gry. Stworzona do gry wewnątrz, na hali sportowej, jak i innych obiektów sportowych. W eleganckim odcieniu granatu z subtelnie wplecionymi akcentami czerwieni i beżu, ta 
piłka do koszykówki Wilson
 staje się nie tylko niezbędnym narzędziem do gry, ale także pożądanym elementem kolekcjonerskim dla pasjonatów koszykówki.


 


Materiał: Skóra kompozytowa
Rozmiar: 7
Przeznaczenie: Indoor"
Piłki do koszykówki,Wilson;1;Piłka do koszykówki Wilson 2024 NBA All Star;Wilson;199.00;1;100;https://sklepkoszykarski.pl/userdata/public/gfx/7223/Pilka-do-koszykowki-Wilson-2024-NBA-All-Star.jpg, https://sklepkoszykarski.pl/userdata/public/gfx/7224/Pilka-do-koszykowki-Wilson-2024-NBA-All-Star.jpg;"Piłka do koszykówki Wilson 2024 NBA All Star
 to wytrzymała i odporna na odbicia na różnorodnych boiskach, zarówno wewnętrznych, jak i zewnętrznych (indoor / outdoor) 
piłka do kosza
. Dzięki zastosowaniu wytrzymałej skóry kompozytowej Pure Feel, Twoje dłonie pozostają komfortowo chronione nawet po intensywnej grze. Dodatkowo zapewnia nie tylko doskonałą rozrywkę na hali, ale także doskonałe możliwości treningowe na zewnątrz. Prezentowana 
piłka do koszykówki Wilson
 jest elegancko zapakowana w oryginalne pudełko kolekcjonerskie z hologramem. Wyjątkowo wytrzymała i przeznaczona do intensywnej gry zarówno wewnątrz, jak i na zewnątrz. Zapewnia doskonałe przyleganie do dłoni dzięki głębokim kanałom, co gwarantuje komfortowy chwyt. Dzięki skórze kompozytowej Pure Feel, odbicie jest spójne i przewidywalne nawet po długim okresie użytkowania.


 


Rozmiar:7
Przeznaczenie: Indoor / Outdoor
Materiał: skóra kompozytowa"
CZYSZCZENIE MAGAZYNU do -60 %;1;Piłka do koszykówki Wilson NBA All Team Ball;Wilson;89.00;1;100;https://sklepkoszykarski.pl/userdata/public/gfx/6852/pilka-do-koszykowki-wilson-nba-all-team-ball.jpg, https://sklepkoszykarski.pl/userdata/public/gfx/6854/wilson-nba-all-team-ball.jpg;"Piłka do koszykówki Wilson NBA All Team Ball 
jest to model dedykowany dla fanów ligi NBA, bowiem znajdziecie na niej loga wszystkich 30 klubów. Jest to wyjątkowe wzornictwo i wyjątkowa piłka koszykarska dla miłośników ligi NBA. Piłka została wykonana z zachowaniem techniki Performance Cover, co zapewnia maksymalną przyczepność nawet na najbardziej nierównych powierzchniach. Piłka ta idealnie nadaje się na trening na świeżym powietrzu dla pasjonatów i fanów do gry w każdych warunkach pogodowych .


Specjalna podszewka poprawiającą utrzymanie stałego ciśnienia została zaprojektowana z szczególną dbałością o retencję powietrza. Projekt z oficjalnymi logo wszystkich 12 drużyn w NBA!


Rozmiar: 7
Materiał: Guma 
Przeznaczenie: Outdoor"
CZYSZCZENIE MAGAZYNU do -60 %;1;Piłka do koszykówki Wilson NBA DRV PRO;Wilson;99.00;1;100;https://sklepkoszykarski.pl/userdata/public/gfx/6929/Pilka-do-koszykowki-Wilson-NBA-DRV-PRO-Blue--Orange.jpg;"Piłka do koszykówki Wilson NBA DVR PRO
 w fantastycznej współczesnej kolorystyce jest to model dedykowany do gry na zewnątrz, jednak z powodzeniem można nią również grać na hali. Do jej produkcji wykorzystano najwyższej jakości gumę, w dotyku jest bardzo chwytliwa i wręcz sama trzyma się ręki. Próbując ""głaskać piłkę"" guma wręcz naciąga naszą skórę nie pozwalając jej się prześlizgnąć po powierzchni. Jest to materiał, który cechuje najlepsze piłki koszykarskie. Piłka dostępna w rozmiarze 6 dla dziewczyn i kobiet oraz chłopców do 12 roku życia. Natomiast rozmiar 7 jest dedykowany dla chłopców powyżej 12 roku i dorosłych  mężczyzn. Oprócz znakomitych właściwości fizycznych piłka również posiada idealny wygląd. Duże kolorowe logo NBA, a przy tym zachowany oryginalny wygląd.


Przeznaczenie: Outdoor
Materiał: guma
Rozmiar: 7 / 6"
CZYSZCZENIE MAGAZYNU do -60 %;1;Piłka do koszykówki Wilson NBA DRV PRO;Wilson;99.00;1;100;https://sklepkoszykarski.pl/userdata/public/gfx/6855/Pilka-do-koszykowki-Wilson-NBA-DRV-PRO.jpg, https://sklepkoszykarski.pl/userdata/public/gfx/6856/Pilka-do-koszykowki-Wilson-NBA-DRV-PRO.jpg;"Piłka do koszykówki Wilson NBA DVR PRO 
jest to model dedykowany 
do gry na zewnątrz (jak boiska typu Orlik),
 jednak z powodzeniem można nią również grać na hali na parkiecie. Do jej produkcji wykorzystano najwyższej jakości gumę, w dotyku jest bardzo chwytliwa i wręcz sama trzyma się ręki. Próbując ""głaskać piłkę"" guma wręcz naciąga naszą skórę nie pozwalając jej się prześlizgnąć po powierzchni. Jest to materiał, który cechuje najlepsze piłki koszykarskie. Piłka dostępna w rozmiarze 7 dla chłopców powyżej 12 lat oraz w rozmiarze 6 dla młodszych koszykarzy i dla dziewczyn.


Oprócz znakomitych właściwości fizycznych piłka również posiada idealny wygląd. Duże kolorowe logo NBA, a przy tym zachowany oryginalny wygląd.


Przeznaczenie: Outdoor
Materiał: guma
Rozmiar: 7 i 6"
Piłki do koszykówki,Wilson;1;Piłka do koszykówki Wilson Evolution;Wilson;259.00;1;100;https://sklepkoszykarski.pl/userdata/public/gfx/6957/Pilka-do-koszykowki-Wilson-Evolution.jpg;"Piłka do koszykówki 
Wilson Evolution
 – Advanced Microfiber Composite. To czołowy model marki 
Wilson
 wykonany z najwyższej jakości skóry kompozytowej z technologią Microfiber, która doskonale odprowadza wilgoć z ręki na zewnątrz. Mieszanka skóry syntetycznej i mikrofibry zapewniają bardzo dobry chwyt i trzymanie kontroli nad piłką. Wilson Evolution jest przeznaczona do gry na hali, ale również nada się na boiska wyłożone linoleum czy granulatem. Wilson już od prawie 100 lat jest związany z koszykówką i był pierwszą piłką, którą grano w amerykańskiej lidze 
NBA
. Jest znany z produktów najwyższej jakości nie tylko w koszykówce, ale także w innych dyscyplinach sportowych.


 




Rozmiar: 7
Przeznaczenia: Indoor (na halę)
Materiał: 100% skóra kompozytowa"
Piłki do koszykówki,Wilson;1;Oficjalna piłka do koszykówki Wilson NBA Gameball;Wilson;849.00;1;100;https://sklepkoszykarski.pl/userdata/public/gfx/6949/Oficjalna-pilka-do-koszykowki-Wilson-NBA-Gameball.jpg, https://sklepkoszykarski.pl/userdata/public/gfx/6950/Oficjalna-pilka-do-koszykowki-Wilson-NBA-Gameball.jpg;"Oficjalna piłka NBA Wilson Gameball
, którą widzimy codziennie na meczach ligi NBA. Wykonana w 100% ze skóry naturalnej. Jest specjalnie zaprojektowana na potrzeby najlepszych koszykarzy na świecie, do gry na hali (Indoor). Jest to jedyny model firmy Wilson wykonany z prawdziwej, pełnowartościowej skóry naturalnej. Dzięki temu piłka 
NBA Game Ball
 ma długotrwałą żywotność i dostosowuje się do ręki coraz lepiej z gry na grę. Przez wielu fanów okrzyknięta jako 
najlepsza piłka do koszykówki
. Ma doskonały chwyt oraz prowadzenie. Sygnowana przez samego komisarza ligi Adama Silvera. Wszystkie nadruki na piłce są zagłębione w wyżłobieniach ze skóry, co jest charakterystyczne tylko i wyłącznie dla modelu z oficjalnej dystrybucji Wilson
.




Z racji, że piłka wykonana jest ze skóry naturalnej jest to 
najdroższa piłka do koszykówki
. Jest ona dość twarda i potrzebuje niekiedy kilku miesięcy intensywnego grania na rozbicie się i nabranie pełnych walorów użytkowych. Piłkę polecamy dla ludzi naprawdę zakręconych na punkcie koszykówki, którzy potrafią docenić i odpowiednio użytkować piłkę. Dla osób grających od czasu do czasu dużo bardziej polecamy modele wykonane ze skóry kompozytowej, jak model Spalding TF-1000 lub Wilson EVO NXT, z racji, że nie potrzebują on czasu, ani umiejętności na rozbicie skóry. Bowiem skóra kompozytowa jest od razu gotowa do gry. Oficjalna piłka Wilson NBA Gameball przeznaczona jest dla prawdziwych pasjonatów ligi NBA i koszykówki.


Przeznaczenie: Indoor
Materiał: Pełnowartościowa skóra
Rozmiar: 7"
Piłki do koszykówki,Wilson;1;Piłka do koszykówki Wilson NCAA Legend;Wilson;109.00;1;100;https://sklepkoszykarski.pl/userdata/public/gfx/6908/Pilka-do-koszykowki-Wilson-NCAA-Legend.jpg, https://sklepkoszykarski.pl/userdata/public/gfx/6909/Pilka-do-koszykowki-Wilson-NCAA-Legend.jpg;"Piłka do koszykówki Wilson NCAA Legend
 zbudowana z głębszymi kanałami zapewniającymi lepsze trzymanie i głębsze kanały do poprawy chwytu. Piłka NCAA Legend Basketball zapewnia strzelcom lepszy zasięg poza łukiem. Doskonała do gry zarówno na zewnątrz, jak i ha hali wykonana ze skóry kompozytowej. Świetnie nadaje się również do gry na orliku. 


Rozmiar: 7
Przeznaczenia: Indoor (na halę) i Outdoor (na zewnątrz)
Materiał: skóra kompozytowa"
Piłki do koszykówki,Wilson;1;Piłka do koszykówki Wilson Junior NBA authentic;Wilson;109.00;1;100;https://sklepkoszykarski.pl/userdata/public/gfx/6917/pilka-do-koszykowki-wilson-jr-nba-authentic1.jpg;"Piłka do koszykówki Wilson Jr. NBA authentic 
została stworzona głównie z myślą o osobach rozpoczynających swoją przygodę z koszykówką oraz dla dzieci. Dzięki zastosowaniu trwałej i odpornej na ścieranie gumy kompozytowej, ta piłka jest idealna dla najmłodszych graczy i amatorów. Prezentowana piłka Wilson osiada powierzchnię Tackskin, co zapewnia nową warstwę amortyzacji połączoną z doskonałą przyczepnością w każdych warunkach pogodowych. Hermetyczna wyściółka zaś jest odpowiedzialna za dłuższe zatrzymanie powietrza w tej piłce, zaprojektowanej z myślą o najwyższej wytrzymałości na zewnątrz. Oprócz legendarnego napisu Wilson, ta 
piłka do kosza
 posiada również oficjalne logo NBA.


Rozmiar: 7 / 6 / 5
Materiał: Guma
Przeznaczenie: Outdoor"
Piłki do koszykówki,Wilson;1;Piłka do koszykówki Wilson 3x3 FIBA (outdoor);Wilson;99.00;1;100;https://sklepkoszykarski.pl/userdata/public/gfx/7523/Pilka-do-koszykowki-Wilson-3x3-FIBA-outdoor.jpg, https://sklepkoszykarski.pl/userdata/public/gfx/7524/Pilka-do-koszykowki-Wilson-3x3-FIBA-outdoor.jpg;"Oficjalna piłka do koszykówki, turniejowa przeznaczona do rozgrywek 3x3 Wilson zatwierdzona przez organizację FIBA w wersji outdoorowej. Wykonana z wysokiej jakości gumy z powierzchnią w technologii Wave Triple Threat, której kształt fali daje niesamowite czucie i kontrolę nad piłką. Model tak jak wszystkie piłki dla męskich i damskich rozgrywek 3x3 Wilson jest wykonany w rozmiarze 6, ale posiada wagę piłek w rozmiarze 7. 3x3 jest to coraz bardziej zyskujący na popularności typ rozgrywek, gdzie gra się drużynami złożonymi z 3 zawodników. Rozgrywki te oficjalnie już zagościły podczas igrzysk Olimpijskich i są coraz częściej grane podczas amatorskich spotkań na halach sportowych przez fanów koszykówki.


- zaakceptowana przez FIBA
- technologia Wave Triple Threat 
- 
rozmiar 6 z wagą rozmiaru 7
- głębokie kanały zapewniające lepszy chwyt
- materiał: guma
- przeznaczenie: Outdoor"
Piłki do koszykówki,Wilson;1;Oficjalna piłka do koszykówki Wilson 3x3 FIBA;Wilson;169.00;1;100;https://sklepkoszykarski.pl/userdata/public/gfx/6963/Oficjalna-pilka-do-koszykowki-Wilson-3x3-FIBA.jpg, https://sklepkoszykarski.pl/userdata/public/gfx/6964/Oficjalna-pilka-do-koszykowki-Wilson-3x3-FIBA.jpg;"Oficjalna piłka do koszykówki Wilson 3x3 FIBA
, turniejowa przeznaczona do rozgrywek 3x3 Wilson zatwierdzona przez organizację FIBA. Wykonana ze skóry kompozytowej z powierzchnią w technologii Wave Triple Threat, której kształt daje niesamowite czucie i kontrolę nad piłką. Model tak jak wszystkie piłki dla męskich i damskich rozgrywek 3x3 Wilson jest wykonany w rozmiarze 6, ale posiada wagę piłek w rozmiarze 7. 3x3 jest to coraz bardziej zyskujący na popularności typ rozgrywek, gdzie gra się drużynami złożonymi z 3 zawodników. Rozgrywki te oficjalnie już zagościły podczas igrzysk Olimpijskich i są coraz częściej grane podczas amatorskich spotkań na halach sportowych przez fanów koszykówki. Warto wspomnieć, że 2 roku 2023 w mistrzostwach świata 1 miejsce wywalczyła Polska przyczyniając się niewątpliwie do dużej popularności tej nowej dyscypliny w naszym kraju.


- zaakceptowana przez FIBA piłka 3x3
- technologia Wave Triple Threat 
- 
rozmiar 6 z wagą rozmiaru 7
- głębokie kanały zapewniające lepszy chwyt"
CZYSZCZENIE MAGAZYNU do -60 %;1;Piłka do koszykówki Wilson NBA DRV Pro;Wilson;89.00;1;100;https://sklepkoszykarski.pl/userdata/public/gfx/6912/Ekologiczna-pilka-do-koszykowki-Wilson-NBA-Recycle.jpg, https://sklepkoszykarski.pl/userdata/public/gfx/6913/Ekologiczna-pilka-do-koszykowki-Wilson-NBA-Recycle.jpg;"Ekologiczna piłka do koszykówki Wilson NBA DRV Pro Recycle 
to niezwykłe połączenie najwyższej technologii oraz ekologii. Prezentowana 
piłka do kosza
 posiada wszystkie zalety serii NBA DRV Pro. Technologia DRV Pro Ball — posiada osłonę Tackskin, doskonały chwyt i świetną retencję powietrza — a ponadto osłona jest częściowo zbudowana z materiałów pochodzących z recyklingu. 


Zatrzymanie powietrza
: długotrwałe zatrzymywanie powietrza dzięki specjalnej wyściółce.
Wytrzymałość
: Zaprojektowana z myślą o najwyższej dominacji na powierzchniach do gry na świeżym powietrzu.
NBA pro seams: Dostosowane do preferencji gracza dzięki nowej konstrukcji kanałów.
NBA official: Zawiera oficjalne logo NBA.


Rozmiar : 7
Przeznaczenie: Indoor / Outdoor
Materiał: guma"
CZYSZCZENIE MAGAZYNU do -60 %;1;Piłka do koszykówki Wilson NBA DRV Plus Blue;Wilson;89.00;1;100;https://sklepkoszykarski.pl/userdata/public/gfx/6925/Pilka-do-koszykowki-Wilson-NBA-DRV-Plus-Blue.jpg, https://sklepkoszykarski.pl/userdata/public/gfx/6926/Pilka-do-koszykowki-Wilson-NBA-DRV-Plus-Blue.jpg;"Piłka do koszykówki Wilson NBA DVR Plus 
jest to model dedykowany 
do gry na zewnątrz,
 jednak z powodzeniem można nią również grać na hali. Do jej produkcji wykorzystano najwyższej jakości gumę, w dotyku jest bardzo chwytliwa i wręcz sama trzyma się ręki. Idealna dla wszystkich fanów ligi NBA, którzy potrzebują piłki wytrzymałej na zewnątrz. W bardzo oryginalnym wielokolorowym wydaniu z myślą o najmłodszych koszykarzach. Oprócz znakomitych właściwości fizycznych piłka również posiada idealny wygląd. Duże kolorowe logo NBA, a przy tym zachowany oryginalny wygląd.


Przeznaczenie: Outdoor
Materiał: guma
Rozmiar: 6 / 5"
Prezent dla koszykarza;1;Piłka do koszykówki Wilson NBA Authentic (rozmiar 5);Wilson;119.00;1;100;https://sklepkoszykarski.pl/userdata/public/gfx/7212/Pilka-do-koszykowki-Wilson-NBA-Authentic-outdoor.jpg, https://sklepkoszykarski.pl/userdata/public/gfx/7213/Pilka-do-koszykowki-Wilson-NBA-Authentic-outdoor.jpg;"Piłka do koszykówki Wilson NBA Authentic Outdoor
 rozmiar 5 dla dzieci została zaprojektowana z myślą o grze na zewnątrz na Orlik i boiska zewnętrzne. Nadaje się doskonale do gry na nawierzchniach typu tartan, ale także na boiska gdzie występuje asfalt lub kostka brukowa. Jej materiał z którego jest wykonany to wysokiej jakości guma, który posiada dużą miękkość, dzięki czemu jej chwyt jest dużo lepszy względem standardowej gumy. Na produkcie nadrukowano firmowe logo marki Wilson oraz logotyp ligi NBA potwierdzające jego autentyczność. Piłka do koszykówki Wilson NBA Authentic dla dzieci w rozmiarze 5 jest oryginalnym produktem z licencją ligi NBA dedykowana do gry na zewnątrz boiska tartanowe i asfaltowe (bitumiczne - outdoor).
Przeznaczenie: na zewnątrz (outdoor)
Materiał: wysokiej jakości guma
Rozmiar: 7 / 6 / 5"
Piłki do koszykówki,Wilson;1;Piłka do koszykówki Wilson NBA Team Alliance Milwaukee Bucks;Wilson;119.00;1;100;https://sklepkoszykarski.pl/userdata/public/gfx/6859/Pilka-do-koszykowki-Wilson-NBA-Team-Alliance-Milwaukee-Bucks.jpg, https://sklepkoszykarski.pl/userdata/public/gfx/6860/pilka-do-koszykowki-wilson-nba-team-alliance-milwaukee-bucks1.jpg;"Piłka do kosza Wilson NBA Team Alliance Milwaukee Bucks 
jest to model, dla tych, którzy chcą
 
pokazać komu kibicują. Dzięki piłce do koszykówki 
Wilson NBA Team Alliance 
jest to możliwe. Wysokowydajna powłoka Pure Feel Cover nadaje tej piłce profesjonalne wyczucie, trwałość i ziarniste wykończenie. Logo 
Wilsona
 i logo zespołu są dopasowane kolorystycznie. Natomiast powłoka ""pure feel cover"" zapewnia pewne czucie piłki i trwałość na profesjonalnym poziomie. Podszewka odpowiada za dłuższe zatrzymywanie powietrza. ""NBA pro seams"" to nowa konstrukcja kanałów dopasowana do preferencji graczy, która znacznie poprawia komfort i jakość gry. Projekt zawiera logo i kolor drużyny Milwaukee Bucks.


Rozmiar piłki : 7
Przeznaczenie : Indoor / Outdoor 
Materiał: Skóra kompozytowa"
Piłki do koszykówki,Wilson;1;Piłka do koszykówki Wilson NBA Team Alliance Miami Heat;Wilson;119.00;1;100;https://sklepkoszykarski.pl/userdata/public/gfx/6865/Pilka-do-koszykowki-Wilson-NBA-Team-Alliance-Miami-Heat.jpg, https://sklepkoszykarski.pl/userdata/public/gfx/6866/pilka-do-koszykowki-wilson-nba-team-alliance-miami-heat.jpg;"Piłka do koszykówki Wilson NBA Team Alliance Miami Heat
 to doskonały wybór dla tych, którzy chcą pokazać komu kibicują. Wysokowydajna powłoka Pure Feel Cover nadaje tej piłce profesjonalne wyczucie, trwałość i ziarniste wykończenie. Logo Wilsona i logo zespołu są dopasowane kolorystycznie.Natomiast powłoka ""pure feel cover"" zapewnia pewne czucie piłki i trwałość na profesjonalnym poziomie. Podszewka zapewnia dłuższe zatrzymywanie powietrza. ""NBA pro seams"" to nowa konstrukcja kanałów dopasowana do preferencji graczy, która znacznie poprawia komfort i jakość gry. Projekt zawiera logo i kolor ulubionej drużyny NBA - Miami Heat. 


Rozmiar piłki : 7
Przeznaczenie: Indoor / Outdoor
Materiał: Skóra kompozytowa"
Piłki do koszykówki,Wilson;1;Piłka do koszykówki Wilson NBA Team Alliance Philadelphia 76ers;Wilson;119.00;1;100;https://sklepkoszykarski.pl/userdata/public/gfx/6871/pilka-do-koszykowki-wilson-nba-team-alliance-philadelphia-76ers.jpg, https://sklepkoszykarski.pl/userdata/public/gfx/6872/pilka-do-koszykowki-wilson-nba-team-alliance-philadelphia-76ers1.jpg;"Piłka do koszykówki Wilson NBA Team Alliance Philadelphia 76ers
 jest to trafiony zakup dla tych, którzy chcą pokazać jakiej drużynie kibicują. Wysokowydajna powłoka ""Pure Feel Cover"" nadaje tej piłce profesjonalne wyczucie, trwałość i ziarniste wykończenie. Logo 
Wilsona
 i logo zespołu są dopasowane kolorystycznie. Natomiast powłoka ""pure feel cover"" zapewnia pewne czucie piłki i trwałość na profesjonalnym poziomie. Podszewka zaś dba o dłuższe zatrzymywanie powietrza. ""NBA pro seams"" to nowa konstrukcja kanałów dopasowana do preferencji graczy, która znacznie poprawia komfort i jakość gry. Projekt zawiera logo i kolor drużyny Philadelphia 76ers.


Rozmiar piłki: 7
Przeznaczenie: Indoor / Outdoor 
Materiał: Skóra kompozytowa"
Piłki do koszykówki,Wilson;1;Piłka do koszykówki Wilson NBA Team Alliance Chicago Bulls;Wilson;119.00;1;100;https://sklepkoszykarski.pl/userdata/public/gfx/6876/pilka-do-koszykowki-wilson-nba-team-alliance-chicago-bulls.jpg, https://sklepkoszykarski.pl/userdata/public/gfx/6877/pilka-do-koszykowki-wilson-nba-team-alliance-chicago-bulls1.jpg;"Piłka do koszykówki Wilson NBA Team Alliance Chicago Bulls
 to świetna opcja, jeśli chcesz pokazać komu kibicujesz. Dzięki piłce do koszykówki 
Wilson NBA Team Alliance 
jest to możliwe. Wysokowydajna powłoka ""Pure Feel Cover"" nadaje tej piłce profesjonalne wyczucie, trwałość i ziarniste wykończenie. Logo 
Wilsona
 i logo zespołu są dopasowane kolorystycznie. Natomiast powłoka ""pure feel cover"" zapewnia pewne czucie piłki i trwałość na profesjonalnym poziomie. Podszewka zaś dba o dłuższe zatrzymywanie powietrza. ""NBA pro seams"" to nowa konstrukcja kanałów dopasowana do preferencji graczy, która znacznie poprawia komfort i jakość gry. Projekt zawiera logo i kolor drużyny Chicago Bulls.


Rozmiar piłki: 7
Przeznaczenie: Indoor / Outdoor 
Materiał: Skóra kompozytowa"
Piłki do koszykówki,Wilson;1;Piłka do koszykówki Wilson NBA Team Alliance Denver Nuggets;Wilson;119.00;1;100;https://sklepkoszykarski.pl/userdata/public/gfx/6891/pilka-do-koszykowki-wilson-nba-team-alliance-denver-nuggets.jpg, https://sklepkoszykarski.pl/userdata/public/gfx/6892/pilka-do-koszykowki-wilson-nba-team-alliance-denver-nuggets.jpg;"Piłka do koszykówki Wilson NBA Team Alliance Denver Nuggets
 to  produkt doskonały, dla wszystkich tych, którzy chcą pokazać, komu kibicują. Dzięki 
piłce do koszykówki Wilson NBA Team Alliance
 jest to możliwe. Wysokowydajna powłoka ""Pure Feel Cover"" nadaje tej piłce profesjonalne wyczucie, trwałość i ziarniste wykończenie. Logo 
Wilsona
 i logo zespołu są dopasowane kolorystycznie. Natomiast powłoka ""pure feel cover"" zapewnia pewne czucie piłki i trwałość na profesjonalnym poziomie. Podszewka zaś dba o dłuższe zatrzymywanie powietrza. ""NBA pro seams"" to nowa konstrukcja kanałów dopasowana do preferencji graczy, która znacznie poprawia komfort i jakość gry. Projekt zawiera logo i kolor drużyny Denver Nuggets.


Rozmiar piłki: 7
Przeznaczenie: Indoor / Outdoor 
Materiał: Skóra kompozytowa"
Piłki do koszykówki,Wilson;1;Piłka do koszykówki Wilson NBA Team Alliance Golden State Warriors;Wilson;119.00;1;100;https://sklepkoszykarski.pl/userdata/public/gfx/6897/nba-team-alliance-gs-warriors.jpg, https://sklepkoszykarski.pl/userdata/public/gfx/6898/pilka-do-koszykowki-nba-team-alliance-golden-state-warriors.jpg;"Piłka do koszykówki NBA Team Alliance Golden State Warriors
 to świetna opcja dla tych, którzy nie kryją zafascynowania drużynami, którym kibicują. Piłka do koszykówki Wilson NBA Team Alliance to umożliwia. Wysokowydajna powłoka ""Pure Feel Cover"" nadaje tej piłce profesjonalne wyczucie, trwałość i ziarniste wykończenie. Logo 
Wilsona
 i logo zespołu są dopasowane kolorystycznie. Natomiast powłoka ""pure feel cover"" zapewnia pewne czucie piłki i trwałość na profesjonalnym poziomie. Podszewka zaś dba o dłuższe zatrzymywanie powietrza. ""NBA pro seams"" to nowa konstrukcja kanałów dopasowana do preferencji graczy, która znacznie poprawia komfort i jakość gry. Projekt zawiera logo i kolor drużyny Golden State Warriors. 


Rozmiar piłki: 7
Przeznaczenie: Indoor / Outdoor 
Materiał: Skóra kompozytowa"
Piłki do koszykówki,Wilson;1;Piłka do koszykówki Wilson NBA Team Alliance LA Lakers;Wilson;119.00;1;100;https://sklepkoszykarski.pl/userdata/public/gfx/6903/nba-team-alliance-la-lakers.jpg, https://sklepkoszykarski.pl/userdata/public/gfx/6904/nba-team-alliance-la-lakers-basket.jpg;"Piłka do koszykówki NBA Team Alliance LA Lakers
 to idealna propozycja dla osób, które chcą pokazać którym drużynom sportowym kibicują. Wysokowydajna powłoka ""Pure Feel Cover"" nadaje tej piłce profesjonalne wyczucie, trwałość i ziarniste wykończenie. Logo Wilsona i logo zespołu są dopasowane kolorystycznie. Natomiast powłoka ""pure feel cover"" zapewnia pewne czucie piłki i trwałość na profesjonalnym poziomie. Podszewka zaś dba o dłuższe zatrzymywanie powietrza. ""NBA pro seams"" to nowa konstrukcja kanałów dopasowana do preferencji graczy, która znacznie poprawia komfort i jakość gry. Projekt zawiera logo i kolor drużyny Golden State Warriors LA Lakers. 


Rozmiar piłki: 7
Przeznaczenie: Indoor / Outdoor
Materiał: Skóra kompozytowa"
CZYSZCZENIE MAGAZYNU do -60 %;1;Piłka do koszykówki Wilson WNBA dla kobiet (rozmiar 6);Wilson;99.00;1;100;https://sklepkoszykarski.pl/userdata/public/gfx/6935/Pilka-do-koszykowki-Wilson-WNBA-Auth-Series.jpg, https://sklepkoszykarski.pl/userdata/public/gfx/6936/Pilka-do-koszykowki-Wilson-WNBA-Auth-Series.jpg;"Oficjalna piłka do koszykówki Wilson WNBA Outdoor
 dedykowana dla dziewczyn posiada powierzchnię Tackskin - to innowacyjna warstwa amortyzująca, która gwarantuje doskonałą przyczepność na różnych rodzajach nawierzchni, takich jak tartan, asfalt czy beton. Została specjalnie zaprojektowana, aby sprostać wymaganiom na boiskach z różnymi rodzajami podłoża. Ten model piłki Wilsona jest oficjalnie zatwierdzoną piłką przez amerykańską ligę żeńską WNBA. Posiada duże logo żeńskiej ligi amerykańskiej WNBA, piłka polecana do gry dla kobiet i dziewczyn od 11 roku życia.
Przeznaczenie: Outdoor
Materiał: gumowy z bardzo dobrą przyczepnością
Rozmiar: 6"
Prezent dla koszykarza;1;Piłka do koszykówki Wilson NBA Chicago Bulls;Wilson;99.00;1;100;https://sklepkoszykarski.pl/userdata/public/gfx/6933/Pilka-do-koszykowki-Wilson-NBA-Chicago-Bulls.jpg, https://sklepkoszykarski.pl/userdata/public/gfx/6934/Pilka-do-koszykowki-Wilson-NBA-Chicago-Bulls.jpg;"Piłka do koszykówki 
Wilson NBA Chicago Bulls
 z serii piłek klubowych posiada logotypy klubów amerykańskiej ligi NBA. Z jednej strony przedstawione jest logo Chicago Bulls, a z drugiej logo ligi. Ta piłka do koszykówki wykonana jest w rozmiarze dla dorosłych z wysokiej jakości gumy. Dedykowana do gry na zewnątrz (outdoor), ale także z powodzeniem może być wykorzystywana do gry na hali.


 


Rozmiar: 7
Przeznaczenia: Outdoor (na zewnątrz)
Materiał: guma"
Prezent dla koszykarza;1;Piłka do koszykówki Wilson NBA Boston Celtics;Wilson;99.00;1;100;https://sklepkoszykarski.pl/userdata/public/gfx/6953/Pilka-do-koszykowki-Wilson-NBA-Boston-Celtics.jpg, https://sklepkoszykarski.pl/userdata/public/gfx/6954/Pilka-do-koszykowki-Wilson-NBA-Boston-Celtics.jpg;"Piłka do koszykówki Wilson NBA Boston Celtics
 z serii piłek klubowych z logotypami klubów amerykańskiej ligi NBA. Z jednej strony przedstawione jest logo Celtics , a z drugiej logo ligi. Piłka wykonana w rozmiarze dla dorosłych z wysokiej jakości gumy. Dedykowana do gry na zewnątrz (outdoor), ale także z powodzeniem może być wykorzystywana do gry na hali.


 


Rozmiar: 7
Przeznaczenia: Outdoor (na zewnątrz)
Materiał: guma"
Piłki do koszykówki,Wilson;1;Piłka do koszykówki Wilson WNBA Heir Geo (rozmiar 6);Wilson;95.00;1;100;https://sklepkoszykarski.pl/userdata/public/gfx/6958/Pilka-do-koszykowki-dla-dziewczyn-Wilson-WNBA.jpg, https://sklepkoszykarski.pl/userdata/public/gfx/6959/Pilka-do-koszykowki-dla-dziewczyn-Wilson-WNBA.jpg;"Piłka do koszykówki Wilson WNBA Heir Geo 
to oficjalna piłka do koszykówki dla kobiet marki Wilson. Sygnowana logiem WNBA, czyli ligą w której grają kobiety w Stanach Zjednoczonych Ameryki (USA). Dobrane kolory, które przypadną do gustu każdej prawie dziewczynie i pozwolą się wyróżnić na boisku. Wykonana w rozmiarze 6, czyli dedykowanemu dla kobiet i takim jakim grają dziewczynki od 12 roku życia, jak i dorosłe kobiety. Prezentowana piłka została zaakceptowana przez WNBA. 
Przeznaczenie: Outdoor
Material: wysokiej jakości guma
Rozmiar: 6"
Piłki do koszykówki,Wilson;1;Piłka do koszykówki Wilson WNBA All Teams;Wilson;119.00;1;100;https://sklepkoszykarski.pl/userdata/public/gfx/6968/Pilka-do-koszykowki-Wilson-WNBA-All-Teams.jpg;"Piłka do koszykówki Wilson WNBA All Teams 
to oficjalna piłka do koszykówki dla kobiet marki Wilson. Sygnowana logiem WNBA, czyli ligą w której grają kobiety w Stanach Zjednoczonych Ameryki (USA). Dobrane kolory, które przypadną do gustu każdej prawie dziewczynie i pozwolą się wyróżnić na boisku. Oryginalny wzór z logami zespołów grających na co dzień w amerykańskiej lidze koszykarskiej. Wykonana w rozmiarze 6, czyli dedykowanemu dla kobiet i takim jakim grają dziewczynki od 12 roku życia, jak i dorosłe kobiety.


- licencjonowany produkt WNBA
Materiał: wysokiej jakości guma
Rozmiar: 6
Przeznaczenie: Indoor"
Prezent dla koszykarza;1;Piłka do koszykówki Wilson Game Breaker;Wilson;54.99;1;100;https://sklepkoszykarski.pl/userdata/public/gfx/6956/Pilka-do-koszykowki-Wilson-Game-Breaker.jpg;"Piłka do koszykówki Wilson Game Breaker
 dedykowana jest do gry na zewnątrz. Idealny model do rozpoczęcia przygody z koszykówką. Wykonany z wysokiej jakości gumy. Warto zaznaczyć, że Wilson już od prawie 100 lat jest związany z koszykówką i był pierwszą piłką, którą grano w amerykańskiej lidze 
NBA
. Jest znany z produktów najwyższej jakości nie tylko w koszykówce, ale także w innych dyscyplinach sportowych.


Rozmiar: 7
Przeznaczenia: Outdoor (na zewnątrz)
Materiał: guma"
Piłki do koszykówki,Wilson;1;Piłka do koszykówki Wilson MVP BLK;Wilson;49.00;1;100;https://sklepkoszykarski.pl/userdata/public/gfx/6930/Pilka-do-koszykowki-Wilson-MVP-BLK.jpg, https://sklepkoszykarski.pl/userdata/public/gfx/6931/Pilka-do-koszykowki-Wilson-MVP-BLK.jpg;"Piłka do koszykówki Wilson MVP
 dedykowana jest do gry na zewnątrz. Idealny model do rozpoczęcia przygody z koszykówką. Wykonany z wysokiej jakości gumy. Wilson już od prawie 100 lat jest związany z koszykówką i był pierwszą piłką, którą grano w amerykańskiej lidze 
NBA
. Jest znany z produktów najwyższej jakości nie tylko w koszykówce, ale także w innych dyscyplinach sportowych.


Rozmiar: 7
Przeznaczenia: Outdoor (na zewnątrz)
Materiał: guma"
Piłki do koszykówki,Wilson;1;Piłka do koszykówki Wilson MVP;Wilson;49.00;1;100;https://sklepkoszykarski.pl/userdata/public/gfx/6948/Pilka-do-koszykowki-Wilson-MVP.jpg;"Piłka do koszykówki Wilson MVP
 dedykowana do gry na zewnątrz. Idealny model do rozpoczęcia przygody z koszykówką. Wykonany z wysokiej jakości gumy. Wilson już od prawie 100 lat jest związany z koszykówką i był pierwszą piłką, którą grano w amerykańskiej lidze 
NBA
. Jest znany z produktów najwyższej jakości nie tylko w koszykówce, ale także w innych dyscyplinach sportowych.


Rozmiar: 7
Przeznaczenia: Outdoor (na zewnątrz)
Materiał: guma"
Piłki do koszykówki,Wilson;1;Piłka do koszykówki Wilson NBA Forge Plus Eco;Wilson;179.00;1;100;https://sklepkoszykarski.pl/userdata/public/gfx/7374/Pilka-do-koszykowki-Wilson-NBA-Forge-Plus-Eco.jpg, https://sklepkoszykarski.pl/userdata/public/gfx/7375/Pilka-do-koszykowki-Wilson-NBA-Forge-Plus-Eco.jpg;"Piłka do koszykówki Wilson NBA Forge Plus Eco
 to piłka do koszykówki stworzona z dbałością o najwyższą jakość materiałów. Wykorzystanie trwałej skóry syntetycznej gwarantuje jej profesjonalną wytrzymałość. Z dumą prezentuje na swoim froncie zarówno logo marki Wilson, jak i charakterystyczny logotyp ligi NBA. Nie tylko spełnia standardy oficjalnego produktu z licencją amerykańskiej ligi koszykarskiej NBA, ale także została wyprodukowana w sposób przyjazny dla środowiska, co stanowi ważny aspekt dla współczesnych konsumentów. Niezależnie od tego, czy grasz na zewnątrz czy w hali, ta 
piłka do koszykówki Wilson
 sprosta Twoim oczekiwaniom, zapewniając niezrównaną jakość gry. Wyróżnia się także w pomarańczowej kolorystyce, dodając nie tylko stylu, ale także widoczności na boisku.


 


Materiał: skóra syntetyczna
Przeznaczenie: indoor / outdoor
Rozmiar: 7"
Prezent dla koszykarza;1;Mikro piłka do koszykówki Mini Hoop Wilson;Wilson;49.00;1;100;https://sklepkoszykarski.pl/userdata/public/gfx/6916/Mikro-pilka-do-koszykowki-Mini-Hoop-Wilson.jpg;"Mikro piłka do koszykówki Mini Hoop Wilson
 to mikro 
piłka do koszykówki Wilson
 do mini tablic, które posiadają metalową obręcz. Do jej produkcji wykorzystano najwyższej jakości gumę. Posiada średnicę 13 cm dzięki czemu idealnie mieści się w dłoni i pasuje do wszystkich tablic do pokoju, zarówno marki Wilson, jak i Spalding.


Przeznaczenie: Outdoor
Średnica: około 13 cm.
Materiał: guma
Rozmiar: 1"
Piłki do koszykówki,Wilson;1;Oficjalna piłka do koszykówki Wilson WNBA;Wilson;338.00;1;100;https://sklepkoszykarski.pl/userdata/public/gfx/7544/Oficjalna-pilka-do-koszykowki-Wilson-WNBA.jpg, https://sklepkoszykarski.pl/userdata/public/gfx/7545/Oficjalna-pilka-do-koszykowki-Wilson-WNBA.jpg;"Oryginalna 
oficjalna piłka do koszykówki Wilson WNBA
. Dokładnie taki model, którym grają podczas rozgrywek ligowych i fazy Playoffs. Sygnowana logiem WNBA, czyli ligą w której grają kobiety w Stanach Zjednoczonych Ameryki (USA). Oparta na najwyższym modelu piłki meczowej Wilson NXT. Dedykowana do gry na hali, wykonana w z najwyższej jakości skóry kompozytowej. Idealny chwyt dzięki miękkości powierzchni oraz głębokich rowach między panelami. Wykonana w rozmiarze 6, czyli dedykowanemu dla kobiet i takim jakim grają dziewczynki od 12 roku życia, jak i dorosłe kobiety.


- licencjonowany produkt WNBA
Materiał: skóra kompozytowa
Rozmiar: 6
Przeznaczenie: indoor"
Piłki do koszykówki,Wilson;1;Piłka do koszykówki Wilson NCAA Legend VTX;Wilson;134.00;1;100;https://sklepkoszykarski.pl/userdata/public/gfx/7229/Pilka-do-koszykowki-Wilson-NCAA-Legend-VTX.jpg, https://sklepkoszykarski.pl/userdata/public/gfx/7230/Pilka-do-koszykowki-Wilson-NCAA-Legend-VTX.jpg;"Piłka do koszykówki Wilson NCAA Legend VTX
 to wyjątkowy produkt, który otrzymał oficjalną licencję ligi NCAA, gwarantując wytrzymałość. Ta 
piłka Wilsona
 jest doskonała do gry zarówno na hali, jak i na świeżym powietrzu, umożliwiając Ci maksymalną elastyczność treningów i meczów. Jej głębokie, chropowate kanały zapewniają wygodny chwyt, ułatwiając precyzyjne podania i płynne rzuty. Wyposażona w wzmocnioną powierzchnię i zwiększoną przyczepność, ta piłka doskonale sprawdza się na różnych rodzajach boisk, gwarantując stabilne odbicie i długotrwałą wydajność. Dzięki konstrukcji z rdzeniem premium oraz ciśnieniowemu pęcherzowi blokującemu, model ten charakteryzuje się nie tylko miękkością i trwałością, ale także doskonałą retencją powietrza, zapewniając niezawodność przez wiele godzin gry.


 


Materiał: guma
Rozmiar: 7
Przeznaczenie: indoor / outdoor"
Piłki do koszykówki,Wilson;1;Piłka do koszykówki Wilson EVO NXT Champions League Official na halę;Wilson;339.00;1;100;https://sklepkoszykarski.pl/userdata/public/gfx/7353/Pilka-do-koszykowki-Wilson-EVO-NXT-Champions-League-Official-na-hale.jpg, https://sklepkoszykarski.pl/userdata/public/gfx/7354/Pilka-do-koszykowki-Wilson-EVO-NXT-Champions-League-Official-na-hale.jpg;"Piłka do koszykówki Wilson EVO NXT Champions League Official na halę
 to oficjalna piłka koszykarska wykorzystywana w prestiżowych meczach Ligi Mistrzów. Dzięki innowacyjnej technologii Extended Range Tech, waga tej 
piłki do koszykówki
 została zoptymalizowana, umożliwiając bardziej precyzyjne rzuty z większych odległości. Wyjątkowo ergonomiczny kształt tego modelu gwarantuje pewny chwyt, co pozwala na ciągłe doskonalenie umiejętności. Dodatkowo, zastosowana technologia odprowadzania wilgoci sprawia, że powierzchnia piłki pozostaje sucha i zapewnia niezawodny chwyt nawet podczas intensywnych rozgrywek. Wykonana z wysokiej jakości skóry kompozytowej.


Rozmiar: 7
Materiał: skóra kompozytowa
Przeznaczenie: indoor"
Prezent dla koszykarza;1;Piłka do koszykówki Wilson NBA autograph mini basketball;Wilson;129.99;1;100;https://sklepkoszykarski.pl/userdata/public/gfx/7381/Pilka-do-koszykowki-NBA-autograph-mini-basketball.jpg, https://sklepkoszykarski.pl/userdata/public/gfx/7382/Pilka-do-koszykowki-NBA-autograph-mini-basketball.jpg;"Piłka do koszykówki Wilson NBA autograph mini basketball 
to świetny wybór dla prawdziwego fana koszykówki. Z tą mini piłką do koszykówki Wilson będziesz przygotowany na niezapomniane spotkanie z twoimi ulubionymi graczami! Zbierz ich podpisy za pomocą mini piłki do koszykówki Wilson NBA Team Autograph. Dzięki swojemu kompaktowemu rozmiarowi jest idealna też dla młodych fanów tego sportu. Dodatkowo ten model wyposażony jest w okładkę z autografem na czterech panelach oraz specjalny, chwytliwy materiał na tylnej stronie, który zapewnia pewny chwyt podczas zbierania podpisów.


Rozmiar: 3"
Piłki do koszykówki,Wilson;1;Piłka do koszykówki Wilson JR NBA in/out;Wilson;159.00;1;100;https://sklepkoszykarski.pl/userdata/public/gfx/7449/pilka-do-koszykowki-wilson-jr-nba-in-out.png, https://sklepkoszykarski.pl/userdata/public/gfx/7450/pilka-do-koszykowki-wilson-jr-nba-in-out.png;"Piłka do koszykówki Wilson JR NBA in/out 
to wszechstronny model doskonały do gry zarówno na zewnątrz, jak i wewnątrz (indoor / outdoor). Ta piłka do koszykówki wilson wykonana została ze skóry kompozytowej o chropowatej strukturze. 
Technologia Pure Feel Cover
 zapewnia doskonałą przyczepność i pewny chwyt, pozwalając Ci skupić się na grze bez obaw o utratę kontroli nad nią. Dodatkowo nowa warstwa amortyzująca i butylowa dętka wewnątrz piłki zapewniają komfort i minimalizują wstrząsy podczas gry.


Dzięki kanalikom pomiędzy panelami piłka skutecznie odprowadza wodę, umożliwiając grę nawet w deszczowe dni bez obaw o śliskość. Z oficjalnym logo
 Jr. NBA i logotypem ligi NBA
, ta piłka pozwala poczuć się jak prawdziwy zawodowy koszykarz. Dodatkowo technologia Ever Bounce i specjalna wyściółka zapewniają stałe odbicie i utrzymanie odpowiedniego poziomu ciśnienia, co przekłada się na równomierną i niezawodną wydajność. Dla miłośników koszykówki, którzy cenią sobie wszechstronność, doskonałą przyczepność, komfort i niezawodność na boisku, piłka do kosza Wilson JR NBA jest doskonałym wyborem, przy zachowaniu stylowego wyglądu z oficjalnym logo Jr. NBA.


Rozmiar: 7 / 5
Przeznaczenie: gra na hali (indoor), jak i na zewnątrz (outdoor)."
Piłki do koszykówki,Wilson;1;Mini Piłka do koszykówki WILSON NBA DRV;Wilson;54.90;1;100;https://sklepkoszykarski.pl/userdata/public/gfx/7453/mini-pilka-do-koszykowki-wilson-nba-drv.png, https://sklepkoszykarski.pl/userdata/public/gfx/7454/mini-pilka-do-koszykowki-wilson-nba-drv.png;"Mini piłka do koszykówki Wilson NBA DRV
 jest idealnym wyborem dla najmłodszych i początkujących graczy. Ta różowa piłka w rozmiarze 3 jest doskonała dla dzieci w wieku około 6-9 lat i przeznaczona do gry na twardych boiskach zewnętrznych (outdoor). Wykonana z wysokiej jakości gumy, piłka jest trwała i odporna na intensywną grę na zewnątrz. Jej szerokie kanaliki i chropowata powierzchnia zapewniają doskonały chwyt, ułatwiając precyzyjne rzuty i kontrolę nad nią. Prezentowana 
piłka do koszykówki Wilson
 posiada licencję ligi NBA, co gwarantuje jej wysoką jakość i zatwierdzenie przez profesjonalną ligę koszykarską.


Jest doskonałą opcją do gry na małych, przenośnych koszach w domu lub ogrodzie, co pozwala dzieciom rozwijać swoje umiejętności koszykarskie w komfortowym otoczeniu. To trwały produkt 
marki Wilson
, który dostarcza wiele godzin zabawy na świeżym powietrzu i pomaga rozwijać umiejętności koszykarskie niezależnie od miejsca gry.


Przeznaczenie: Outdoor / Idealna do gry na zewnątrz!
Rozmiar: 3
Materiał: Guma"
Piłki do koszykówki,Wilson;1;Piłka do koszykówki Wilson NBA Gold Edition Ball;Wilson;199.00;1;100;https://sklepkoszykarski.pl/userdata/public/gfx/7459/pilka-do-koszykowki-wilson-nba-gold-edition-ball.png, https://sklepkoszykarski.pl/userdata/public/gfx/7460/pilka-do-koszykowki-wilson-nba-gold-edition-ball.png;"Piłka do koszykówki Wilson NBA Gold Edition Ball
 to wyjątkowa, kolekcjonerska piłka, która doskonale nadaje się do zbierania autografów lub jako stylowa dekoracja. Jej skóra syntetyczna gwarantuje trwałość, a rozmiar 7 oraz elegancki kolor złoty dodają jej wyjątkowego charakteru. Choć piłka jest przede wszystkim przeznaczona na autografy i dekoracyjne cele, można także używać jej na hali podczas praktyki koszykówki. To prawdziwy klejnot dla fanów koszykówki i NBA.


Rozmiar: 7
Przeznaczenie: Indoor
Materiał: Skóra kompozytowa"
CZYSZCZENIE MAGAZYNU do -60 %;1;Piłka do koszykówki dla dzieci Wilson Junior NBA;Wilson;95.00;1;100;https://sklepkoszykarski.pl/userdata/public/gfx/7464/Pilka-do-koszykowki-dla-dzieci-Wilson-Junior-NBA-rozmiar-5.jpg, https://sklepkoszykarski.pl/userdata/public/gfx/7465/Pilka-do-koszykowki-dla-dzieci-Wilson-Junior-NBA-rozmiar-5.jpg;"Piłka do koszykówki Wilson Jr. NBA authentic
 posiada powierzchnię Tackskin, co zapewnia solidną warstwę amortyzacji połączoną z doskonałą przyczepnością w każdych warunkach pogodowych. Hermetyczna wyściółka zaś jest odpowiedzialna za dłuższe zatrzymanie powietrza w tej piłce, zaprojektowanej z myślą o najwyższej wytrzymałości na zewnątrz. Oprócz legendarnego napisu 
Wilson
, ta piłka ma również oficjalne logo NBA. Szukasz doskonałej piłki do koszykówki dla dzieci, która stymuluje ich rozwój sportowy? Oto 
Piłka do koszykówki dla dzieci Wilson Junior NBA
 w rozmiarze 5, która pozwoli poczuć mu się jak mały koszykarz ligi NBA.


Rozmiar Dla Dzieci:
 Ta piłka została stworzona z myślą o młodszych graczach, zapewniając im idealny rozmiar i wagę. Rozmiar 5 to doskonały wybór dla dzieci, umożliwiający rozwijanie umiejętności i techniki gry. Dodatkowo jej waga została minimalnie obniżona, by dziecku łatwiej było nią manewrować. Jest to delikatna różnica, ale jednak robiąca różnicę dla dziecka.


Wysoka Jakość:
 Produkt pochodzi od renomowanego producenta sportowego, Wilson, który jest oficjalnym partnerem NBA. Piłka jest wykonana z trwałego materiału, co gwarantuje jej wytrzymałość i odporność na intensywną grę. Jest to lepszej jakości guma, która bardzo dobrze trzyma się dłoni. Piłka jest ozdobiona oficjalnym logo NBA, co czyni ją jeszcze bardziej atrakcyjną dla młodych fanów koszykówki.


Doskonała Przyczepność:
 Specjalnie zaprojektowana powierzchnia piłki zapewnia doskonałą przyczepność, co pomaga w precyzyjnym kierowaniu piłką i doskonaleniu umiejętności rzutowych.


Rozmiar: 5
Przeznaczenie: Outdoor
Materiał: Guma"
Piłki do koszykówki,Wilson;1;Piłka do koszykówki Wilson NBA San Antonio Spurs - Jeremy Sohan;Wilson;129.00;1;100;https://sklepkoszykarski.pl/userdata/public/gfx/7470/Pilka-do-koszykowki-Wilson-NBA-Team-Alliance-San-Antonio-Spurs.jpg, https://sklepkoszykarski.pl/userdata/public/gfx/7471/Pilka-do-koszykowki-Wilson-NBA-Team-Alliance-San-Antonio-Spurs.jpg;"Piłka do kosza Wilson NBA Team Alliance San Antonio Spurs, gdzie gra Jeremy Sohan. 
 jest to model stworzony specjalnie dla wszystkich tych, którzy pragną pokazać, komu kibicują. Prezentowana piłka do koszykówki posiada wysokowydajna powłoka Pure Feel Cover, która nadaje jej profesjonalne wyczucie, trwałość i ziarniste wykończenie. Logo Wilsona i logo zespołu są dopasowane kolorystycznie. Natomiast powłoka ""pure feel cover"" zapewnia pewne czucie piłki i trwałość na profesjonalnym poziomie. Podszewka zapewnia dłuższe zatrzymywanie powietrza. ""NBA pro seams"" to nowa konstrukcja kanałów dopasowana do preferencji graczy, która znacznie poprawia komfort i jakość gry. Projekt zawiera logo i kolor ulubionej drużyny NBA.


Rozmiar piłki : 7
Przeznaczenie: Indoor / Outdoor
Materiał: Skóra kompozytowa"
Piłki do koszykówki,Wilson;1;Piłka do koszykówki Wilson NBA Team Alliance Boston Celtics;Wilson;119.00;1;100;https://sklepkoszykarski.pl/userdata/public/gfx/7472/pilka-do-koszykowki-boston-celtics.jpg, https://sklepkoszykarski.pl/userdata/public/gfx/7473/pilka-do-koszykowki-boston-celtics1.jpg;"Piłka do kosza Wilson NBA Team Alliance Boston Celtics 
jest to model, dla tych, którzy chcą
 
pokazać komu kibicują. Dzięki piłce do koszykówki 
Wilson NBA Team Alliance 
jest to możliwe. Wysokowydajna powłoka ""Pure Feel Cover"" nadaje tej piłce profesjonalne wyczucie, trwałość i ziarniste wykończenie. Logo 
Wilsona
 i logo zespołu są dopasowane kolorystycznie. Natomiast powłoka ""pure feel cover"" zapewnia pewne czucie piłki i trwałość na profesjonalnym poziomie. Podszewka zaś dba o dłuższe zatrzymywanie powietrza. ""NBA pro seams"" to nowa konstrukcja kanałów dopasowana do preferencji graczy, która znacznie poprawia komfort i jakość gry. Projekt zawiera logo i kolor drużyny Boston Celtics.


 


Rozmiar piłki: 7
Przeznaczenie: Indoor / Outdoor 
Materiał: Skóra kompozytowa"
Piłki do koszykówki,Wilson;1;Piłka do koszykówki Wilson NBA JAM indoor outdoor;Wilson;189.00;1;100;https://sklepkoszykarski.pl/userdata/public/gfx/7503/Pilka-do-koszykowki-Wilson-NBA-JAM-indoor-outdoor.jpg, https://sklepkoszykarski.pl/userdata/public/gfx/7504/Pilka-do-koszykowki-Wilson-NBA-JAM-indoor-outdoor.jpg;"Piłka do koszykówki Wilson NBA JAM indoor outdoor
 została zaprojektowana tak, aby dostarczyć Ci doświadczenie, które przeniesie Cię w atmosferę gry komputerowej bez względu na to, czy grasz na hali czy na betonie lub na orliku. Dzięki pokryciu z kompozytowej skóry PureFeel otrzymasz nie tylko profesjonalne wyczucie, ale również pełną kontrolę nad piłką. Prezentowana piłka do koszykówki z licencją NBA, przenosi graczy prosto do świata gier komputerowych. Jej powierzchnia ożywa pikselami, zapełniona hasłami z ekranu: ""On fire!"", ""boom-shaka-laka"", ""slam'a'jamma"", ""from downtown"", i ""can’t buy a bucket! 
Prezentowana piłka do koszykówki Wilson
 jest wytrzymała i trwała, posiada zaawansowaną technologię odprowadzania wilgoci zapewniającą lepszy chwyt oraz zoptymalizowany projekt głębokich kanałów.


 


Materiał: skóra kompozytowa
Przeznaczenie: indoor / outdoor
Rozmiar: 7"
Piłki do koszykówki,Wilson;1;Piłka do koszykówki Wilson NBA Jam Outdoor;Wilson;139.99;1;100;https://sklepkoszykarski.pl/userdata/public/gfx/7494/Pilka-do-koszykowki-Wilson-NBA-Jam-Outdoor.jpg, https://sklepkoszykarski.pl/userdata/public/gfx/7495/Pilka-do-koszykowki-Wilson-NBA-Jam-Outdoor.jpg;"Piłka do koszykówki Wilson NBA Jam Outdoor
 jest świetnym wyborem dla Ciebie jeśli lubisz rozgrywki na świeżym powietrzu. Inspirowana grafiką parkietu boiska z legendarnej ligi NBA, ta 
piłka do kosza
 nie tylko prezentuje się imponująco, ale również posiada wytrzymałą gumową powierzchnię z technologią All Surface, zapewniającą długotrwałe użytkowanie. Jej ulepszona konstrukcja z chropowatym wykończeniem ogranicza ślizganie się piłki w dłoni, co umożliwia intuicyjne prowadzenie - istotne podczas dynamicznych zmian kierunku gry. Dzięki wbudowanej butylowej dętce piłka zachowuje aerodynamiczny, kulisty kształt, a specjalne kanaliki pomiędzy panelami ułatwiają odprowadzanie wody.


Materiał: wzmocniona guma
Rozmiar: 7
Przeznaczenie: outdoor"
Piłki do koszykówki,Wilson;1;Piłka do koszykówki Wilson NBA Team Los Angeles Lakers Outdoor;Wilson;98.00;1;100;https://sklepkoszykarski.pl/userdata/public/gfx/7528/Pilka-do-koszykowki-Wilson-NBA-Team-Los-Angeles-Lakers-Outdoor.jpg, https://sklepkoszykarski.pl/userdata/public/gfx/7529/Pilka-do-koszykowki-Wilson-NBA-Team-Los-Angeles-Lakers-Outdoor.jpg;"Piłka do koszykówki Wilson NBA Team Los Angeles Lakers Outdoor
 posiada wytrzymałą i odporną na ścieranie gumową powierzchnię, gwarantując długotrwałe użytkowanie. Dzięki specjalnym kanalikom wilgoć jest skutecznie odprowadzana, co zapewnia doskonałą przyczepność nawet podczas intensywnych rozgrywek. Nowoczesna technologia zastosowana w produkcji zapewnia wyjątkową przyczepność, nawet w trudnych warunkach na boisku, sprawiając, że ta 
piłka do kosza Wilson
 jest idealna do gry zarówno na hali, jak i na betonie czy też asfalcie. Na jej powierzchni widnieje logo drużyny NBA-Los Angeles Lakers, co dodaje jej wyjątkowego charakteru. Ta 
piłka do koszykówki Wilson r 7
 to oficjalny produkt z licencją ligi NBA, potwierdzający autentyczność i wysoką jakość. Piłka występuje w eleganckiej kolorystyce czarno-fioletowej z charakterystycznymi żółtymi akcentami.


 


Przeznaczenie: outdoor
Rozmiar:7
Materiał: guma"
Piłki do koszykówki,Wilson;1;Piłka do koszykówki Wilson FIBA 3x3 Junior;Wilson;84.14;1;100;https://sklepkoszykarski.pl/userdata/public/gfx/7596/Pilka-do-koszykowki-Wilson-FIBA-3x3-Junior.jpg, https://sklepkoszykarski.pl/userdata/public/gfx/7597/Pilka-do-koszykowki-Wilson-FIBA-3x3-Junior.jpg;"Piłka do koszykówki Wilson FIBA 3x3 Junior
 wykonana z wysokiej jakości materiałów, wyróżnia się trwałością i odpornością na ścieranie, co sprawia, że nadaje się do użytku na różnych powierzchniach. Jej granulowana, antypoślizgowa powłoka zapewnia pewny chwyt oraz precyzyjne prowadzenie 
piłki do kosza Wilson
. Dzięki swojej wszechstronności, piłka doskonale sprawdza się na wszelkiego rodzaju zewnętrznych boiskach: zarówno na nawierzchniach asfaltowych, betonowych, ceglanych, jak i syntetycznych, np. na orlikach. Jej wzmocniona powłoka gwarantuje doskonałą przyczepność nawet na nierównych terenach oraz długotrwałą wytrzymałość. 
Piłka do koszykówki Wilson FIBA 3x3 Junior 
przeznaczona jest do rozgrywek 3x3 ale nie tylko.


Rozmiar: 5
Materiał: guma
Przeznaczenie: indoor / outdoor"
Piłki do koszykówki,Wilson;1;Piłka do koszykówki Wilson NBA Team San Antonio Spurs;Wilson;99.00;1;100;https://sklepkoszykarski.pl/userdata/public/gfx/7602/Pilka-do-koszykowki-Wilson-NBA-Team-San-Antonio-Spurs.jpg, https://sklepkoszykarski.pl/userdata/public/gfx/7603/Pilka-do-koszykowki-Wilson-NBA-Team-San-Antonio-Spurs.jpg;"Piłka do koszykówki Wilson NBA Team San Antonio Spurs
 wykonana została z doskonałego materiału, gwarantuje trwałość i wytrzymałość. Dzięki gumowej powierzchni odporniej na ścieranie, ta 
piłka do koszykówki Wilson
 zachowuje swoją jakość nawet podczas intensywnego użytkowania. Specjalne kanaliki zapewniają doskonałą przyczepność nawet przy wilgotnych warunkach, umożliwiając precyzyjne rzuty. Idealna do gry na różnorodnych nawierzchniach, od orlika po beton, asfalt, czy halę. Z dumą prezentuje logo drużyny NBA San Antonio Spurs na przedniej stronie, jako oficjalny produkt z licencją ligi NBA. W eleganckiej czarno-srebrnej kolorystyce, 
piłka do koszykówki Wilson NBA Team San Antonio Spurs
 jest nie tylko wyjątkowym narzędziem do gry, ale także wyrazem stylu i profesjonalizmu.


Rozmiar:7
Materiał: guma
Przeznaczenie: outdoor"
Piłki do koszykówki,Wilson;1;Piłka do koszykówki Wilson NBA Jr DRV Fam Logo;Wilson;99.90;1;100;https://sklepkoszykarski.pl/userdata/public/gfx/7635/Pilka-do-koszykowki-Wilson-NBA-Jr-DRV-Fam-Logo.gif, https://sklepkoszykarski.pl/userdata/public/gfx/7636/Pilka-do-koszykowki-Wilson-NBA-Jr-DRV-Fam-Logo.gif;"Piłka do koszykówki Wilson NBA Jr DRV Fam Logo
 jest wykonana z najwyższej jakości materiałów. Jest przeznaczona dla dzieci i początkujących, którzy uczą się grać w koszykówkę. Prezentowana 
piłka do koszykówki Wilson
 wykonana z wysokiej jakości gumy kompozytowej, jest trwała i odporna na ścieranie. Chropowata powierzchnia zapewnia doskonałą kontrolę i chwytność. Posiada standardową, 8-panelową konstrukcję, która zapobiega deformacjom. 
Piłka do koszykówki Wilson NBA Jr DRV Fam Logo
 ozdobiona jest logo Wilson oraz logotypami NBA i WNBA. Jest to oficjalny produkt licencjonowany przez NBA i WNBA, przeznaczony głównie do użytku zewnętrznego. Ten model 
piłki do koszykówki Wilson
 jest w kolorze pomarańczowym.


 


Materiał: guma
Przeznaczenie: outdoor
Rozmiar: 4 / 6"
Piłki do koszykówki,Wilson;1;Piłka do koszykówki Wilson WNBA authentic In/Out;Wilson;169.00;1;100;https://sklepkoszykarski.pl/userdata/public/gfx/7641/Pilka-do-koszykowki-Wilson-WNBA-authentic.gif, https://sklepkoszykarski.pl/userdata/public/gfx/7642/Pilka-do-koszykowki-Wilson-WNBA-authentic.gif;"Piłka do koszykówki Wilson WNBA authentic
 oferuje autentyczne doświadczenie i trwałość. Prezentowana 
piłka do koszykówki Wilson
 posiada powłokę Pure Feel, stworzona jest z zaawansowanych materiałów, zapewnia profesjonalne uczucie podczas gry. Dzięki wbudowanym kanałom i wykonaniu z 100% skóry kompozytowej, 
piłka do koszykówki Wilson WNBA authentic 
oferuje doskonałą przyczepność. Pozwala to na niezrównaną kontrolę zarówno boiskach wewnętrznych, jak i zewnętrznych.


Materiał: skóra kompozytowa
Przeznaczenie: indoor / outdoor
Rozmiar: 6"
Piłki do koszykówki,Wilson;1;Piłka do koszykówki Wilson Fiba 3X3 Paris 2024 (outdoor);Wilson;99.00;1;100;https://sklepkoszykarski.pl/userdata/public/gfx/7668/Pilka-do-koszykowki-Wilson-Fiba-3X3-Paris-2024-rozmiar-6.png;"Gumowa
 piłka do koszykówki Wilson FIBA 3X3 Paris 2024 (rozmiar 6)
 bazuje na oficjalnym modelu FIBA 3x3, oferuje wszystkie jego zalety i specyfikacje. Wyposażona w amortyzujący rdzeń, zapewnia miękkie odczucie i lepszą przyczepność, co jest preferowane przez zawodników. Technologia Wave Triple Threat z rowkami na powierzchni maksymalizuje łatwo dostępne punkty chwytu. Prezentowana 
piłka Wilson 3x3
 posiada wzór fali, który tworzy cztery razy więcej punktów przyczepności, a rowki są bliżej siebie, co poprawia uchwyt przy rzutach, podaniach, łapaniu i odbijaniu. Teksturowane gumowe kanały pokrywają 100% powierzchni, gwarantując maksymalne punkty przyczepności. 
Piłka do koszykówki Wilson FIBA 3X3 Paris 2024 (rozmiar 6) 
posiada ponadto wytrzymałą osłonę, co sprawia, że piłka nadaje się do gry na każdej nawierzchni.


Przeznaczenie: Outdoor
Rozmiar: 6
Materiał: 
guma"
Prezent dla koszykarza;1;Piłka do koszykówki Wilson NBA All Team Premiere;Wilson;239.00;1;100;https://sklepkoszykarski.pl/userdata/public/gfx/7976/Pilka-do-koszykowki-Wilson-NBA-All-Team-Premiere.png, https://sklepkoszykarski.pl/userdata/public/gfx/7977/Profesjonalna-pilka-Wilson-NBA-All-Team-Premiere-idealna-do-koszykowki-w-pomieszczeniach.png;"Piłka do koszykówki Wilson NBA All Team Premiere
 to idealna piłka dla fanów koszykówki NBA


Dla wszystkich miłośników koszykówki NBA, Piłka do koszykówki Wilson NBA All Team Premiere to idealny wybór. Jeżeli szukasz wyjątkowego połączenia wysokiego poziomu wykonania, niepowtarzalnego designu i wszechstronności, ten model spełni Twoje oczekiwania. 
Piłka Wilson NBA
 została zaprojektowana z myślą o graczach, którzy cenią dobrej jakości materiały i nowoczesne rozwiązania. Jej PURE FEEL COVER wyróżnia się fakturą imitującą skórę oraz haftowanymi 
logo wszystkich drużyn ligi NBA
, co czyni ją nie tylko piłką do gry, ale również symbolem pasji do najlepszej ligi koszykówki na świecie.


Wyjątkowe cechy Piłki Wilson NBA All Team Premiere:




Konstrukcja piłki zapewnia doskonałe czucie piłki
Dzięki technologii Dual Depth kanały są głębsze, co przekłada się na lepszą chwytliwość piłki i większą kontrolę podczas gry. To perfekcyjny wybór dla graczy oczekujących wysokiego poziomu precyzji.


Ciśnieniowy pęcherz gwarantuje długotrwałą trwałość
Specjalnie zaprojektowany ciśnieniowy pęcherz utrzymuje optymalny kształt i zapewnia wytrzymałość. Taka konstrukcja piłki gwarantuje równomierne odbicie oraz stabilność podczas każdej gry – nawet w meczach w najlepszej lidze.


Charakterystyczna chropowata powierzchnia dla lepszej przyczepności
Tłoczenia imitujące skórę nie tylko nadają elegancki wygląd, ale także zapewniają doskonałą przyczepność. To typ piłki, która sprawdzi się zarówno na boiskach wewnętrznych, jak i zewnętrznych.


Oficjalne logo ligi NBA
 oraz haftowane emblematy wszystkich drużyn sprawiają, że piłka wyróżnia się estetyką i jest świetnym wyborem do gry lub kolekcji.




Wszechstronność i trwałość na każdą okazję


Piłka do koszykówki Wilson NBA All Team Premiere
 to doskonały wybór na wszystkie typy boisk. Niezależnie od tego, czy grasz na hali, czy na świeżym powietrzu, ta piłka sprosta wymaganiom każdej gry. Konstrukcja piłki, wykończenie PURE FEEL COVER i zastosowanie zaawansowanych technologii czynią z niej niezastąpiony element wyposażenia każdego koszykarza.


Dlaczego warto wybrać Wilson NBA All Team Premiere?




Rozmiar piłki: Rozmiar 7 – oficjalny standard w profesjonalnych rozgrywkach.


Pure Feel zapewnia doskonałe czucie piłki – idealne zarówno dla amatorów, jak i zawodników.


Piłki Wilson zapewnią trwałość i wygodę użytkowania, doceniane przez graczy NBA.


Wilson oferuje piłki, które wyróżniają się jakością i wyjątkowym stylem.




Piłka do koszykówki Wilson NBA All Team Premiere – więcej niż piłka


To coś więcej niż narzędzie sportowe – to wyraz pasji do koszykówki. Wilson model NBA łączy piłki najwyższej jakości z unikalnym designem. Bez względu na to, czy szukasz prezentu, piłki do gry, czy do ekspozycji, 
Wilson NBA All Team Premiere
 sprosta wszystkim wymaganiom.


Nie czekaj – postaw na Wilson NBA All Team Premiere i graj jak zawodowcy w najlepszej lidze świata!"
Piłki do koszykówki,Wilson;1;Piłka do koszykówki Wilson NBA All Team Retro;Wilson;185.00;1;100;https://sklepkoszykarski.pl/userdata/public/gfx/7984/Unikalna-pilka-Wilson-NBA-All-Team-Retro-z-kolorowymi-logotypami-druzyn-NBA..png, https://sklepkoszykarski.pl/userdata/public/gfx/7985/Designerska-pilka-koszykarska-Wilson-NBA-All-Team-Retro-z-emblematami-druzyn-NBA..png;"Piłka do koszykówki Wilson NBA All Team Retro
 łączy w sobie wyjątkowy styl i najwyższej jakości wykonanie. Zainspirowana historią najlepszej ligi koszykówki, wyróżnia się klasycznymi logotypami drużyn NBA umieszczonymi na pokryciu
 PURE FEEL COVER
, które gwarantuje doskonałe czucie piłki oraz jej trwałość. To idealna piłka dla fanów koszykówki NBA i graczy poszukujących sprzętu, który łączy estetykę z funkcjonalnością.


Najważniejsze cechy:




Retro design: Logotypy drużyn NBA oddają hołd historii ligi NBA.


PURE FEEL COVER: Wyjątkowe wykończenie z charakterystyczną chropowatą powierzchnią, zapewniające lepszą chwytliwość piłki.


Konstrukcja piłki zapewnia trwałość: Ciśnieniowy pęcherz i kanał NBA Pro umożliwiają równomierne odbicie oraz dłuższe utrzymanie powietrza w piłce.


Wszechstronność: Ta piłka Wilson NBA jest odpowiednia do gry na wszystkich typach boisk – zarówno w pomieszczeniach, jak i na zewnątrz.




Dzięki technologii 
Dual Depth
, 
piłka NBA All Team Retro
 oferuje głębsze kanały, co przekłada się na doskonałe czucie piłki i lepszą kontrolę podczas gry. Standardowy Rozmiar 7 sprawia, że jest to idealna piłka zarówno dla zawodników NBA, jak i dla entuzjastów koszykówki na różnym poziomie zaawansowania.


Wilson, oferująca piłki najwyższej jakości, udowadnia, że ich asortyment piłek wilson spełnia najwyższe standardy graczy. Wybierz Wilson model NBA i ciesz się jakością oraz niezawodnością, które cenią zawodnicy NBA.


Nie czekaj – zakup piłki Wilson NBA All Team Retro i poczuj ducha najlepszej ligi koszykówki!"
Piłki do koszykówki,Wilson;1;Piłka do koszykówki Wilson NCAA  Outdoor;Wilson;99.00;1;100;https://sklepkoszykarski.pl/userdata/public/gfx/8040/Oficjalna-pilka-do-koszykowki-Wilson-NCAA-Outdoor-do-zewnetrznych-rozgrywek.png, https://sklepkoszykarski.pl/userdata/public/gfx/8035/Pilka-do-koszykowki-Wilson-NCAA-Outdoor.png;"Piłka do koszykówki Wilson NCAA Outdoor
 to piłka stworzona 
dla koszykarza
, który nie uznaje kompromisów. 
Total Grip Technology
 gwarantuje lepszą kontrolę nad piłką do koszykówki i pewny chwyt, co ułatwia drybling i celne rzuty. Jej 
głębokie kanały
 między panelami poprawiają stabilność i umożliwiają bardziej intuicyjną grę.


Pokrycie piłki zostało wykonane z przetworzonego kauczuku, co sprawia, że jest bardziej ekologiczna i przyjazna dla środowiska, co staje się coraz bardziej istotne 
dla koszykarzy
. Dodatkowo, specjalna powłoka ochronna pozwala na grę w każdych warunkach atmosferycznych, zapewniając trwałość i odporność na ścieranie.


Wbudowana 
technologia Pressure Lock
 pomaga utrzymać odpowiedni poziom ciśnienia wewnętrznego, co przekłada się na dłuższą żywotność piłki i optymalną sprężystość. Jeśli szukasz niezawodnej piłki do kosza do gry na boisku asfaltowym lub betonowym – 
Wilson NCAA Outdoor
 spełni wszystkie Twoje oczekiwania!


Piłka do koszykówki Wilson NCAA Outdoor
 parametry:








Rozmiar 


6 / 7 






Przeznaczenie


Outdoor






Materiał


Guma"
Piłki do koszykówki,Wilson;1;Piłka do koszykówki Wilson - Caitlin Clark;Wilson;120.00;1;100;https://sklepkoszykarski.pl/userdata/public/gfx/8088/Pilka-do-koszykowki-Wilson-rozmiar-6-z-autografem-Caitlin-Clark.png, https://sklepkoszykarski.pl/userdata/public/gfx/8089/Pilka-do-koszykowki-damska-Wilson-z-autografem-Caitlin-Clark.png;"Piłka do koszykówki dla kobiet Wilson - Caitlin Clark
 to piłka do koszykówki dla kobiet, limitowana edycja inspirowana talentem i pasją jednej z topowych zawodniczek. Łączy wyjątkowy design z profesjonalną jakością, a pastelowa kolorystyka symbolizuje marzenia i dążenie do doskonałości na boisku.


Piłka do koszykówki dla kobiet w rozmiarze 6
 zapewnia doskonałą kontrolę i przyczepność, co czyni ją idealnym wyborem zarówno dla początkujących, jak i bardziej zaawansowanych graczy. Jej powierzchnia dostosowana jest do dynamicznych treningów, dzięki czemu sprawdzi się zarówno w grze rekreacyjnej, jak i intensywnych rozgrywkach.


Najważniejsze cechy:
✔
 Oficjalny rozmiar 6
 – idealny dla zawodniczek i młodych koszykarek.
✔ 
Stylowy pastelowy design
 – inspirowany marzeniami i ambicjami Caitlin Clark.
✔ 
Doskonała przyczepność i kontrola
 – zapewniająca precyzję podczas rzutów i dryblingu.
✔ 
Piłka do koszykówki na zewnątrz
 – idealna do gry na asfalcie i betonowych boiskach.


Niezależnie od tego, czy trenujesz, czy po prostu kochasz grę w basket, 
piłka do koszykówki dla kobiet
 Wilson - Caitlin Clark będzie Twoim najlepszym towarzyszem na drodze do sukcesu. Dołącz do grona inspirujących zawodniczek i graj jak mistrzyni!








Rozmiar


6






Przeznaczenie


outdoor






Materiał


guma"
Piłki do koszykówki,Wilson;1;Piłka do koszykówki Wilson MVP Camo Bskt Blue;Wilson;82.00;1;100;https://sklepkoszykarski.pl/userdata/public/gfx/8173/wilson-pilka-do-koszykowki-6%2C-camo-niebieska%2C-tekstura-do-gry-outdoorowej.jpg, https://sklepkoszykarski.pl/userdata/public/gfx/8171/wilson-pilka-do-kosza%2C-wytrzymala-powierzchnia-camo%2C-dla-koszykarza.jpg;"Piłka do koszykówki Wilson MVP Camo Bskt Blue
 to doskonały wybór dla tych, którzy szukają balansu między jakością a stylowym designem. Ta 
piłka do koszykówki
 wyróżnia się nie tylko niebieskim, moro wzorem, ale przede wszystkim solidnym wykonaniem z odpornego na ścieranie tworzywa sztucznego. Jej w pełni granulowana powierzchnia z efektem antypoślizgowym gwarantuje pewny chwyt i komfort gry na każdym podłożu.


Szerokie kanały nylonowe zwiększają kontrolę nad 
piłką do kosza
, a ciśnieniowy pęcherz dba o optymalne ciśnienie i trwałość. 
Piłka do koszykówki Wilson MVP Camo Bskt Blue
 została zaprojektowana zgodnie z międzynarodowymi standardami – idealna dla koszykarza na każdym poziomie zaawansowania. Sprawdzi się zarówno do koszykówki rekreacyjnej, jak i treningowej. Dostępna również w wersji piłka do koszykówki 6 dla młodszych zawodników. Wybierz jakość i niezawodność od marki Wilson."
Piłki do koszykówki,Wilson;1;Piłka do koszykówki Wilson NBA Forge Plus Indoor/Outdoor;Wilson;189.00;1;100;https://sklepkoszykarski.pl/userdata/public/gfx/8319/Wilson-NBA-Forge-Plus--uniwersalna-pilka-do-koszykowki-rozmiar-7.jpg, https://sklepkoszykarski.pl/userdata/public/gfx/8318/Pilka-do-kosza-Wilson-NBA-Forge-Plus-z-certyfikatem.jpg;"Piłka do koszykówki NBA Forge Plus Indoor/Outdoor
 to idealne połączenie jakości, komfortu i wytrzymałości. Niezależnie od tego, czy grasz na hali, czy na ulicznym boisku – 
piłka do koszykówki NBA Forge Plus
 zapewni Ci doskonałą kontrolę i przewidywalność odbicia.


Wykonana z zaawansowanego materiału Pure Feel, z dodatkiem komponentów z recyklingu, jest nie tylko trwała, ale też wyjątkowo przyjemna w dotyku. Zastosowane NBA Pro Seams zapewniają profesjonalne wykończenie, a technologia Inflacja Retention Lining chroni przed utratą powietrza.


Jeśli zależy Ci na piłce do kosza, która sprawdza się wszędzie – postaw na 
piłkę do koszykówki NBA Forge Plus Indoor/Outdoor
. Graj jak zawodowiec z modelem 
forge plus
, stworzonym dla ambitnych koszykarzy.


Rozmiar: 7
Przeznaczenie: indoor / outdoor"
Piłki do koszykówki,Wilson;1;Piłka do koszykówki Wilson NBA Forge Plus Charcoal;Wilson;195.00;1;100;https://sklepkoszykarski.pl/userdata/public/gfx/8323/Wilson-NBA-Forge-plus-pilka-do-koszykowki-indoor-outdoor-na-asfalt-i-hale.jpg, https://sklepkoszykarski.pl/userdata/public/gfx/8320/Wilson-pilka-do-koszykowki-nba-Forge-Plus--model-do-gry-indoor-i-outdoor.jpg;"Piłka do koszykówki Wilson NBA Forge Plus Charcoal
 została zaprojektowana z myślą o intensywnej grze w każdych warunkach. Niezależnie od tego, czy trenujesz na hali, czy grasz na zewnątrz – ta 
piłka do koszykówki Wilson
 dostosowuje się do Twojego stylu.


Dzięki zastosowaniu wytrzymałej skóry kompozytowej i technologii Inflation Retention, piłka gwarantuje trwałość oraz stałe odbicie. To pełnowymiarowa 
piłka do koszykówki 7
, której zaufało wielu pasjonatów i zawodników. Model 
Wilson NBA Forge Plus Ball
 to idealny wybór dla koszykarzy, którzy cenią sobie kontrolę, estetykę i jakość wykonania.


Zagraj jak profesjonalista – wybierz 
piłkę do kosza NBA
 stworzoną przez markę Wilson, lidera w świecie koszykówki.


Rozmiar: 7
Przeznaczenie: Indoor / Outdoor"
Piłki do koszykówki,Wilson;1;Piłka do koszykówki Wilson Reaction Plus;Wilson;129.00;1;100;https://sklepkoszykarski.pl/userdata/public/gfx/8339/Pilka-do-koszykowki-Wilson-Reaction-Plus.jpg;"Piłka do koszykówki Wilson Reaction Plus
 to idealny wybór dla koszykarzy ceniących sobie uniwersalność i wysoką jakość. Stworzona do gry zarówno na hali, jak i na boiskach zewnętrznych, zapewnia trwałość, pewny chwyt i kontrolę nad 
piłką do kosza
 w każdych warunkach.


Dzięki konstrukcji ze skóry kompozytowej i dobrze wyprofilowanym kanalikom, 
piłka do koszykówki Wilson Reaction Plus
  świetnie leży w dłoni i pozwala na precyzyjne podania oraz rzuty. To doskonała 
piłka do koszykówki Wilson 6 lub 7
, którą docenią zarówno początkujący, jak i zaawansowani gracze.


Wilson Reaction Plus
 to sprawdzony sprzęt dla koszykarzy w każdym wieku – dostępna w rozmiarach 5, 6 i 7.


Rozmiar: 5 / 6 / 7
Materiał: skóra kompozytowa
Zastosowanie: indoor / outdoor"
Piłki do koszykówki,Wilson;1;Piłka do koszykówki Wilson NBA Forge Pro Midnight Indoor/Outdoor;Wilson;231.90;1;100;https://sklepkoszykarski.pl/userdata/public/gfx/8344/Pilka-do-kosza-Wilson-NBA-Forge-Pro-Midnight-rozmiar-7-na-hale-i-zewnatrz.jpg, https://sklepkoszykarski.pl/userdata/public/gfx/8345/Pilka-do-kosza-Wilson-7-z-logo-NBA--model-Forge-Pro-Midnight.jpg;"Piłka do koszykówki Wilson NBA Forge Pro Midnight Indoor/Outdoor
 to wyjątkowa 
piłka do kosza Wilson
, stworzona z myślą o grze zarówno na hali, jak i na zewnątrz. Jej powierzchnia zapewnia bardzo dobrą przyczepność i kontrolę podczas kozłowania oraz rzutów. Dzięki specjalnie zaprojektowanym kanałom i warstwie z miękkiego materiału, piłka dobrze leży w dłoni i daje pewność każdego ruchu.


To 
wilson piłka do koszykówki NBA w rozmiarze 7
, która wyróżnia się trwałością i równym odbiciem, niezależnie od nawierzchni. Idealna dla graczy szukających solidnej piłki do regularnych treningów i meczów. Świetny wybór 
dla koszykarza
, który ceni sobie jakość, wygodę i nowoczesny wygląd.


Parametry 
Piłka do koszykówki Wilson NBA Forge Pro Midnight Indoor/Outdoor:


Rozmiar: 7
Materiał: skóra kompozytowa
Przeznaczenie: indoor / outdoor"
Piłki do koszykówki,Molten;1;Piłka do koszykówki Molten BG3850;Molten;199.00;1;100;https://sklepkoszykarski.pl/userdata/public/gfx/7705/Pilka-do-koszykowki-Molten-BG3850.jpg, https://sklepkoszykarski.pl/userdata/public/gfx/7583/Pilka-do-koszykowki-Molten-BG3850.jpg;"Piłka do koszykówki Molten BG3850
 ma klasyczną strukturę powierzchni z wypustkami, co zapewnia dobry, pewny chwyt, kontrolę nad prowadzeniem i świetną przyczepność. Prezentowana 
piłka do kosza Molten
 jest optymalna do gry na hali i na zewnątrz. Ten topowy model wykonany jest ze skóry syntetycznej. A do tego ulepszono koncepcję powierzchni i amortyzacji.
Piłka do koszykówki Molten BG3850
 posiada certyfikat FIBA APPROVED.


Materiał: skóra kompozytowa
Rozmiar: 5 / 6 / 7
Przeznaczenie: indoor / outdoor"
Piłki do koszykówki,Molten;1;Piłka do koszykówki Molten BG4550;Molten;299.00;1;100;https://sklepkoszykarski.pl/userdata/public/gfx/7901/Pilka-do-koszykowki-Molten-BG4550.png, https://sklepkoszykarski.pl/userdata/public/gfx/7591/Pilka-do-koszykowki-Molten-BG4550.jpg;"Piłka do koszykówki Molten BG4550
 to najlepsza piłka wyczynowa, jest między innymi oficjalną piłką meczową ligi koszykówki kobiet i zachwyca doskonałą przyczepnością. Klasyczna struktura wypustek na powierzchni odpowiada za doskonałą kontrolę nad 
piłką do koszykówki Molten
.  Model jest odznaczony certyfikatem FIBA APPROVED. 
Piłka do koszykówki Molten BG4550
 wykonana jest z najwyższej jakości skóry syntetycznej. Posiada zoptymalizowaną warstwę amortyzującą.


  


Rozmiar: 5 / 6 / 7
Materiał: skóra kompozytowa
Przeznaczenie: indoor"
Piłki do koszykówki,Molten;1;Piłka do koszykówki Molten BG4050;Molten;259.00;1;100;https://sklepkoszykarski.pl/userdata/public/gfx/7693/Pilka-do-koszykowki-Molten-BG4050-FIBA.jpg;"Piłka do koszykówki Molten BG4050
 dzięki klasycznej strukturze z wypustkami na powierzchni charakteryzuje się bardzo dobrym chwytem i doskonale leży w dłoni. Jest to 
piłka do kosza Molten
 z tak zwanej górnej półki, za sprawą najwyższej jakości skóry syntetycznej, z której została wykonana. Klasyczna struktura wypustek na powierzchni zapewnia bardzo dobrą przyczepność oraz świetne wrażenia z gry dzięki optymalnemu zachowaniu podczas odbić i ulepszonej koncepcji amortyzacji. 


Piłka do koszykówki Molten BG4050
 posiada certyfikat FIBA APPROVED.


Rozmiar: 5 / 6 / 7 
Przeznaczenie: indoor
Materiał: skóra syntetyczna"
Piłki do koszykówki,Molten;1;Oficjalna piłka FIBA Molten BG5000 (skóra naturalna);Molten;459.00;1;100;https://sklepkoszykarski.pl/userdata/public/gfx/6977/Oficjalna-pilka-FIBA-Molten-BG5000-skora-naturalna.jpg;"Piłka do koszykówki Molten BG5000
. Flagowy model marki Molten. Ta piłka do koszykówki wykonana została z najwyższej jakości 
skóry naturalnej premium
. W pełni wykorzystane właściwości skóry naturalnej, aby zapewnić lepszą teksturę. Nowa, mniej śliska faktura powierzchnia pomaga zapewnić idealną przyczepność nawet w kontakcie z potem lub wilgocią. Poprawiona przyczepność. Stężenie piany zostało zwiększone o 35%, a warstwa podkładowa z pianki EVA została nałożona na nowo, dzięki czemu piłka jest miękka i łatwiejsza do kontrolowania.


Posiada aktualny certyfikat Fiba approved oraz najnowszy, oficjalny 12-panelowy design, którym charakteryzują się piłki marki Molten. Wykonana ze skóry kompozytowej o zwiększonej odporności na ścieranie. Podwójnie laminowana butylowa dętka oraz wewnętrzne nylonowe wzmocnienie zwiększa wytrzymałość piłki na utrzymywanie odpowiedniego ciśnienia powietrza.




Rozmiar: 7 / 6


Materiał: skóra naturalna


Dętka: butylowa


Ilość paneli: 12


Przeznaczenie: Indoor




Ofjalna piłka do koszykówki FIBA."
Piłki do koszykówki,Molten;1;Piłka do kosza Molten B7 D3500 Outdoor (czarna);Molten;169.00;1;100;https://sklepkoszykarski.pl/userdata/public/gfx/6978/Pilka-do-kosza-Molten-B7-D3500-Outdoor-czarna.jpg;"Piłka do kosza Molten B7D3500
 Outdoor. Wykonana została ze skóry syntetycznej specjalnie zaprojektowanej przez firmę Molten z jego oryginalnym 12 panelowym designem. Wyposażona została w podwójnie laminowaną butylo-gumową dętkę, a także w wzmocnienie wnętrza z nylonu, co poprawia wytrzymałość piłki na twardych nawierzchniach typu asfalt, beton i tartan. Ma także korzystny wpływ na utrzymywanie ciśnienia w piłce.


Prezentowany model wyróżnia się wśród innych piłek outdoorowych powierzchnią wykonaną ze skóry syntetycznej, kiedy znaczna większość wykonana jest z gumy. Dzięki temu zabiegowi dużo lepiej leży ona w dłoni i znacząco zwiększa komfort gry na zewnątrz. Piłka do koszykówki posiada błyszczącą warstwę ochronną, która matowieje po dłuższym graniu.




Piłka do koszykówki renomowanej firmy 
Molten,
 model 
B7D3500


Materiał: skóra syntetyczna


Posiada butylową dętka


Składa się z 12 paneli


Przeznaczona do gry na zewnątrz dzięki dodatkowej warstwie ochronnej


kolor: czarna


Rozmiar: 7


Przeznaczenie: Outdoor"
Piłki do koszykówki,Molten;1;Piłka do koszykówki Molten 3x3 FIBA Libertia;Molten;229.00;1;100;https://sklepkoszykarski.pl/userdata/public/gfx/6973/Pilka-do-koszykowki-Molten-3x3-Libertia.jpg;"Piłka do koszykówki Molten 3x3 FIBA Libertia
 jest oficjalną piłką meczową podczas finału światowej ligi uniwersyteckiej FISU w konkurencji 3x3 oraz oficjalną piłką dla licznych federacji krajowych na całym świecie współpracujących z Molten.


Dynamikę piłki koszykowej 
w rozmiarze 6 połączono z wagą piłki w rozmiarze 7
; połączenie mniejszego rozmiaru i większej wagi zapewnia dynamiczną grę i zmniejszenie wpływu wiatru podczas gry na zewnątrz. W celu zwiększenia widoczności piłka składa się z żółtych i niebieskich paneli oddzielonych pomarańczowymi łączeniami. Wszystkie mecze koszykówki 3x3 mają być rozgrywane piłką spełniającą powyższe standardy, niezależnie od kategorii wiekowej czy płci zawodników. Piłka meczowa Molten 
B33T5000
 Libertria 3x3 jest atestowana przez FIBA i spełnia nowe standardy FIBA.


Aby maksymalnie zwiększyć tempo gry w koszykówkę 
3x3
, 
piłka do koszykówki Molten 3x3 FIBA Libertia
 w odróżnieniu do tradycyjnych piłek do koszykówki wykonana jest ze skóry kompozytowej. Dzięki wyjątkowej przyczepności i odporności na ścieranie model B33T5000 Libertria 3x3 doskonale nadaje się do warunków intensywnej gry na zewnątrz.






Doskonała przyczepność i wyjątkowa wytrzymałość na ścieranie


Dzięki wodoodpornemu pokryciu ta 
piłka do kosza
 jest odporna na zużycie podczas intensywnej gry w wymagających warunkach na zewnątrz; pokrycie to nie ma negatywnego wpływu na jej przyczepność i dynamikę


Piłka składa się z 12 paneli


Kolorystyka zgodna z nowymi przepisami FIBA – kolory żółty i niebieski zapewniają doskonałą widoczność zarówno wewnątrz, jak i na zewnątrz


Obwód: 720-740 mm


Waga: 580-620 g






Rozmiar: 6"
Piłki do koszykówki,Molten;1;Piłka do kosza Molten B7 D3500 Outdoor;Molten;169.00;1;100;https://sklepkoszykarski.pl/userdata/public/gfx/6979/Pilka-do-kosza-Molten-B7-D3500-Outdoor.jpg;"Piłka do kosza Molten B7D3500
 Outdoor. Wykonana została ze skóry syntetycznej specjalnie zaprojektowanej przez firmę Molten z jego oryginalnym 12 panelowym designem. Wyposażona została w podwójnie laminowaną butylo-gumową dętkę, a wnętrze piłki zostało wzmocnione nylonem, co poprawia wytrzymałość piłki na twardych nawierzchniach typu asfalt, beton i tartan. Ma także korzystny wpływ na utrzymywanie ciśnienia w piłce.


Piłka do kosza Molten B7 D3500 Outdoor
 wyróżnia się wśród innych piłek outdoorowych powierzchnią wykonaną ze skóry syntetycznej, kiedy znaczna większość wykonana jest z gumy. Dzięki temu zabiegowi dużo lepiej leży ona w dłoni i znacząco zwiększa komfort gry na zewnątrz. Piłka do koszykówki posiada błyszczącą warstwę ochronną, która matowieje po dłuższym graniu.




Piłka do koszykówki renomowanej firmy 
Molten,
 model 
B7D3500


Piłka wykonana z wysokiej jakości skóry syntetycznej, laminowana


Posiada butylową dętka


Składa się z 12 paneli


Przeznaczona do gry na zewnątrz dzięki dodatkowej warstwie ochronnej


kolor: pomarańczowa


Rozmiar: 7"
Piłki do koszykówki,Molten;1;Piłka do koszykówki Molten BG4500 Orlen Basket Liga;Molten;259.00;1;100;https://sklepkoszykarski.pl/userdata/public/gfx/7897/Pilka-do-koszykowki-Molten-BG4500-Orlen-Basket-Liga.jpg, https://sklepkoszykarski.pl/userdata/public/gfx/7898/Pilka-do-koszykowki-Molten-BG4500-Orlen-Basket-Liga.jpg;"Oficjalna piłka do koszykówki polskiej ligi koszykarskiej - Energa Basket Liga. Dedykowana do grania na hali, używana podczas wszystkich oficjalnych rozgrywek, turniejach, jak i meczach polskiej reprezentacji narodowej.
Piłka do koszykówki 
Molten BG4500
 posiada certyfikat 
FIBA APPROVED
. Wykonana z wysokiej jakości skóry kompozytowej klasy premium. Dodatkowa warstwa podkładowa z gumowej pianki sprawia, że piłka jest bardziej miękka i łatwiejsza do kontrolowania. Posiada najnowszy, oficjalny 12-panelowy design, którym charakteryzują się piłki marki Molten. Wykonana ze skóry kompozytowej o zwiększonej odporności na ścieranie. Podwójnie laminowana butylo-gumowa dętka oraz wewnętrzne nylonowe wzmocnienie zwiększa wytrzymałość piłki na utrzymywanie odpowiedniego ciśnienia powietrza.




Rozmiar: 7


Materiał: 
skóra kompozytowa PREMIUM


Dętka: butylowa


Ilość paneli: 12




Przeznaczenie: Indoor"
Piłki do koszykówki,Molten;1;Ciężka piłka do koszykówki Molten B7M Heavy (1400g);Molten;128.00;1;100;https://sklepkoszykarski.pl/userdata/public/gfx/6976/Ciezka-pilka-do-koszykowki-Molten-B7M-1400g.jpg;"Ciężka piłka do koszykówki Molten B7M heavy
, przeznaczona specjalnie do treningu. Dostępna w 2 wariantach: rozmiar 7 o wadze 1400g oraz rozmiar 6 trochę lżejszy o wadze 1200g.




Piłka do koszykówki
 renomowanej firmy 
Molten
, model 
BM-7 Heavy


Specjalny model piłki o zwiększonej wadze przeznaczonej do treningów


Wykonana z wysokiej jakości gumy kompozytowej


Waga piłki 1400g (rozmiar 7) i 1200g (rozmiar 6)


Piłka w rozmiarze: 7 / 6"
Piłki do koszykówki,Molten;1;Piłka do koszykówki Molten BG2000;Molten;75.00;1;100;https://sklepkoszykarski.pl/userdata/public/gfx/6974/Pilka-do-koszykowki-Molten-BG2000.jpg, https://sklepkoszykarski.pl/userdata/public/gfx/6975/Pilka-do-koszykowki-Molten-BG2000.jpg;"Piłka do koszykówki Molten BG2000
 wykonana została z wysokiej jakości gumy. Posiada atest Fiba Approved. Produkowana już od rozmiaru 3, czyli do grania od najmłodszych lat. 
Piłka do koszykówki
 posiada butylową dętkę oraz 12 panelowy wzór, charakterystyczny dla marki Molten. 




Rozmiar: 7 / 6 / 5 / 3


Materiał: guma


Dętka: butylowa


Ilość paneli: 12


Przeznaczenie: Indoor / Outdoor"
Piłki do koszykówki,Molten;1;Piłka do koszykówki Molten B3G2000 rozmiar 3;Molten;69.00;1;100;https://sklepkoszykarski.pl/userdata/public/gfx/7533/Pilka-do-koszykowki-Molten-BG2000-rozmiar-3.jpg, https://sklepkoszykarski.pl/userdata/public/gfx/7534/Pilka-do-koszykowki-Molten-BG2000-rozmiar-3.jpg;"Piłka do koszykówki Molten B3G2000 rozmiar 3
 wykonana jest z gumy najwyższej jakości. Prezentowana 
piłka do koszykówki Molten
  posiada certyfikat Fiba Approved, co gwarantuje jej wytrzymałość. Dostępna w rozmiarze 3, ta piłka została zaprojektowana z myślą o graczach od najmłodszych lat. Z butylową dętką i 12-panelowym wzorem charakterystycznym dla marki Molten, zapewnia nie tylko wyjątkową trwałość, ale także doskonałą kontrolę i precyzję podczas gry. 


 


Rozmiar: 3
Materiał: guma
Dętka: butylowa
Ilość paneli: 12
Przeznaczenie: Indoor / Outdoor"
Kosze do koszykówki,Mini tablice;1;Mini piłka do koszykówki Molten BG200;Molten;54.00;1;100;https://sklepkoszykarski.pl/userdata/public/gfx/7182/Mini-pilka-do-koszykowki-Molten-BG200.jpg;"Mini piłka do koszykówki Molten
 to mikro 
piłka do koszykówki Molten
 do mini tablic, które posiadają metalową obręcz. Do jej produkcji wykorzystano najwyższej jakości gumę. Posiada średnicę 13 cm dzięki czemu idealnie mieści się w dłoni i pasuje do wszystkich tablic do pokoju, zarówno marki Wilson, jak i Spalding.


Przeznaczenie: Outdoor
Średnica: około 13 cm.
Materiał: guma
Rozmiar: 1"
Piłki do koszykówki,Molten;1;Piłka do koszykówki Molten BG3000 (In/Out);Molten;119.00;1;100;https://sklepkoszykarski.pl/userdata/public/gfx/7527/Pilka-do-koszykowki-Molten-BG3000.png;"Piłka do kosza Molten BG3000 to nowa konstrukcja piłki została zaprojektowana z myślą o zapewnieniu większej spójności dotyku w każdym jej miejscu, dzięki spłaszczonym szwom i innowacyjnym rozwiązaniom. Piłka wykorzystuje technologię Dual Cushion, co przekłada się na wydłużony i wyższy poziom odbicia. Jej nowa budowa i kolorystyka sprawiają, że jest znacznie lepiej widoczna na boisku, co z kolei wpływa na większą precyzję w grze.


Piłka do koszykówki BG3000 została zgrzana termicznie i wykonana z wysokiej jakości skóry syntetycznej, co gwarantuje nie tylko dobry chwyt, ale również estetyczny wygląd oraz trwałość. Specjalistyczny nylonowy oplot nadaje piłce integralność i trwałość, a gładki korpus i głębokie kanały zapewniają delikatniejsze czucie oraz wytrzymałość. Pokrycie ze skóry syntetycznej ma zaawansowany system odprowadzania wilgoci, co poprawia chwyt zarówno na sucho, jak i na mokro.


Molten BG3000 jest polecana zarówno jako pierwsza piłka ze skóry dla początkujących, jak i do treningów na hale szkolne. Doskonale trzyma się dłoni i jest odpowiednia dla drużyn amatorskich oraz wszystkich, którzy wcześniej grali piłkami gumowymi. To doskonały wybór dla miłośników koszykówki, którzy cenią sobie jakość i precyzję w grze.


Przeznaczenie
:
 
Indoor / Outdoor
Materiał
: 
skóra syntetyczna
Rozmiar: 7"
Piłki do koszykówki,Molten;1;Piłka do koszykówki Molten SB4 rozmiar 4;Molten;70.00;1;100;https://sklepkoszykarski.pl/userdata/public/gfx/7418/Pilka-do-mini-koszykowki-Molten-LIGHT-290g-SB4.jpg, https://sklepkoszykarski.pl/userdata/public/gfx/7821/Pilka-do-koszykowki-Molten-SB4.jpg;"Piłka do koszykówki rozmiar 4 Molten dla dzieci do mini koszykówki o obniżonej wadze SB4. Jej waga wynosi 290g a rozmiar to 4. Idealna dla najmniejszych koszykarzy, którzy zaczynają swoją przygodę z koszykówką. Zalecane dla dzieci od 5 do 10 roku życia. Dodatkowo posiada grafikę dłoni, która pomaga ułożyć prawidłowo dłoń przy rzucie. Jest to jedyna obecnie dostęna na rynku piłka do kosza w rozmiarze 4. Dodatkowo na piłce narysowana jest dłoń, która pomaga w prawidłowym ułożeniu ręki do treningów rzutów do kosza.


Specyfikacja:




Piłka przeznaczona do gry zarówno na sali jak i na zewnątrz






Lekka piłka przeznaczona dla najmłodszych adeptów koszykówki






Zalecana do treningu koszykówki dla dzieci w kategoriach wiekowych 8-10 lat






Grafika do prawidłowego ułożenia dłoni przy rzucie do kosza






Dobra przyczepność






Wykonana z gumy






Składa się z 8 paneli






Piła w rozmiarze 4






Waga: 290 g"
Piłki do koszykówki,Molten;1;Ciężka piłka do koszykówki Molten B6M Heavy (1400g);Molten;128.00;1;100;https://sklepkoszykarski.pl/userdata/public/gfx/8328/Ciezka-pilka-do-koszykowki-Molten-B6M-Heavy-1400g.jpg;"Ciężka piłka do koszykówki Molten B6M Heavy (1400g)
 to zaawansowane narzędzie treningowe stworzone z myślą o koszykarzach, którzy chcą wzmocnić mięśnie przedramion i poprawić kontrolę nad 
piłką do koszykówki
. Dzięki zwiększonej wadze 1400 g oraz zachowanej sprężystości piłka idealnie symuluje warunki gry, jednocześnie stawiając większy opór podczas podań i kozłowania.
Ten model w rozmiarze 6 to świetna 
ciężka piłka do koszykówki 
do codziennych treningów technicznych i siłowych. Jeśli szukasz produktu, który pomoże Ci osiągnąć wyższy poziom sportowy – wybierz sprawdzoną 
piłkę do koszykówki Molten
, stworzoną z myślą o wymagających zawodnikach.
Rozmiar: 6 / 7
Materiał: wysokiej jakości guma"
Piłki do koszykówki,Molten;1;Piłka do koszykówki Molten B7F3501-WB (Outdoor);Molten;162.00;1;100;https://sklepkoszykarski.pl/userdata/public/gfx/8330/Pilka-do-koszykowki-Molten-B7F3501-WB.jpg;"Piłka do koszykówki Molten B7F3501-WB 
– limitowana edycja, która zachwyca nie tylko wyglądem, ale i funkcjonalnością. To 
molten piłka do koszykówki
 zaprojektowana do gry outdoorowej – doskonała na asfalt i betonowe boiska. Wytrzymała, syntetyczna powierzchnia i precyzyjna 12-panelowa budowa sprawiają, że gra staje się czystą przyjemnością. To 
piłka do kosza molten 7
, która oferuje świetną przyczepność, trwałość i nowoczesny styl. 
Piłka do koszykówki Molten B7F3501-WB 
 to idealna 
piłka do kosza outdoor
 dla każdego, kto gra z pasją – niezależnie od pogody i nawierzchni.
Przeznaczenie: piłka do kosza outdoor
Materiał: skóra syntetyczna
Rozmiar: 7"
Piłki do koszykówki,Molten;1;Piłka do koszykówki Molten B7F3501-WG (Outdoor);Molten;162.00;1;100;https://sklepkoszykarski.pl/userdata/public/gfx/8329/Pilka-do-koszykowki-Molten-B7F3501-WG.jpg;"Piłka do koszykówki Molten B7F3501-WG
 – limitowana edycja, która łączy trwałość i styl. Stworzona do gry outdoorowej, zachwyca nowoczesnym wzorem graffiti i świetnie trzyma się dłoni dzięki syntetycznej skórze. To 
Molten piłka do koszykówki
 w rozmiarze 7, idealna na boiska asfaltowe i betonowe. 12-panelowa budowa zapewnia precyzję, a zielona kolorystyka wyróżnia się na tle klasycznych modeli. 
Piłka do kosza Molten
, która została stworzona przez graczy – dla graczy. 
Parametry 
Piłka do koszykówki Molten B7F3501-WG:
Przeznaczenie: piłka do kosza outdoor
Materiał: skóra syntetyczna
Rozmiar: 7"
Piłki do koszykówki,Molten;1;Piłka do koszykówki gumowa softball Molten Soft Touch;Molten;49.00;1;100;https://sklepkoszykarski.pl/userdata/public/gfx/8343/Pilka-do-koszykowki-gumowa-softball-Molten-Soft-Touch.jpg;"Piłka do koszykówki gumowa softball Molten Soft Touch
 to wyjątkowo lekka i elastyczna piłka stworzona z myślą o dzieciach oraz osobach rozpoczynających przygodę z koszykówką. Jej miękka powierzchnia Soft Touch oraz wykonanie z bezpiecznej gumy sprawiają, że idealnie nadaje się do nauki rzutów i rekreacyjnej gry – zarówno w hali, jak i na świeżym powietrzu.


Z średnicą 190 mm i wagą 235 g, 
gumowa piłka do koszykówki dla dzieci Molten
 jest wygodna w użytkowaniu i odporna na uszkodzenia.


Piłka do koszykówki gumowa softball Molten Soft Touch
 to świetny wybór dla szkół, domowych boisk i sportowych zajęć.




Dla dzieci i początkujących


Miękka piłka do koszykówki


Uniwersalne zastosowanie"
CZYSZCZENIE MAGAZYNU do -60 %;1;Piłka do koszykówki Nike Everyday All Court 8P;;119.99;1;100;https://sklepkoszykarski.pl/userdata/public/gfx/7106/Pilka-do-koszykowki-Nike-Everyday-All-Court-8P.jpg, https://sklepkoszykarski.pl/userdata/public/gfx/7107/pilka-do-koszykowki-nike-everyday-all-court-8p.png;"Piłka do koszykówki Nike Everyday All Court 8P
 to piłka do koszykówki marki Nike dedykowana na wszystkie nawierzchnie. Model 
Everyday All Court 8 P
 to seria piłek Indood / Outdoor idealna zarówno do gry na hali, jak i na zewnątrz. Piłka jest w kolorystyce granatu, czerwieni i bieli. Seria Everyday All Court 8P charakteryzuje się niezwykle oryginalną kolorystyką, co pozwoli odróżnić się na boisku, a jak połączymy to z wysoką jakością wykonania, to mamy idealną piłkę do gry w koszykówkę. Materiał, z którego została wykonana to skóra kompozytowa dobrze trzymająca się dłoni.


Kolor: game royal / black / metallic silver / black
Numer katalogowy: N.100.4369.470.07
Materiał: skóra kompozytowa
Przeznaczenie: Indoor (do środka) i Outdoor (na zewnątrz)
rozmiar: 7"
Piłki do koszykówki,Nike;1;Piłka do koszykówki Nike Everyday All Court 8P Black/White;;129.90;1;100;https://sklepkoszykarski.pl/userdata/public/gfx/7115/Pilka-do-koszykowki-nike-everyday-playground-8P.jpg, https://sklepkoszykarski.pl/userdata/public/gfx/7116/Pilka-do-koszykowki-nike-everyday-playground-8P.jpg;"Piłka do koszykówki Nike Everyday All Court 8P
 posiada doskonały grip, który umożliwia precyzyjną kontrolę podczas akcji na boisku. Wytrzymałość na lata to kolejna z korzyści, które reprezentuje ta piłka do kosza. Model ten dedykowany jest na wszystkie nawierzchnie.
 Piłka do kosza Everyday All Court 8 
należy do serii piłek Indoor / Outdoor, co oznacza, że jest idealna zarówno do gry na hali, jak i na zewnątrz. Seria Everyday All Court 8P charakteryzuje się niezwykle oryginalną kolorystyką, co pozwoli odróżnić się na boisku, a jak połączymy to z wysoką jakością wykonania, to mamy idealną piłkę do gry w koszykówkę. Materiał, z którego została wykonana piłka to skóra kompozytowa dobrze trzymająca się dłoni. Zaprojektowana została z myślą o ciągłym wysiłku i intensywnych treningach, pozostanie w doskonałym stanie przez wiele sezonów.


 


Materiał: Skóra kompozytowa
Rozmiar: 7
Przeznaczenie: Indoor / Outdoor"
CZYSZCZENIE MAGAZYNU do -60 %;1;Piłka do koszykówki Nike Everyday All Court 8P Blue;;159.90;1;100;https://sklepkoszykarski.pl/userdata/public/gfx/7111/pilka-do-koszykowki-everyday-all-court-8p-blue.jpg, https://sklepkoszykarski.pl/userdata/public/gfx/7112/pilka-do-koszykowki-everyday-all-court-8p-blue.jpg;"Piłka do koszykówki Nike Everyday All Court 8P Blue
 to świetny wybór dla każdego entuzjasty koszykówki. Model ten dedykowany jest na wszystkie nawierzchnie.
 Model Everyday All Court 8 
to seria piłek Indoor / Outdoor idealna zarówno do gry na hali, jak i na zewnątrz. Seria Everyday All Court 8P charakteryzuje się niezwykle oryginalną kolorystyką, co pozwoli odróżnić się na boisku, a jak połączymy to z wysoką jakością wykonania, to mamy idealną piłkę do gry w koszykówkę. Materiał, z którego została wykonana piłka to skóra kompozytowa dobrze trzymająca się dłoni.


Bez względu na to, czy grasz na twardym podłożu, parkiecie czy na zewnątrz, ta 
piłka do koszykówki
 dostarczy Ci niezrównaną kontrolę, precyzję podczas gry.  Ta piłka została wykonana z najwyższej jakości materiałów, aby sprostać nawet najtrudniejszym wyzwaniom na boisku. Jej trwała konstrukcja zapewnia długą żywotność i minimalizuje zużycie, co oznacza, że będziesz cieszyć się nią przez wiele sezonów gry. Nie musisz się martwić o uszkodzenia czy wytarcia. Ta piłka do kosza nie tylko oferuje doskonałą jakość gry, ale także prezentuje się wyjątkowo stylowo. Jej atrakcyjny niebieski kolor z efektownym wzorem robi wrażenie na boisku.


 


Kolor: Blue
Numer katalogowy: N.100.4369.507.07
Materiał: skóra kompozytowa
Przeznaczenie: Indoor (do środka) i Outdoor (na zewnątrz)
rozmiar: 7"
CZYSZCZENIE MAGAZYNU do -60 %;1;Piłka do koszykówki Nike Everyday All Court 8P Orange;;129.99;1;100;https://sklepkoszykarski.pl/userdata/public/gfx/7108/Pilka-do-koszykowki-Nike-Everyday-All-Court-8P-Orange.jpg;"Piłka do koszykówki Nike Everyday All-Court 8P Orange
 posiada doskonały grip, dzięki czemu zapewnia pewny chwyt, umożliwiając precyzyjne podania i celne rzuty na kosz. Soczysty pomarańczowy kolor tej 
piłki do kosza
 przyciąga uwagę na boisku, a jej unikalny design dodaje stylu. Ta 
piłka do koszykówki Nike
 została wykonana z najwyższej jakości materiałów, co gwarantuje długotrwałą wytrzymałość. Bez względu na intensywność Twoich treningów czy meczów, ta piłka pozostanie w doskonałym stanie.


 


Materiał: Skóra kompozytowa
Przeznaczenie: Indoor / Outdoor
Rozmiar: 5 / 6 / 7"
Piłki do koszykówki,Nike;1;Piłka do koszykówki Nike Everyday Playground 8P Next (rozmiar 5);;99.90;1;100;https://sklepkoszykarski.pl/userdata/public/gfx/7119/pilka-do-koszykowki-nike-everyday-playground-8p-next-nature.jpg, https://sklepkoszykarski.pl/userdata/public/gfx/7120/pilka-do-koszykowki-nike-everyday-playground-8p-next-nature.jpg;"Prezentowana 
piłka do koszykówki Nike Everyday Playground 8P Next Nature
 
Black
 to połączenie doskonałej jakości, precyzji i niezawodnej wytrzymałości. Dzięki zastosowaniu najnowszych technologii i wysokiej jakości materiałów, możesz być pewien, że ta piłka przetrwa długie godziny intensywnej gry na boisku bez najmniejszego uszczerbku na jakości. Testowana przez profesjonalistów! Piłka do kosza Nike została poddana rygorystycznym testom przez profesjonalnych graczy, którzy wymagają najlepszego sprzętu, by osiągnąć mistrzostwo. Z dumą możemy powiedzieć, że model ten przeszedł te testy z wyróżniającym się wynikiem, zdobywając uznanie nawet najbardziej wymagających zawodników. Ponadto ten model posiada unikalny design, inspirowany naturą, przyciąga uwagę i dodaje charakteru Twojej grze.


 


 


Rozmiar: 5 / 6 / 7
Materiał: Guma
Przeznaczenie: Outdoor"
Piłki do koszykówki,Nike;1;Piłka do koszykówki Nike Everyday Playground 8P Next Nature;;99.99;1;100;https://sklepkoszykarski.pl/userdata/public/gfx/7113/pilka-do-koszykowki-nike-everyday-playground-8p-next-nature.jpg, https://sklepkoszykarski.pl/userdata/public/gfx/7114/pilka-do-koszykowki-nike-everyday-playground-8p-next-nature.jpg;"Prezentowana 
piłka do koszykówki Nike Everyday Playground 8P Next Nature
 to połączenie doskonałej jakości, precyzji i niezawodnej wytrzymałości. Dzięki zastosowaniu najnowszych technologii i wysokiej jakości materiałów, możesz być pewien, że ta piłka przetrwa długie godziny intensywnej gry na boisku bez najmniejszego uszczerbku na jakości. Testowana przez profesjonalistów! Piłka do kosza Nike została poddana rygorystycznym testom przez profesjonalnych graczy, którzy wymagają najlepszego sprzętu, by osiągnąć mistrzostwo. Z dumą możemy powiedzieć, że model ten przeszedł te testy z wyróżniającym się wynikiem, zdobywając uznanie nawet najbardziej wymagających zawodników. Ponadto ten model posiada unikalny design, inspirowany naturą, przyciąga uwagę i dodaje charakteru Twojej grze.


 


 


Rozmiar: 5 / 6 / 7
Materiał: Guma
Przeznaczenie: Outdoor"
CZYSZCZENIE MAGAZYNU do -60 %;1;Piłka do koszykówki Air Jordan Ultimate 2.0 8P;;169.00;1;100;https://sklepkoszykarski.pl/userdata/public/gfx/7134/pilka-do-koszykowki-jordan-ultimate-2-0-8p.jpg, https://sklepkoszykarski.pl/userdata/public/gfx/7135/pilka-do-koszykowki-jordan-ultimate-2-0-8p.jpg;"Piłka do koszykówki Air Jordan Ultimate 2.0 8P
 zapewnia nie tylko najwyższą jakość, ale także niezawodną kontrolę i precyzję podczas każdej akcji na boisku. Przy produkcji wykorzystane zostały zaawansowane technologie, które sprawiają, że gra staje się prawdziwą przyjemnością. Zastosowane materiały gwarantują trwałość i odporność na intensywną grę. Piłka ta reprezentuje unikalny design, który łączy klasyczną estetykę z nowoczesnością. 
Piłka do koszykówki Air Jordan Ultimate 
posiada 8-panelową konstrukcję, która ma na celu zwiększenie wytrzymałości i utrzymanie idealnego kształtu.


Prezentowany model 
piłki Air Jordan
 stworzony został do gry zarówno na parkiecie (indoor), jak i na zewnątrz (outdoor), gwarantuje komfort w trakcie rozgrywki, dzięki wykorzystaniu materiałów przyjemnych w dotyku. Dzięki użyciu wysokogatunkowej gumy, produkt jest trwały i posłuży przez długi czas. Zastosowanie zaawansowanych paneli zwiększa kontrolę nad piłką podczas gry, a chropowata faktura zapewnia doskonałą przyczepność do dłoni. Na przedniej stronie umieszczono charakterystyczne logo marki Air Jordan oraz wyraźny napis ""Jordan"".


 


Przeznaczenie: indoor / outdoor
Rozmiar: 7
Materiał: 85% guma, 15% skóra syntetyczna"
Piłki do koszykówki,Jordan;1;Piłka do koszykówki Jordan Ultimate 2.0 8P Blue;;199.00;1;100;https://sklepkoszykarski.pl/userdata/public/gfx/7129/pilka-do-koszykowki-jordan-ultimate-2-0-8p.jpg, https://sklepkoszykarski.pl/userdata/public/gfx/7130/pilka-do-koszykowki-jordan-ultimate-2-0-8p.jpg;"Piłka do koszykówki Air Jordan Ultimate 2.0 8P
 zapewnia nie tylko najwyższą jakość, ale także niezawodną kontrolę i precyzję podczas każdej akcji na boisku. Podczas produkcji zostały zastosowane zaawansowane technologie i użyte wyjątkowo trwałe materiały. Ta piłka łączy klasyczny design z nowoczesnym stylem, posiada 8-panelową konstrukcję, zapewniając wytrzymałość i idealny kształt.


Możesz nią grać zarówno na parkiecie, jak i na zewnątrz, ciesząc się komfortem dzięki przyjemnym materiałom w dotyku. Wysokogatunkowa guma gwarantuje trwałość, a zaawansowane panele zapewniają kontrolę nad piłką, chropowata faktura zaś doskonałą przyczepność do dłoni. Na froncie znajdziesz charakterystyczne logo marki Air Jordan i napis ""Jordan"". To piłka, która zaspokoi potrzeby zarówno profesjonalnych graczy, jak i amatorów koszykówki.


 


Przeznaczenie: indoor / outdoor
Rozmiar: 7
Materiał: 85% guma, 15% skóra syntetyczna"
CZYSZCZENIE MAGAZYNU do -60 %;1;Piłka do koszykówki Jordan Ultimate 2.0 8P Red;;169.00;1;100;https://sklepkoszykarski.pl/userdata/public/gfx/7133/Pilka-do-koszykowki-Jordan-Ultimate-2.0-8P-Red.jpg;"Piłka do koszykówki Air Jordan Ultimate 2.0 8P
 zapewnia nie tylko najwyższą jakość, ale także niezawodną kontrolę i precyzję podczas każdej akcji na boisku. Podczas produkcji zostały zastosowane zaawansowane technologie i użyte wyjątkowo trwałe materiały. Ta piłka łączy klasyczny design z nowoczesnym stylem, posiada 8-panelową konstrukcję, zapewniając wytrzymałość i idealny kształt.


Możesz nią grać zarówno na parkiecie, jak i na zewnątrz, ciesząc się komfortem dzięki przyjemnym materiałom w dotyku. Wysokogatunkowa guma gwarantuje trwałość, a zaawansowane panele zapewniają kontrolę nad piłką, chropowata faktura zaś doskonałą przyczepność do dłoni. Na froncie znajdziesz charakterystyczne logo marki Air Jordan i napis ""Jordan"". To piłka, która zaspokoi potrzeby zarówno profesjonalnych graczy, jak i amatorów koszykówki.


 


Przeznaczenie: indoor / outdoor
Rozmiar: 7
Materiał: 85% guma, 15% skóra syntetyczna"
Piłki do koszykówki,Mikasa;1;Piłka do koszykówki Mikasa BB702B;Mikasa;69.90;1;100;https://sklepkoszykarski.pl/userdata/public/gfx/7579/Pilka-do-koszykowki-Mikasa-BB702B.jpg, https://sklepkoszykarski.pl/userdata/public/gfx/7580/Pilka-do-koszykowki-Mikasa-BB702B.jpg;"Piłka do koszykówki Mikasa BB702B
 została stworzona z myślą o przyjemnych rekreacyjnych meczach na nawierzchniach asfaltowych. Jej chropowata powierzchnia zapewnia doskonałą przyczepność i pewny chwyt, podczas gdy wewnętrzna butylowa dętka gwarantuje trwałość i stabilność. Dodatkowo, kanaliki pomiędzy panelami ułatwiają odprowadzanie wody, co sprawia, że 
piłka do koszykówki Mikasa BB702B
 jest odpowiednia także do gry w deszczowe dni. Dzięki wytrzymałej, gumowej konstrukcji oraz teksturowanej powłoce zewnętrznej, 
piłka do kosza Mikasa
 zapewnia komfort i satysfakcję podczas każdej rozgrywki.


Rozmiar: 7
Materiał: guma
Przeznaczenie: outdoor"
Piłki do koszykówki,Mikasa;1;Piłka do koszykówki Mikasa BQ1000 meczowa;Mikasa;199.00;1;100;https://sklepkoszykarski.pl/userdata/public/gfx/7566/Pilka-do-koszykowki-Mikasa-BQ1000-meczowa.jpg;"Piłka do koszykówki Mikasa BQ1000 meczowa
 jest odporna i niezawodna do gry na hali, stworzona z myślą o profesjonalnych zawodnikach. Zapewnia doskonały chwyt dzięki głębokim kanalikom oraz wyjątkową kontrolę podczas gry. Prezentowana 
piłka do koszykówki
 wykonana jest z wysokiej jakości skóry syntetycznej oraz laminowanej konstrukcji, co gwarantuje trwałość i wytrzymałość. Homologowana przez FIBA, aby spełnić najwyższe standardy jakości.


Rozmiar: 7 (74,9 – 78cm)
Waga: 567 – 650g
Materiał: Wysokiej jakości skóra syntetyczna
Konstrukcja: Laminowana
Przeznaczenie: Indoor"
Piłki do koszykówki,Mikasa;1;Piłka do koszykówki Mikasa BQJ1000;Mikasa;241.00;1;100;https://sklepkoszykarski.pl/userdata/public/gfx/7570/Pilka-do-koszykowki-Mikasa-BQJ1000.jpg;"Piłka do koszykówki Mikasa BQJ1000
 to świetny model stworzony na potrzeby meczów rozgrywanych w halach sportowych. Ta 
piłka do koszykówki Mikasa
 wykonana jest z kompozytu skórnego, zewnętrzna warstwa piłki cechuje się wyjątkową odpornością na ścieranie, co nie tylko poprawia kontrolę, ale także zapewnia lepszą przyczepność do podłoża. Dzięki teksturze wykończenia, zapewnia pewny chwyt i intuicyjne prowadzenie piłki, ułatwiając Ci podania do współzawodników, co znacząco zmienia dynamikę gry. Wewnętrzna butylowa dętka dba o zachowanie sprężystości i kształtu piłki, natomiast specjalne kanały pomiędzy panelami zwiększają wytrzymałość i chwytliwość
 piłki do koszykówki Mikasa BQJ1000
, szczególnie podczas dynamicznych zmian kierunku gry. Posiada oficjalny atest FIBA APPROVED, zapewniający najwyższą jakość i zgodność z międzynarodowymi standardami.


Rozmiar: 5
Przeznaczenie: indoor
Materiał: skóra kompozytowa"
Piłki do koszykówki,Mikasa;1;Piłka do koszykówki Mikasa BR1100 treningowa;Mikasa;69.00;1;100;https://sklepkoszykarski.pl/userdata/public/gfx/7567/Pilka-do-koszykowki-Mikasa-BR1100-treningowa.jpg;"Piłka do koszykówki Mikasa BR1100 treningowa
 wykonana jest z wytrzymałej gumy, ta 
piłka do koszykówki
 została zaprojektowana z myślą o grze na zewnątrz. Model ten jest wyjątkowo wytrzymały. Dzięki poprawionej powierzchni zapewniającej lepszy chwyt, możesz cieszyć się precyzyjnymi ruchami i kontrolą nad piłką podczas każdego rzutu. Co więcej, logo Mikasa zostało elegancko wytłoczone, nadając piłce estetyczny wygląd.Ta 
piłka do koszykówki gumowa
 jest idealna do treningów, lekcji wychowania fizycznego oraz gier rekreacyjnych. Cała powierzchnia zewnętrzna piłki została formowana razem z korpusem, co sprawia, że jest niezwykle trwała i odporna na intensywne użytkowanie na polu.


Przeznaczenie: outdoor
Rozmiar: 7
Materiał: guma"
Piłki do koszykówki,Mikasa;1;Piłka do koszykówki Mikasa BR1500 treningowa;Mikasa;75.00;1;100;https://sklepkoszykarski.pl/userdata/public/gfx/7568/Pilka-do-koszykowki-Mikasa-BR1500-treningowa.jpg;"Piłka do koszykówki Mikasa BR1500 treningowa
 to idealna piłka do gry na swierzym powietrzu, na orlikach i zewnętrznych boiskach do koszykówki! Prezentowana 
piłka do koszykówki
 oferuje świetną wytrzymałość i doskonałe właściwości gry. Poprawiona faktura zapewnia jeszcze lepszy chwyt, a tłoczone logo Mikasa oraz nazwa modelu dodają elegancji. W rozmiarze 7, wykonana z trwałego i miękkiego materiału gumowo-kompozytowego, ta piłka spełni oczekiwania nawet najbardziej wymagających graczy.


Rozmiar: 7
Materiał: gumowo-kompozytowa
Przeznaczenie: outdoor (na asfalt, beton)"
Piłki do koszykówki,Mikasa;1;Piłka do koszykówki Mikasa BZD712 meczowa;Mikasa;169.00;1;100;https://sklepkoszykarski.pl/userdata/public/gfx/7569/Pilka-do-koszykowki-Mikasa-BZD712-meczowa.jpg;"Piłka do koszykówki Mikasa BZD712 meczowa
 łączy wytrzymałość z doskonałymi właściwościami gry. Stworzona z myślą o graczach indoor, zapewnia perfekcyjny chwyt. Głębokie kanały oraz ekskluzywna skóra kompozytowa Super Composite Cover gwarantują nie tylko wyjątkową przyczepność, ale także trwałość na długie godziny intensywnych rozgrywek. Dodatkowo laminowana konstrukcja, w której panele skóry kompozytowej są ręcznie mocowane do gumowego korpusu, zapewnia świetną wytrzymałość i chwyt nawet w najtrudniejszych warunkach. Prezentowana 
piłka do koszykówki
 ma mniej śliską fakturę, radzi sobie nawet w kontakcie z potem lub wilgocią. Jeśli do tej pory używałeś piłek gumowych, to dobra propozycja dla Ciebie.


Rozmiar: 7
Materiał: Super Composite Cover / skóra kompozytowa
Przeznaczenie: Indoor"
Piłki do koszykówki,Mikasa;1;Piłka do koszykówki Mikasa CF 500;Mikasa;129.90;1;100;https://sklepkoszykarski.pl/userdata/public/gfx/7577/Pilka-do-koszykowki-Mikasa-CF-500.jpg, https://sklepkoszykarski.pl/userdata/public/gfx/7578/Pilka-do-koszykowki-Mikasa-CF-500.jpg;"Piłka do koszykówki Mikasa CF 500
 posiada solidną konstrukcję. Wykonana z wysokiej jakości materiałów, co zapewnia niezrównaną trwałość oraz znaczną odporność na wszelkiego rodzaju uszkodzenia. Świetnie sprawdza się w warunkach zewnętrznych. 
Piłka do koszykówki Mikasa CF 500 
wykonana jest z mayteriałów idealnie nadających się do gry na zewnątrz, na orlikach i na betonie. Dzięki temu będziesz mógł cieszyć się nią przez długie lata bez obaw o szybkie zużycie.


Materiał: Kompozyt
Rozmiar: 5
Przeznaczenie: Outdoor"
Piłki do koszykówki,Mikasa;1;Piłka do koszykówki Mikasa CF 600;Mikasa;129.99;1;100;https://sklepkoszykarski.pl/userdata/public/gfx/7574/Pilka-do-koszykowki-Mikasa-CF-600.jpg, https://sklepkoszykarski.pl/userdata/public/gfx/7575/Pilka-do-koszykowki-Mikasa-CF-600.jpg;"Piłka do koszykówki Mikasa CF 600
 dzięki swojemu eleganckiemu brązowemu kolorowi i wyjątkowej konstrukcji z 8 paneli jest idealnym wyborem zarówno do gry w hali, jak i na zewnątrz przez cały rok. Wykonana z trwałego kompozytu, zapewnia doskonałą kontrolę i wygodę podczas gry w koszykówkę. Niezależnie od płci, 
piłka do koszykówki Mikasa CF 600
 jest przeznaczona dla wszystkich miłośników koszykówki, którzy cenią sobie wysoką jakość i niezawodność.


 


Materiał: skóra kompozytowa
Przeznaczenie: indoor / outdoor
Rozmiar: 6"
Piłki do koszykówki,Mikasa;1;Piłka do koszykówki Mikasa CF 700;Mikasa;129.00;1;100;https://sklepkoszykarski.pl/userdata/public/gfx/7571/Pilka-do-koszykowki-Mikasa-CF-700.jpg, https://sklepkoszykarski.pl/userdata/public/gfx/7572/Pilka-do-koszykowki-Mikasa-CF-700.jpg;"Odkryj nową 
piłkę do koszykówki Mikasa CF 700
 w rozmiarze 7 - to perfekcyjne połączenie trwałego kompozytu, które daje wrażenie skórzanej powierzchni. 
Piłka do koszykówki Mikasa CF 700
 zaprojektowana została z myślą o doskonałym chwycie, zapewnia wyjątkową kontrolę podczas gry. Jej wytrzymałość na ścieranie sprawia, że jest idealna nie tylko dla szkół czy stowarzyszeń, ale także dla klubów amatorskich.


Materiał: skóra kompozytowa
Rozmiar: 7
Przeznaczenie: na halę / indoor"
Piłki do koszykówki,Meteor;1;Piłka do koszykówki Meteor High Technology Cellular;;64.00;1;100;https://sklepkoszykarski.pl/userdata/public/gfx/6922/pilka-do-koszykowki-meteor-high-technology-cellular.png, https://sklepkoszykarski.pl/userdata/public/gfx/6923/pilka-do-koszykowki-meteor-high-technology-cellular.png;"Piłka do koszykówki Meteor High Technology Cellular
 jest to jeden z najpopularniejszych modeli firmy 
Meteor
. Prezentowany model
 
posiada odpowiedni ciężar, kształt i wagę i jest polecana do treningu do szkół i klubów koszykarskich. 
Piłka Meteor Cellular 
stworzona została z nowoczesnego, gumo-podobnego materiału 
cellular
, który jest bardzo wytrzymały i można nim grać zarówno na zewnątrz, jak i na hali. Osnowa piłki jest nylonowa, a dętka lateksowa. Oryginalna budowa 8-panelowa piłki, w czym specjalizuje się marka Meteor . Powierzchnia cellular zapewnia bardzo dobrą kontrolę nad piłką oraz dość dużą wytrzymałość.


Materiał: cellular (gumopodobny)
 Przeznaczenie: Indoor / Outdoor
 Rozmiar: 5 / 6 / 7"
Prezent dla koszykarza;1;Piłka do kosza świecąca Meteor Ghost Holo 7;;92.00;1;100;https://sklepkoszykarski.pl/userdata/public/gfx/8055/Holograficzna-pilka-do-kosza-Meteor-Ghost-Holo-rozmiar-7--profesjonalna-jakosc-i-styl.png, https://sklepkoszykarski.pl/userdata/public/gfx/8056/Profesjonalna-pilka-do-koszykowki-Meteor-Ghost-Holo--idealna-do-gry-w-dzien-i-w-nocy.png;"Piłka do kosza Meteor Ghost Holo 7
 – świecąca, stylowa, niezawodna. 
Piłka do kosza świecąca Meteor Ghost Holo 7
 to model, który nie tylko gwarantuje świetną grę, ale także robi wrażenie swoim futurystycznym wyglądem. Holograficzna powłoka zmienia kolory w zależności od kąta padania światła, a jej efekt świecenia sprawia, że piłka jest dobrze widoczna nawet w słabszym oświetleniu. Strzał w dziesiątkę 
dla koszykarza
, który chce się wyróżnić. 




Nowoczesny design
 – holograficzny wzór, który przyciąga wzrok i dodaje dynamiki.


Trwały materiał PU
 – zapewnia odporność na zużycie i doskonałą sprężystość.


Perfekcyjna chwytność
 – szerokie rowki poprawiają kontrolę nad piłką.


Rozmiar 7
 – oficjalne wymiary, idealne dla zawodników na każdym poziomie.


Do gry na każdej nawierzchni
 – świetnie sprawdzi się zarówno na boisku zewnętrznym, jak i w hali.




Piłka do kosza Meteor Ghost Holo
 to połączenie funkcjonalności i nowoczesnego stylu. Niezależnie od tego, czy trenujesz, grasz rekreacyjnie czy szukasz wyjątkowego 
prezentu dla koszykarza
 – ten model spełni Twoje oczekiwania.


Zamów już dziś i przekonaj się, jak koszykówka może wyglądać w zupełnie nowym świetle!


 








Materiał


skóra PU






Rozmiar


7






Przeznaczenie


indoor / outdoor"
Prezent dla koszykarza;1;Piłka do koszykówki Meteor Ghost Holo;;119.99;1;100;https://sklepkoszykarski.pl/userdata/public/gfx/8054/Biala-pilka-do-koszykowki-Meteor-Ghost-Holo-z-czarnymi-detalami.png, https://sklepkoszykarski.pl/userdata/public/gfx/8048/Pilka-do-Meteor-Ghost-Holo.png;"Piłka do kosza Meteor Ghost Holo
 – efektowna gra o każdej porze dnia czy nocy. 
Piłka do kosza Meteor Ghost Holo
 to nowoczesne rozwiązanie dla każdego fana koszykówki. Jej unikalna fluorescencyjna powierzchnia pochłania światło i sprawia, że świeci w ciemności, gwarantując niezapomniane wrażenia podczas nocnych treningów i gier na świeżym powietrzu. Jeśli szukasz nietypowego 
prezentu dla koszykarza
 to może być świetna opcja.




Piłka do kosza świecąca
 
– wystarczy naświetlić ją naturalnym lub sztucznym światłem, aby uzyskać efekt luminescencji.


Komfortowa gra
 – szerokie rowki i teksturowana powierzchnia poprawiają chwyt i precyzję rzutów.


Trwałość i odporność
 – wysokiej jakości skóra PU zapewnia długą żywotność i odporność na ścieranie.


Standardowy rozmiar 7 – idealna do gry zarówno na boisku, jak i w hali.




Piłka do kosza świecąca w ciemności Meteor Ghost Holo
 to idealne rozwiązanie 
dla koszykarza
, który nie chce ograniczać się do gry tylko za dnia.


Sprawdź jej możliwości i zamów już dziś!








Materiał


skóra PU






Rozmiar


7






Przeznaczenie


indoor / outdoor"
Kosze do koszykówki,Zestawy do koszykówki;1;Zestaw do koszykówki Spalding Gold In-Ground;Spalding;3990.00;1;100;https://sklepkoszykarski.pl/userdata/public/gfx/7044/Zestaw-do-koszykowki-Spalding-Gold-In-Ground.png, https://sklepkoszykarski.pl/userdata/public/gfx/7045/Zestaw-do-koszykowki-Spalding-Gold-In-Ground.png;"Kosz do koszykówki Spalding Gold In-Ground
 do zabetonowania w ziemi. Jedyny model Spalding, który pozwala na osadzenie konstrukcji w gruncie (zabetonowanie). 
Zestaw do koszykówki Spalding
 został wyposażony w najwyższej jakości 
tablicę ze szkła akrylowego
, zabezpieczona na brzegach ramą z litego aluminium. Wzmacnia to tablicę i dodatkowo zabezpiecza przed działaniami czynników zewnętrznych. Zestaw posiada 
obręcz uchylną
 ""Pro Image Breakaway"" z siatką z najwyższej półki, która wytrzyma każdą pogodę. Obręcz jest nierdzewna i odporna na warunki atmosferyczne. Konstrukcja posiada system podnoszenia 
U-Turn
, który pozwala ustawić wysokość kosza w przedziale od 2,13m do 3,05m.


Wysięgnik jest 
montowany bezpośrednio w ziemię
, dzięki czemu uzyskujemy perfekcyjną stabilność. W zestawie tuleja ułatwiająca montaż i demontaż. Montaż, jak na taką konstrukcję jest dość łatwy dzięki zastosowaniu trzyczęściowego wysięgnika o średnicy 9cm. Wysięgnik o długości 60cm umożliwia grę pod samym koszem.


Tablica o standardowym wymiarze, czyli 137 x 81 cm, wykonana została z akrylu. Rama tablicy wykonana została z litego aluminium. Od spodu dodatkowa osłona na tablicę.


Czas składania: ok. 8-10 godzin
Rozmiar paczki: 140 x 87 x 17 cm
Waga: 53 kg
Wysokość po złożeniu: 385 cm


Płatność:
 z racji, że jest to przesyłka wielkogabarytowa o wymiarach większych niż 1 metry i wadze przekraczającej 20kg, zestaw wysyłamy tylko po opłaceniu zamówienia. W razie jakichkolwiek pytań zapraszamy do kontaktu."
Kosze do koszykówki,Zestawy do koszykówki;1;Zestaw do koszykówki Spalding Gold In-Ground + piłka NBA Wilson;Spalding;4190.00;1;100;https://sklepkoszykarski.pl/userdata/public/gfx/7024/Zestaw-do-koszykowki-Spalding-Gold-In-Ground---pilka-NBA-Wilson.jpg, https://sklepkoszykarski.pl/userdata/public/gfx/7025/Zestaw-do-koszykowki-Spalding-Gold-In-Ground.png;"Kosz do koszykówki Spalding Gold In-Ground
 do zabetonowanie w ziemi.


W promocji z piłką Wilson NBA Outdoor Gratis!


Jedyny model Spalding, który pozwala na osadzenie konstrukcji w gruncie (zabetonowanie). 
Zestaw do koszykówki Spalding
 został wyposażony w najwyższej jakości 
tablicę ze szkła akrylowego
, zabezpieczona na brzegach ramą z litego aluminium. Wzmacnia to tablicę i dodatkowo zabezpiecza przed działaniami czynników zewnętrznych. Zestaw posiada 
obręcz uchylną
 ""Pro Image Breakaway"" z wytrzymała siatką, która wytrzyma każdą pogodę. Obręcz jest nierdzewna i odporna na warunki atmosferyczne. Konstrukcja posiada system podnoszenia 
U-Turn
, który pozwala ustawić wysokość kosza w przedziale od 2,13m do 3,05m.


Wysięgnik jest 
montowany bezpośrednio w ziemi
, dzięki czemu uzyskujemy perfekcyjną stabilność. W zestawie tuleja ułatwiająca montaż i demontaż. Montaż, jak na taką konstrukcję jest dość łatwy dzięki zastosowaniu trzyczęściowego wysięgnika o średnicy 9cm. Wysięgnik o długości 60cm umożliwia grę pod samym koszem.


Tablica o standardowym wymiarze, czyli 137 x 81 cm, wykonana została z akrylu. Rama tablicy wykonana została z litego aluminium. Od spodu dodatkowa osłona na tablicę.


Czas składania: ok. 8-10 godzin
Rozmiar paczki: 140 x 87 x 17 cm
Waga: 53 kg
Wysokość po złożeniu: 385 cm


Płatność:
 z racji, że jest to przesyłka wielkogabarytowa o wymiarach większych niż 1 metry i wadze przekraczającej 20kg, zestaw wysyłamy tylko po ówczesnej wpłacie. W razie jakichkolwiek pytań zapraszamy do kontaktu."
Kosze do koszykówki,Zestawy do koszykówki;1;Konstrukcja przenośna Spalding TF Platinum;Spalding;4490.00;1;100;https://sklepkoszykarski.pl/userdata/public/gfx/7088/Zestaw-do-koszykowki-Spalding-Gold-In-Ground.png, https://sklepkoszykarski.pl/userdata/public/gfx/7089/Zestaw-do-koszykowki-Spalding-Gold-In-Ground.png;"Najnowszy model najpopularniejszego i najlepszego kosza przenośnego - zestaw Spalding Platinum.


Konstrukcja przenośna do koszykówki Spalding NBA Platinum TF 60 calowy
 to flagowy model wśród zestawów przenośnych do koszykówki firmy Spalding. Duża i solidna konstrukcja z podstawą o rozmiarach 
152x86 cm
 z systemem kontroli poziomu wody. To konstrukcja marzenie każdego koszykarza, który ma możliwość umieszczenia jej w domu lub w ogrodzie. Słup główny o średnicy 10cm zbudowany jest z trzy częściowego systemu słupków.


Tablica do koszykówki Spalding posiada rozmiar 
137,2 x 81,30cm
 i wykonana została z przezroczystego akrylu, który zapewnia lepsze odbicie piłki. Rama tablicy oraz podkładka wykonana została z litego aluminium. Solidna obręcz z kołnierzem metalowym wyprodukowana została z zawieszeniem na resorach, całość jak zawsze nierdzewna i odporna na warunki atmosferyczne. W zestawie do koszykówki Spalding NBA Platinum wykorzystany został najnowszy system podnoszenia firmy 
Spalding
 o nazwie Screw Jack, który pozwala precyzyjnie dopasować wysokość obręczy na pożądanym poziomie od 228 cm do 305 cm.


Płatność:
 z racji, że jest to przesyłka wielkogabarytowa o wymiarach większych niż 1 metry i wadze przekraczającej 20kg, zestaw wysyłamy tylko po opłaceniu zamówienia. Nie ma możliwości wysyłki za pobraniem. W razie jakichkolwiek pytań zapraszamy do kontaktu.


Czas składania: ok. 4-5 godzin
Rozmiar paczki: 144 x 96 x 43 cm
Waga zestawu: 59 kg
Całkowita wysokość po złożeniu: 385 cm"
Kosze do koszykówki,Zestawy do koszykówki;1;Zestaw do koszykówki Sure Shot 506 Bronx;;649.00;1;100;https://sklepkoszykarski.pl/userdata/public/gfx/7244/Zestaw-do-koszykowki-Sure-Shot-506-Bronx.jpg;"W zestawie znajduje się:
1. 
Tablica do koszykówki Sure Shot
      Tablica o wymiarze 112 x 73 cm, kształt półokrągły.
      Wykonana z materiału polipropylenowego (Wykazuje on dużą odporność na warunki atmosferyczne).
      Waga tablicy to 4 kg. 
      Grubość: 2 cm. 
 
2. 
Obręcz
      Model 203 został wykonany z pełnego pręta stalowego ø15 mm.
      Podpory wykonane z pełnego pręta stalowego ø10 mm.
      Rozstaw otworów 72 x 63 mm.
      Malowana proszkowo.
      Średnica kosza wynosi 45 cm.
 
3. 
Siatka
      Siatka sznurkowa, posiada 12 zaczepów. 


Zestaw idealny do rekreacyjnej gry oraz dla początkujących koszykarzy."
Kosze do koszykówki,Zestawy do koszykówki;1;Zestaw do koszykówki Sure-Shot 508 Bronx z uchwytem;;799.00;1;100;https://sklepkoszykarski.pl/userdata/public/gfx/7251/Zestaw-do-koszykowki-508-Bronx-z-uchwytem.jpg;"W zestawie do koszykówki 508 Bronx z uchwytem znajduje się: 




Tablica
 – numer modelu 118




 




          Kształt: półakrągły


          Wymiar: 112 x 73 cm


          Grubość: 2 cm 




      Wykonana z polipropylenu, który wykazuje wysoką odporność na niekorzystne warunki atmosferyczne. Waga: 4 kg


      2. 
Obręcz
 - model 203,


         Wykonana z pełnego pręta stalowego o wymiarze ø15 mm.
         Podpory również wykonane z pełnego pręta stalowego ø10 mm.
         Rozstaw otworów 72 x 63 mm.
         Obręcz malowana proszkowo.
         W zestawie znajduje się siatka na 12 zaczepów


     3.
 Uchwyt do ściany
: model 310 stalowy, proszkowo malowany (wysięg 30cm.)"
Kosze do koszykówki,Zestawy do koszykówki;1;Osłona na słup do kosza Sure Shot do zestawów 510-521;;259.90;1;100;https://sklepkoszykarski.pl/userdata/public/gfx/7252/Oslona-na-slup-do-kosza-Sure-Shot.jpg;"Osłona na sług do gry w koszykówkę. Pasuje do zestawów 
Sure-Shot
 o numerach 
510-521
. Chroni nas przy ewentualnych zderzeniach ze słupem oraz konstrukcję kosza przed ewentualnymi zadrapaniami. Oprócz swoich funkcji nadaje również profesjonalnego wyglądu i sprawia, że śmielej będziemy wykonywać ""wjazdy"" pod kosza.


Osłona do słup dostępna jest w trzech wersjach kolorystycznych:


-czarna
 -czerwona
 -niebieska"
Kosze do koszykówki,Zestawy do koszykówki;1;Zestaw do koszykówki Sure Shot 502;;1499.00;1;100;https://sklepkoszykarski.pl/userdata/public/gfx/7265/Zestaw-do-koszykowki-Sure-Shot-502.png;"Zestaw do koszykówki 502 Sure Shot 
został zaprojektowany specjalnie do zabetonowania w przydomowym ogródku, czy też boisku.


W zestawie znajdziemy:




Słup,
 który jest malowany proszkowo, o wymiarze ø90 mm, słup składa się z 3 części.
 


Wysięgnik 
jest sztywny, przytwierdzony do słupa dwoma U-śrubami, dzięki którym tablica z obreczą może zostać swobodnie zamontowana na każdej wybranej wysokości. Zalecana wysokość dla dorosłych 305 cm, dla dzieci zaś 245-275 cm. Odległość tablicy od słupa (wysięg) wynosi ok. 60cm.
 


Tablica 
prostokątna jest plastikowa, jej wymiary to 120x90 cm.
 


Obręcz model 261
 – znajduje się w zestawie z siatką na 12 zaczepów.




 Model dostępny również z tablicą półokrągłą - zestaw 501


 


Płatność:
 z racji, że jest to przesyłka wielkogabarytowa o wymiarach większych niż 1 metry i wadze przekraczającej 20kg, zestaw wysyłamy tylko po ówczesnej wpłacie. Nie ma możliwości wysyłki za pobraniem. W razie jakichkolwiek pytań zapraszamy do kontaktu."
Kosze do koszykówki,Zestawy do koszykówki;1;Zestaw do koszykówki Sure Shot 661 Euro Court;;2799.00;1;100;https://sklepkoszykarski.pl/userdata/public/gfx/7266/Zestaw-do-koszykowki-Sure-Shot-661-Euro-Court.png;"Profesjonalny 
zestaw do koszykówki do zabetonowania
 w ziemi. Zestaw do koszykówki Sure-Shot 661Euro Court posiada 
certyfikat Instytutu Sportu
 


W skład zestawu wchodzi:


Słup
 - wykonany jest z profila stalowego w rozmiarze 100 x 100mm i grubości ścianki 3 mm. Malowany proszkowo w kolorze czarnym, długość słupa 330cm. Opcjonalnie słup można ocynkować.


Wysięgnik
 - podobnie jak słup wykonany jest z profila stalowego o rozmiarze 100 x 100 mm i grubości ścianki 3 mm. Malowanie proszkowo. Całość przymocowana do słupa za pomocą dwóch obejm. Wysięg - odległość tablicy od słupa - 95 cm.


Tablica
 
model 160 
- znana tablica Sure-Shot model 160 wykonana została z polipropylenu, który doskonale nadaje się na zewnątrz, jest w pełni odporny na warunki atmosferyczne. Wymiar tablicy 120 x 90 cm, grubość 5 cm, posiada europejski rozstaw otworów pod obręcz (110 x 90 mm). Tablica protokątna, w kolorze białym z czarnymi liniami i logiem Sure-Shot.


Obręcz model 261 Euro Standard
 - europejski rozstaw otworów pasujący do tablicy 120 x 90 cm. Wykonana została z pręta stalowego o średnicy ø13 mm, a tylna blacha ma 5mm grubości. Całość malowana proszkowo. Podobnie jak słub i wycięgnik, również obręcz może zostać ocynkowana. Szczegóły po kontakcie telefonicznym.


Siatka
 - siatka materiałowa na 12 zaczepów.


Zestaw wytrzymuje obciążenie do 240 kg.


Na zamówienie zestaw dostępny z tablicą półkolistą - nr 662.


WAŻNE
 
Transport:
 
jako, że zestaw jest certyfikowany to jego słup jest odlany z jednego elementu, co za tym idzie wielkość paczki przekracza dopuszczalne rozmiary przesyłek kurierskich. Dlatego zestaw jest wysyłany firmą spedycyjną, koszt dostawy 320zł.
Płatność:
 z racji, że jest to przsyłka wielkogabarytowa o wymiarach większych niż 1 metry i wadze przekraczającej 20kg, zestaw wysyłamy tylko po ówczesnej wpłacie. Nie ma możliwości wysyłki za pobraniem. W razie jakichkolwiek pytań zapraszamy do kontaktu."
Kosze do koszykówki,Zestawy do koszykówki;1;Zestaw do koszykówki Sure Shot 663 Euro Court;;2999.00;1;100;https://sklepkoszykarski.pl/userdata/public/gfx/7267/Profesjonalny-zestaw-do-koszykowki-Sure-Shot-Euro-Court-663.jpg;"Profesjonalny 
zestaw do koszykówki do zabetonowania
 w ziemi. Ocynkowany zestaw do koszykówki Sure-Shot 663 Euro Court zgodny z 
normą EN-1270.


WAŻNE - 
Transport:
 jako, że zestaw jest certyfikowany to jego słup jest odlany z jednego elementu, co za tym idzie wielkość paczki przekracza dopuszczalne rozmiary przesyłek kurierskich. Dlatego cena wysyłki zestawu jest wyliczana indywidualnie, jej koszt wynosi od 250-350zl netto.


W skład zestawu wchodzi:


Słup
 - który wykonany jest z profilu stalowego 100 x100 mm,
grubość ścianek 3 mm, całość ocynkowana.
Wysięgnik
 - jest to wersja zestawu EuroCourt 661, ale z dłuższym wysięgnikiem. 
Standardowy wysięg 95cm, możliwe są większe odległości, proszę zaznaczyć rządaną odległość w polu uwagi, brak uwag oznacza wysyłkę standardowej odległości wysięgnika 95cm.
Możliwy wysięg- odległość od słupa do tablicy: 95, 120, 140 lub 160cm.
 Słup wykonany z profilu stalowego 100 x 100 mm,
grubość ścianek 3 mm, całość ocynkowana, przymocowany do słupa za pomocą specjalnej obejmy co pozwala na regulację wysokości.
Tablica do koszykówki model 160
 - wykonana jest z polipropylenu, dzięki czemu jest lekka i wodoodporna, wymiary tablicy 120 x 90 cm, grubość 5 cm, posiada europejski rozstaw otworów pod obręcz (110 x 90 mm), prostokątna, biała z nadrukowanymi czarno-czerwonymi liniami. Jest możliwość zamówienia z tablica Sure-Shot 160.1 (która posiada tylko czarne linii, w przypadku zamówienia proszę o dopisek w polu uwagi).
Obręcz do koszykówki model 261
 - europejski rozstaw otworów (110 x 90 mm), wykonana z pełnego pręta stalowego ø17 mm, podpory obręczy wykonane z pręta stal. ø13 mm, tylna blacha posiada grubość 5 mm, ocynkowana, w komplecie z siatką na 12 zaczepów.


Zestaw Sure-Shot Euro Court 663 wytrzymuje obciążenie 
do 240 kg.


Betonowany w studzience lub bezpośrednio w podłożu."
Kosze do koszykówki,Zestawy do koszykówki;1;Zestaw do koszykówki Sure Shot 664 Euro Court HD;;3698.00;1;100;https://sklepkoszykarski.pl/userdata/public/gfx/7268/Zestaw-Sure-Shot-664-Euro-Court-HD-do-zabetonowania.jpg;"Profesjonalny 
zestaw do koszykówki do zabetonowania
 w ziemi w pełni ocynkowany z kratkową tablicą do kosza. Jest to wersja zestawu Euro Court o podwyższonej wytrzymałości. Zestaw do koszykówki posiada certyfikat Instytutu Sportu i jest przeznaczony głównie do boisk osiedlowych (boiska do streetballa) i na Orliki. Charakteryzują się dużą wytrzymałością o są w pełni antykorozyjne (gwarancja 8 lat). Również często wybierane przez szkoły i uczelnie do zabetonowania na zewnętrznych boiskach.


W skład zestawu wchodzi:


Słup
 - wykonany z profila stalowego 100 x100 mm, grubość ścianki 3 mm, ocynkowany, długość słupa 330 cm.
Wysięgnik
 - wykonany z profila stalowego 100 x 100 mm, grubość ścianki 3 mm, ocynkowany, przymocowany do słupa za pomocą dwóch obejm.
Tablica model 144
 - wykonana ze stali, kratkowa, wymiary 120 x 90 cm, europejski rozstaw otworów pod obręcz (110 x 90 mm), prostokątna, ocynkowana.
Obręcz model 261
 - posiada europejski rozstaw otworów (110 x 90 mm), obręcz wykonana jest z pełnego pręta stalowego ø17 mm, a podpory obręczy z pręta stal. ø13 mm, tylna blacha ma grubość 5 mm, również ocynkowana. W komplecie znajduje się również standardowa siatka na 12 zaczepów (Łańcuchowa siatka do obręczy Sure-Shot - 3mm można dokupić oddzielnie). 


Zestaw wytrzymuje obciążenie 
do 240 kg
.
Cały zestaw jest ocynkowany i posiada
gwarancję antykorozyjną na okres 8 lat.


WAŻNE
 


Transport:
 
jako, że zestaw jest certyfikowany to jego słup jest odlany z jednego elementu, co za tym idzie wielkość paczki przekracza dopuszczalne rozmiary przesyłek kurierskich. Dlatego zestaw jest wysyłany firmą spedycyjną, koszt dostawy 320zł.
Płatność:
 z racji, że jest to przsyłka wielkogabarytowa o wymiarach większych niż 1 metry i wadze przekraczającej 20kg, zestaw wysyłamy tylko po ówczesnej wpłacie. Nie ma możliwości wysyłki za pobraniem. W razie jakichkolwiek pytań zapraszamy do kontaktu."
Kosze do koszykówki,Zestawy do koszykówki;1;Zestaw do koszykówki Sure Shot 692 Florida;;7499.00;1;100;https://sklepkoszykarski.pl/userdata/public/gfx/7269/7e89262728111bde919e3e7b99816e557685d1e7.jpg;"Profesjonalny 
zestaw do koszykówki do zabetonowania
 w ziemi w pełni ocynkowany z przezroczystą tablicą do koszykówki, obręczą uchylną i regulacją wysokości. Doskonale nadaje się zarówno do przydomowego boiska, jak i do profesjonalnych zastosowań w szkołach. Posiada łatwą regulację wysokości, a dzięki swojej konstrukcji nadal jest bardzo stabilny i wytrzymały. Może być używany również wewnątrz.
Transport:
 jako, że słup zestaw odlany jest z jednego elementu, a także posiada szerszą tablicę, wielkość paczki przekracza dopuszczalne rozmiary standardowych przesyłek kurierskich i spedycyjnych. Zestaw dowozimy własnym transportem, koszt dostawy wynosi 
320zł
, a termin dostawy wynosi 
do 4 tygodni.


W skład zestawu wchodzi:


Słup
 - wykonany z kwadratowego profilu stalowego 120 x 120 mm, gubość ścianki 4 mm, cynkowany ogniowo.
Tuleja montażowa
, umożliwiająca łatwo wsunięcie i ewentualne w przyszłości, wyjęcia słupa.
Wysięgnik 160 cm
 - z łatwym i niezawodnym mechanizmem zmiany wysokości zawieszenia obręczy w zakresie 260 – 305 cm.
Tablica model 153
 - przezroczysta tablica do koszykówki, wykonana z plexi o grubości 10 mm. Profesjonalny rozmiar 180 x 105 cm, linie malowane na biało. Tablica posiada ramę stalową malowaną proszkowo.
Obręcz uchylna model 235
 - uchylna z systemem blokującym uchylanie do obciążenia 35kg (
siłownik gazowy – 2200N
). Europejski rozstaw otworów 110 x 90 mm. Wykonana z pełnego pręta stalowego ø15 mm. Kołnierz wzmacniający obręcz wykonany z blachy o grubości 3 mm. Tylna blacha o grubości 6mm. Malowana proszkowo. Obręcz jest w komplecie z siatką na 12 zaczepów.
Do użytku wewnątrz i na zewnątrz."
Kosze do koszykówki,Zestawy do koszykówki;1;Zestaw do koszykówki Sure Shot 690 California;;8799.00;1;100;https://sklepkoszykarski.pl/userdata/public/gfx/7270/Zestaw-do-koszykowki-Sure-Shot-690-California.jpg;"Nowy model firmy Sure-Shot 
zestaw do koszykówki California 690 do zabetonowania
 w ziemi z przezroczystą tablicą do koszykówki z plexi, obręczą uchylną i regulowaną wysokością tablicy. Doskonale nadaje się zarówno do przydomowego boiska, jak i do profesjonalnych zastosowań w szkołach. Posiada łatwą regulację wysokości, a dzięki swojej konstrukcji nadal jest bardzo stabilny i wytrzymały. Może być używany również wewnątrz.
Transport:
 jako, że słup zestaw odlany jest z jednego elementu, a także posiada szerszą tablicę, wielkość paczki przekracza dopuszczalne rozmiary standardowych przesyłek kurierskich. Dlatego cena za dostawę zestawu wyliczana jest indywidualnie, jej koszt wynosi od 200-350zł w zależności od miejsca wysyłki.


W skład zestawu do koszykówki Sure-Shot 690 California wchodzi:


Słup
 - wykonany z kwadratowego profila stalowego 100 x 100 mm i grubości ścianki 4 mm malowany proszkowo.
Wysięgnik 120 cm
 - z mechanizmem płynnej zmiany wysokości zawieszenia obręczy w zakresie między 240 – 305 cm.
Tablica model 155
 - przezroczysta tablica do koszykówki, wykonana z plexi o grubości 10mm. Rozmiar 150 x 95 cm, linie malowane na biało. Tablica posiada ramę aluminiową. 
Osłona tablicy model 490
Obręcz model 235
 - uchylna obręcz do koszykówki z systemem blokującym uchylanie do obciążenia 35kg z 
siłownikiem gazowym – 2200N
. Posiada europejski rozstaw otworów 110 x 90 mm. Wykonana z pełnego pręta stalowego ø15 mm. Kołnierz wzmacniający obręcz wykonany został z blachy o grubości 3 mm. Tylna blacha o grubości 6mm. Całość malowana proszkowo.


W komplecie z siatką na 12 zaczepów.


Do użytku we wnętrzach i na zewnątrz."
Kosze do koszykówki,Zestawy do koszykówki;1;Zestaw do koszykówki Sure Shot 569 z regulacją;;1849.00;1;100;https://sklepkoszykarski.pl/userdata/public/gfx/7272/Zestaw-do-koszykowki-Sure-Shot-569-regulowany.jpg;"Zestaw z mechanizmem do szybkiej regulacji/zmiany wysokości Sure-Shot model 569. Regulacja 3-stopniowa, w zależności od wysokości zamocowania może to być: 305cm, 260cm, 220cm.


W skład zestawu Sure-Shot 569 wchodzi:
Tablica półkolista - model 169
- wykonana z polipropylenu, wymiar tablicy: 120 x 90 cm, grubość 5 cm.
Obręcz stała - model 261
- w zestawie wraz 
z białą siatką
.
Uchwyt przyścienny - model 369
- malowany proszkowo, z mechanizmem szybkiej zmiany wysokości.


Wysokośc można uzstawiac na 3 poziomach, wysięg (odleglosc tablicy od sciany) przedstawia się na nich następująco:


305cm - 65cm wysięgu
260cm - 75cm wysięgu
220cm - 50cm
 
wysięgu"
Kosze do koszykówki,Zestawy do koszykówki;1;Zestaw do koszykówki Sure Shot 541 Maxi Combo;;1199.00;1;100;https://sklepkoszykarski.pl/userdata/public/gfx/7273/Zestaw-do-koszykowki-Sure-Shot-541-Maxi-Combo.jpg;"Zestaw do koszykówki Sure-Shot 541 Maxi Combo posiada 
Certyfikat Instytutu Sportu
, dzięki czemu może być stosowany w szkołach i we wszystkich instytucjach wymagających odpowiednich certyfikatów. Pełny zestaw z uchwytem, tablicą i obręcza z siatką.


W skład zestawu wchodzi:
Tablica
 - wykonana z polipropylenu, wymiar: 120 x 90 cm, grubość 5 cm.
Obręcz
 stała - model Sure-Shot 
261 z białą siatką
.
Uchwyt przyścienny
 - model 
311
- malowany proszkowo, wysięg 60 cm.


 


Płatność:
 z racji, że jest to przesyłka wielkogabarytowa o wymiarach większych niż 1 metry i wadze przekraczającej 20kg, zestaw wysyłamy tylko po ówczesnej wpłacie. Nie ma możliwości wysyłki za pobraniem. W razie jakichkolwiek pytań zapraszamy do kontaktu."
Kosze do koszykówki,Zestawy do koszykówki;1;Zestaw Gęsia Szyja Sure Shot 645;;4269.00;1;100;https://sklepkoszykarski.pl/userdata/public/gfx/7279/Zestaw-do-koszykowki-Sure-Shot-Gesia-Szyja-645-z-certyfikatem.jpg;"Profesjonalny 
zestaw do koszykówki do zabetonowania
 w ziemi. Ocynkowany zestaw do koszykówki Sure-Shot ""Gęsia Szyja"" 645 z 
certyfikatem bezpieczeństwa wydanym przez Instytut Sportu.
 Bardzo popularny zestaw zwłaszcza w Stanach Zjednoczonych, gdzie liczy się wytrzymałość i prostota wykonania.


WAŻNE - 
Transport:
 jako, że zestaw jest certyfikowany to jego słup jest odlany z jednego elementu, co za tym idzie wielkość paczki przekracza dopuszczalne rozmiary przesyłek kurierskich. Dlatego cena wysyłki zestawu jest wyliczana indywidualnie, jej koszt wynosi od 250-350zl netto.




W skład zestawu wchodzi:


Słup
 - wykonany ze stalowej rury ø114 mm, ocynkowany, 8 lat gwarancji antykorozyjnej.


Tablica model 143
 - stalowa, wymiary 135 x 90 cm, półkolista, poddana katoforezie a następnie malowana proszkowo, gwarancja antykorozyjna 3 lata.
Obręcz model 264
 - europejski rozstaw otworów (110 x 90 mm), wykonana została z pręta stalowego ø18 mm tylna blacha o grubości 5 mm, jest malowana proszkowo, dodatkowe wzmocnienie za pomocą stalowego kołnierza, w komplecie z siatką na 12 zaczepów.
Zestaw wytrzymuje obciążenie do 320 kg.


 


Betonowany bezpośrednio w podłożu. W ofercie także
 zestaw 648
 - ze studzienką stalową ułatwiającą montaż zestawu (koszt dodatkowy 140zł, w razie zainteresowani prosimy o kontakt)."
Kosze do koszykówki,Zestawy do koszykówki;1;Zestaw do koszykówki Sure Shot 669-140 Euro Court;;4499.00;1;100;https://sklepkoszykarski.pl/userdata/public/gfx/7283/Zestaw-do-koszykowki-Sure-Shot-669-140-Euro-Court.jpg;"Zestaw ocynkowany do koszykówki do zabetonowania
 Sure-Shot 669-140 Euro Court. Posiada certyfikat Instytutu Sportu, także z powodzeniem może być użytkowany w miejscach publicznych. Dodatkowo gwarancja antykorozyjna na 8 lat.


Na zestaw do koszykówki 
Sure-Shot 669-140
 składa się:


Słup
 - wykonany z profilu stalowego o średnicy 100x100 mm, grubość ścianki 3 mm, długość słupa 370 cm. Całość ocynkowana.
Wysięgnik - model Sure-Shot 369 z mechanizmem do szybkiej zmiany wysokości obręczy.


Tablica
 - model 144 Sure-Shot z otworami pod obręcz o europejskim rozstawie 110 x 90 mm. Wymiar tablicy 120 x 90 cm, kratkowana.


Obręcz
 - model 261 Euro Standard wykonana została z pełnego pręta stalowego o średnicy ø17 mm, natomiast podpory z peta o średnicy 13 mm. Tylna blacha o grubości 5mm.


Siatka
 - do obręczy na 12 zaczepów.


Cały zestaw ocynkowany i posiada 8 lat gwarancji antykorozyjnej. Zestaw do koszykówki 669 wytrzymuje obciążenie do 240 kg.


Regulacja wysokości odbywa się na 3 poziomach, poniżej przedstawiamy wysięg (odległość tablicy od słupa) na poszczególnych wysokościach:


305cm - 65cm wysięgu
260cm - 75cm wysięgu
220cm - 50cm
 
wysięgu


WAŻNE
Transport i płatność:
 jako, że zestaw jest certyfikowany to jego słup jest odlany z jednego elementu (ponad 3 metry), przekracza dopuszczalne rozmiary przesyłek kurierskich, dlatego zestawy wysyłany jest firmą spedycyjna, a cena wysyłki wynosi 399zł. Płatność tylko przelewem bankowym przed wysyłką."
Kosze do koszykówki,Zestawy do koszykówki;1;Osłona na słup do koszykówki Sure-Shot 481;;589.00;1;100;https://sklepkoszykarski.pl/userdata/public/gfx/7284/Oslona-na-slup-do-koszykowki-Sure-Shot-481.jpg;"Osłona na słup do gry w koszykówkę. Pasuje do zestawów 
Sure-Shot
 EuroCourt i Gęsia Szyja murowanych na stałe do betonu. Odporna na warunki atmosferyczne. Występuje w dwóch wariantach na słup kwadratowy 100 x 100mm oraz na okrągły o średnicy 114 mm. W polu uwagi przy składaniu zamówienia prosimy o określenie czy ma być osłona na słup do koszykówki: kwadratowy czy okrągły."
Kosze do koszykówki,Zestawy do koszykówki;1;Zestaw do koszykówki dla dzieci LifeTime Chicago;;699.00;1;100;https://sklepkoszykarski.pl/userdata/public/gfx/7286/Zestaw-do-koszykowki-dla-dzieci-LifeTime-Chicago.jpg, https://sklepkoszykarski.pl/userdata/public/gfx/7287/Zestaw-do-koszykowki-dla-dzieci-LifeTime-Chicago.jpg;"Przenośny
 zestaw do koszykówki LifeTime Chicago
 przeznaczony dla początkujących graczy oraz dzieci i młodzieży. Stojak wyposażony w wytrzymałą 32"" tablicę wykonaną w 
technologii Impact®
 z polietylenu wysokiej gęstości. 
Teleskopowa regulacja wysokości
 tablicy pozwala na szybką i łatwą regulację w zakresie od 168 do 228 cm w 15 centymetrowych odstępach. Całość uzupełnia 
obręcz Youth Rim
 o średnicy 38 cm i 
stabilna podstawa Netball
 wypełniana wodą lub piaskiem o pojemności 38 litrów. Ten stojak to idealne rozwiązanie dla młodych koszykarzy. Poniżej znajdziecie najważniejszą specyfikację zestawu LifeTime do koszykówki.




 




DANE TECHNICZNE:




Typ tablicy:
 Impact®


Rozmiar tablicy
: 32"" (81,2 cm szerokość tablicy)


Powłoka tablicy:
 polietylen wysokiej gęstości (HDPE)


Grafika tablicy:
 wykonana w technologii sitodruku, farbami odpornymi na promienie UV


Typ regulacji wysokości tablicy
: teleskopowy


Zakres regulacji wysokości tablicy:
 167 – 228 cm co 15,2 cm


Obręcz: 
 niesprężynowa, Youth Rim (38 cm średnicy)


Siatka: 
nylonowa, odporna na warunki atmosferyczne


Typ podstawy: 
 HDPE, do wypełnienia piaskiem lub wodą, na kółkach, Netball


Pojemność podstawy:
 38 litrów (woda) lub 58 kg (piasek)


Wypełnienie podstawy:
 piasek lub woda


Wymiary podstawy:
 80,2 x 58,4 x 15,4 cm (dł. x szer. x wys.)


Słup główny:
 3-częściowy


Średnica słupa głównego:
 5,08 cm


Gwarancja producenta:
 5 lat


Przeznaczenie:
 do użytku domowego/amatorskiego"
Kosze do koszykówki,Zestawy do koszykówki;1;Zestaw do koszykówki LifeTime Boston;;1599.00;1;100;https://sklepkoszykarski.pl/userdata/public/gfx/7294/Zestaw-do-koszykowki-LifeTime-Boston.jpg, https://sklepkoszykarski.pl/userdata/public/gfx/7295/Zestaw-do-koszykowki-LifeTime-Boston.jpg;"Przenośny zestaw do koszykówki LifeTime Boston
 posiada 44"" tablicę wykonaną w technologii 
Steel-Framed Shatter-Proof
. Technologia Shatter-Proof gwarantuje wieloletnią trwałość i odporność na uderzenia dzięki powłoce z najwyższej jakości 
poliwęglanu Makrolon®
. Steel-Framed to wytrzymała stalowa rama tablicy. Dodatkowo ochrona dolnej krawędzi tablicy oraz technologia regulacja wysokości tablicy 
Quick Adjust® II
 zapewniają komfortową i bezpieczną grę na każdym poziomie zaawansowania, dzięki regulacji w zakresie od 244 do 300 cm. Całość zestawu o kosza LifeTime Bostonuzupełnia wytrzymała obręcz posiadająca elastyczny, uchylny mechanizm 
Slam-It®
 oparty na systemie podwójnych sprężyn oraz odporna na warunki atmosferyczne 
nylonowa siatka
 i okrągły słup o średnicy 7,6 cm. 
Rolki  transportowe
 zamontowane w wypełnianej wodą lub piaskiem stabilnej podstawie o pojemności 128 litrów zapewniają pełną mobilność a zarazem stabilność stojaka.




DANE TECHNICZNE:


Typ tablicy:
 Steel-Framed Shatter-Proof


Rozmiar tablicy
: 44"" (111,7 cm szerokość tablicy)


Powłoka tablicy:
 poliwęglan Makrolon®


Grubość powłoki tablicy:
 3 mm


Grafika tablicy:
 wykonana w technologii sitodruku, farbami odpornymi na promienie UV


Typ regulacji wysokości tablicy
: Quick Adjust® II (przy użyciu długiego drążka lub kija)


Zakres regulacji wysokości tablicy:
 244 – 300 cm co 15,2 cm


Obręcz: 
sprężynowana, Slam-It®


Siatka: 
nylonowa, odporna na warunki atmosferyczne


Waga siatki:
 70 g 


Typ podstawy: 
HDPE, do wypełnienia piaskiem lub wodą, na kółkach


Pojemność podstawy:
 128 litrów (woda) lub 195 kg (piasek)


Wypełnienie podstawy:
 piasek lub woda


Wymiary podstawy:
 127,7 x 77,4 x 20,8 cm ( dł. x szer. x wys. )


Słup główny:
 3-częściowy


Średnica słupa głównego:
 7,62 cm


Gwarancja poducenta:
 5 lat


Przeznaczenie:
 do użytku domowego/amatorskiego"
Kosze do koszykówki,Zestawy do koszykówki;1;Zestaw do koszykówki LifeTime Cleveland;;799.00;1;100;https://sklepkoszykarski.pl/userdata/public/gfx/7308/Zestaw-do-koszykowki-LifeTime-Cleveland.jpg, https://sklepkoszykarski.pl/userdata/public/gfx/7309/Zestaw-do-koszykowki-LifeTime-Cleveland.jpg;"Przenośny stojak do koszykówki
 posiada 44"" tablicę wykonaną w 
technologii Impact®
 z polietylenu wysokiej gęstości. 
Teleskopowa regulacja wysokości 
tablicy pozwala na szybkie i łatwe ustawienie jej na różnych wysokościach w zakresie od 229 do 305 cm zapewniając komfortową i bezpieczną grę na każdym poziomie zaawansowania. Całość uzupełnia wytrzymała 
obręcz Classic
 z odporną na warunki atmosferyczne nylonową siatką i okrągły słup o średnicy 6,9 cm. 
Podstawa Streamline
 o pojemności 45 litrów wypełniana wodą lub piaskiem zapewnia pełną stabilność stojaka. Idealny zestaw dla początkujących i średniozaawansowanych koszykarzy. 


 


DANE TECHNICZNE:


Typ tablicy:
 Impact®


Rozmiar tablicy
: 44"" (111,7 cm szerokość tablicy )


Powłoka tablicy:
 polietylen wysokiej gęstości (HDPE)


Grafika tablicy:
 wykonana w technologii sitodruku, farbami odpornymi na promienie UV


Typ regulacji wysokości tablicy
: teleskopowy


Zakres regulacji wysokości tablicy:
 228 – 304 cm co 15,2 cm


Obręcz: 
 niesprężynowa, Streamline  


Siatka: 
nylonowa, odporna na warunki atmosferyczne


Typ podstawy: 
 HDPE, do wypełnienia piaskiem lub wodą, na kółkach


Pojemność podstawy:
 45 litrów (woda) lub 69 kg (piasek)


Wypełnienie podstawy:
 piasek lub woda


Wymiary podstawy:
 110,4 x 53,3 x 10,1 cm ( dł. x szer. x wys. )


Słup główny:
 3-częściowy


Średnica słupa głównego:
 6,9 cm


Gwarancja:
 5 lat


Przeznaczenie:
 do użytku domowego/amatorskiego"
Kosze do koszykówki,Zestawy do koszykówki;1;Przenośny zestaw do koszykówki LifeTime New York;;1649.00;1;100;https://sklepkoszykarski.pl/userdata/public/gfx/7314/Zestaw-do-koszykowki-przenosny-LifeTime-New-York.jpg, https://sklepkoszykarski.pl/userdata/public/gfx/7315/Zestaw-do-koszykowki-przenosny-LifeTime-New-York.jpg;"Przenośny zestaw do koszykówki LifeTime New York 


Przenośny zestaw do koszykówki Lifetime New York idealny do granie przed domem. Ma wszystko czego potrzeba do grania w koszykówkę - przezroczystą tablicę wykonaną w technologii Steel-Framed Shatter-Proof o szerokości aż 121,9cm. Wykonaną z mocnego poliwęglanu Markolon®. Natomiast rama tablicy jest wykonana ze stali , a jej dolna część jest chroniona osłoną przed uderzeniem. Dzięki regulacji wysokości koszy do koszykówki jest idealny do grania zarówno przez dzieci, jak i dorosłych. Obręcz można regulować w zakresie od 240 do 300cm. Regulacja jest bardzo łatwa i nie wymaga żadnych specjalistycznych przyrządów.


Jeśli chodzi o obręcz to posada ona siłownik i jest elastycznie uginana dzięki mechanizmowi Slam-It, w którym zastosowana jest podwójna sprężyna odporna na warunki atmosferyczne. W zestawie jest także materiałowa siatka na obręcz. Całość trzyma okrągły słup o średnicy 7,6cm. Natomiast dolna podstawa wypełniana wodą (129 litrów pojemności) lub piaskiem posiada kółka (rolki transportowe) do łatwiejszego przenoszenia konstrukcji. Przenośny zestaw do koszykówki Lifetime New York jest wykonany z najwyższej jakości elementów, które cechują murowane konstrukcje. Dzięki temu nie ma potrzeby chowania go na zimę do pomieszczenia. Dzięki czemu z powodzeniem można z niego korzystać również w cieplejsze zimowe dnie, a tym bardziej jesienią i wiosną.




DANE TECHNICZNE:


Typ tablicy:
 Steel-Framed Shatter-Proof


Rozmiar tablicy
: 48"" (121,9 cm szerokość tablicy )


Powłoka tablicy:
 poliwęglan Makrolon®


Grubość powłoki tablicy:
 3 mm


Grafika tablicy:
 wykonana w technologii sitodruku, farbami odpornymi na promienie UV


Typ regulacji wysokości tablicy
: Speed Shift® 


Zakres regulacji wysokości tablicy:
 240 – 300 cm co 15,2 cm


Obręcz: 
 sprężynowana, Slam-It®


Siatka: 
nylonowa, odporna na warunki atmosferyczne


Waga siatki:
 70 g 


Typ podstawy: 
Front Court z kółkami transportowymi


Pojemność podstawy:
 128 litrów (woda) lub 195 kg (piasek)


Wypełnienie podstawy:
 piasek lub woda


Wymiary podstawy:
 127,7 x 77,4 x 20,8 cm ( dł. x szer. x wys.)


Słup główny:
 3-częściowy


Średnica słupa głównego:
 7,62 cm


Gwarancja:
 5 lat


Przeznaczenie:
 do użytku domowego/amatorskiego"
Kosze do koszykówki,Zestawy do koszykówki;1;Konstrukcja przenośna Spalding TF Platinum + piłka Wilson NBA;Spalding;4490.00;1;100;https://sklepkoszykarski.pl/userdata/public/gfx/7322/Konstrukcja-przenosna-Spalding-TF-Platinum---pilka-Wilson-NBA.jpg, https://sklepkoszykarski.pl/userdata/public/gfx/7323/Zestaw-do-koszykowki-Spalding-Gold-In-Ground.png;"Dostępny od ręki, najnowszy model na 2024 rok, najpopularniejszego i najlepszego kosza przenośnego - zestaw Spalding Platinum.


W zestawie z oryginalną piłką - Wilson NBA Outdoor idealna do gry na zewnątrz.


Konstrukcja przenośna do koszykówki Spalding NBA Platinum 
to król wśród zestawów przenośnych do koszykówki firmy Spalding. Duża i solidna konstrukcja z podstawą o rozmiarach 
137,2x81,3cm
 z systemem kontroli poziomu wody. To konstrukcja marzenie każdego koszykarza, który ma możliwość umieszczenia jej w domu lub w ogrodzie. Słup główny o średnicy 10cm zbudowany jest z trzy częściowego systemu słupków.


Tablica do koszykówki Spalding wykonana została z przezroczystego akrylu, który zapewnia lepsze odbicie piłki. Rama tablicy oraz podkładka wykonana została z litego aluminium. Solidna obręcz z kołnierzem metalowym wykonana została z zawieszeniem na resorach, całość jak zawsze nierdzewna i odporna na warunki atmosferyczne. W zestawie do koszykówki Spalding NBA Platinum wykorzystany został najnowszy system podnoszenia firmy 
Spalding
 o nazwie Screw Jack, który 
pozwala dopasować wysokość obręczy na dokładnie pożądanym poziomie od 228 cm do 305 cm
.


Płatność:
 z racji, że jest to przesyłka wielkogabarytowa o wymiarach większych niż 1 metry i wadze przekraczającej 20kg, zestaw wysyłamy tylko po opłaceniu zamówienia. Nie ma możliwości wysyłki za pobraniem. W razie jakichkolwiek pytań zapraszamy do kontaktu.


Czas składania: ok. 4-5 godzin
Rozmiar paczki: 144 x 96 x 43 cm
Regulacja wysokości: 228-305 cm
Waga zestawu: 59 kg
Całkowita wysokość po złożeniu: około 385 cm"
Kosze do koszykówki,Zestawy do koszykówki;1;Zestaw do gry w koszykówkę SKLZ - Pro Mini Hoop System;;899.99;1;100;https://sklepkoszykarski.pl/userdata/public/gfx/7716/Zestaw-do-gry-w-koszykowke-SKLZ---Pro-Mini-Hoop-System.gif, https://sklepkoszykarski.pl/userdata/public/gfx/7717/Zestaw-do-gry-w-koszykowke-SKLZ-Pro-Mini-Hoop-System-z-regulowana-wysokoscia.gif;"Zestaw do Gry w Koszykówkę SKLZ - Pro Mini Hoop System


Marzysz o grze w koszykówkę bez wychodzenia z domu? 
Zestaw do koszykówki SKLZ Pro Mini Hoop System
 to idealne rozwiązanie, które pozwoli Ci cieszyć się koszykówką zarówno w ogrodzie, jak i w domu! Dzięki solidnej konstrukcji i profesjonalnemu designowi, ten 
kosz do koszykówki mobilny
 zapewni rozrywkę na poziomie, który pokochają zarówno dzieci, jak i dorośli.


Zestaw został wyposażony w regulowaną wysokość, co sprawia, że możesz dostosować kosz do poziomu gracza – od najmłodszych po doświadczonych zawodników. Wytrzymała tablica i elastyczna obręcz doskonale amortyzują rzuty, co zapewnia płynność gry, niezależnie od tego, gdzie gracie – w domu, na podwórku czy na świeżym powietrzu.


Chcesz grać gdziekolwiek zechcesz? Dzięki mobilnej podstawie z kółkami, zestaw jest łatwy do przenoszenia, a stabilna podstawa, którą możesz wypełnić piaskiem lub wodą, zapewnia solidność podczas gry. Regulacja wysokości w zakresie od 91 cm do 214 cm czyni ten zestaw idealnym dla każdego – dzieci, nastolatków, dorosłych.


Nie czekaj! Spraw, by każda chwila była okazją do gry. Zamów 
zestaw do koszykówki SKLZ Pro Mini Hoop System
 już teraz i ciesz się rozgrywkami, które dostarczą emocji całej rodzinie!


Kluczowe cechy:




Regulowana wysokość
 od 91 cm do 214 cm, idealna dla graczy w każdym wieku.


Wytrzymała tablica
 z poliwęglanu i elastyczna obręcz o średnicy 23 cm.


Stabilna podstawa
 z kółkami, łatwa do przemieszczania i wypełniana piaskiem lub wodą.


Odporna na warunki atmosferyczne siatka, co pozwala na grę zarówno wewnątrz, jak i na zewnątrz.




 


Nie przegap okazji na świetną zabawę i trening w jednym miejscu!"
Kosze do koszykówki,Tablice do koszykówki;1;Kratkowa tablica do kosza Sure-Shot 144 / 145 / 146;;1099.00;1;100;https://sklepkoszykarski.pl/userdata/public/gfx/7256/Kratkowa-tablica-do-kosza-Sure-Shot-144.jpg;"Stalowa, kratkowa tablica do koszykówki Sure-Shot 144 / 145 / 146. Wykonana została ze stali ocynkowanej odpornej na warunki atmosferyczne. Grubość tablicy 3 cm. Dostępna jest w 3 wymiarach, waga najmniejszego wymiaru 20 kg. Tablica w stylistyce streetballowej często spotykana na boiskach przy blokowych oraz orlikach. Kompatybilna z obręczami Sure-Shot o numerach: 261, 263.


Cena modelu zależy od wymiaru tablicy, żeby zobaczyć ceny modeli 145 i 146 proszę zaznaczyć na liście obok ceny odpowiedni rozmiar tablicy.


Model:
  Sure-Shot 144
 
Wymiar:
 120 x 90 cm
 
Grubość:
 3cm
 
Waga:
 20kg
 
Materiał:
 kratkowana, stal ocynkowana.


Model:
  Sure-Shot 145
 
Wymiar:
 180 x 120 cm


Model:
  Sure-Shot 146
 
Wymiar:
 180 x 105 cm


Transport i płatność:
 
z racji bardzo dużego gabarytu na tablice model 146 ( rozmiar 180x105cm) i 145 (rozmiar 180x120cm) obowiązuje inna cena za wysyłkę, odpowiednio model 146 - 50zł, model 145 - 90zł. Te modele wysyłamy tylko za przedpłatą."
Kosze do koszykówki,Tablice do koszykówki;1;Laminowana tablica do koszykówki Sure-Shot 170, 171, 172;;999.00;1;100;https://sklepkoszykarski.pl/userdata/public/gfx/7260/Laminowana-tablica-do-koszykowki-Sure-Shot-170.jpg;"Laminowana tablica do koszykówki 
Sure-Shot 170.
 Dostępna w trzech rozmiarach. Od wymiarów 120x90cm, aż do 180x120cm (model 172). Tablica jest laminowana z prostokątnym wykończeniem, dzięki czemu jest odporna na warunki atmosferyczne. Nie posiada gotowych odwiertów na uchwyty, dzięki czemu może być dopasowana do każdego uchwytu i słupa. Jej waga różni się w zależności od modelu od 15 do 32kg. Kompatybilna z obręczami do kosza Sure-Shot o numerach: 261, 262, 263, 264, 270, 277.


Model 170
 Wymiar: 120 x 90 cm
 Waga: 15 kg


Model 171
 Wymiar: 180 x 105 cm
 Waga: 30 kg


Model 172
 Wymiar: 180 x 120 cm
 Waga: 32 kg


Transport i płatność: 
z racji bardzo dużego gabarytu tablice o rozmiarze 180cm wysyłamy tylko własnym transportem, koszt dostawy wynosi w takim wypadku 150zł brutto i czas oczekiwania do 30 dni. Płatność tylko przelewem zaraz po złożeniu zamówieniu, dużych tablic nie dowozimy za pobraniem."
Kosze do koszykówki,Tablice do koszykówki;1;Przezroczysta tablica do koszykówki Sure-Shot 150;;1299.00;1;100;https://sklepkoszykarski.pl/userdata/public/gfx/7259/Przezroczysta-tablica-do-koszykowki-Sure-Shot-150.jpg;"Przezroczysta tablica do gry w koszykówkę Sure-Shot w kształcie prostokąta o wymiarze 120x90 cm. Wykonana została z poliwęglanu i wzmocniona ramą stalową. Jej łączna waga to 20 kg. Dzięki zastosowanym materiałom jest odporna na warunki atmosferyczne i znakomicie sprawdza się zamocowana na zewnątrz, jak i na hali. Grubość powłoki 4mm. Kompatybilna z obręczami firmy Sure-Shot o numerach 261, 262, 263 i 277.


Wymiar:
 
120 x 90 cm, prostokątna
 
Grubość:
 4mm
 
Materiał:
 poliwęglan z ramą stalową
 
Waga:
 
20 kg"
Kosze do koszykówki,Tablice do koszykówki;1;Stalowa tablica do koszykówki Sure-Shot 143;;1799.00;1;100;https://sklepkoszykarski.pl/userdata/public/gfx/7255/Stalowa-tablica-do-koszykowki-Sure-Shot-180.jpg;"Stalowa tablica do koszykówki Sure-Shot 143 wykonana została ze stali ocynkowanej i dodatkowo pomalowana na biały kolor z czarnymi pasami. Bardzo odporna na warunki atmosferyczne, doskonale nadaje się na domowe podwórko, jak i Orliki. Jej grubość to 4 cm, a waga 35 kg, wymiary tablicy to 135x90 cm. Kompatybilna z obręczami Sure-Shot o numerach: 261, 262, 263, 264, 267, 277, 270.


Wymiar: 135 x 90 cm (półokrągła)
 Grubość: 4 cm
 Materiał: Stal ocynkowana i malowana
 Waga: 35 kg"
Kosze do koszykówki,Tablice do koszykówki;1;Tablica do koszkówki Sure-Shot 160;;649.00;1;100;https://sklepkoszykarski.pl/userdata/public/gfx/7245/Tablica-do-koszkowki-Sure-Shot-160.jpg;"Tablica do gry w koszykówkę 160 Sure-Shot doskonale nadaje się do montażu z obręczami : 261, 262, 263, 277, 270. Wykonana ze sztucznego tworzywa, które doskonale sprawdza się również na zewnątrz odporne na deszcz i niską temperaturę. Tablica koloru białego z czerwonymi liniami i delikatnymi, cienkimi czarnymi pasami. W rogu logo producenta Sure-Shot.


    1. 
Wymiar: 
 120 x 90 cm, kształt ma prostokątny
    2. 
Grubość
: 5 cm
    3. 
Materiał:
 polipropylen
    4. 
Waga:
 8 kg
    5. 
Rozstaw otworów do mocowania: 440x490 mm
       Rozstaw otworów do mocowania obręczy: 110 x 90 mm


   


    POSIADA CERTYFIKAT BEZPIECZEŃSTWA """"B"""""
Kosze do koszykówki,Tablice do koszykówki;1;Tablica do koszkówki Sure-Shot 160.1;;649.00;1;100;https://sklepkoszykarski.pl/userdata/public/gfx/7253/Tablica-do-koszkowki-Sure-Shot-160.1.jpg;"Tablica do gry w koszykówkę 160 Sure-Shot doskonale nadaje się do montażu z obręczami : 261, 262, 263, 277, 270. Wykonana ze sztucznego tworzywa, które doskonale sprawdza się również na zewnątrz odporne na deszcz i niską temperaturę. Tablica koloru białego z czarnymi liniami. W rogu logo producenta Sure-Shot.


    1. 
Wymiar: 
 120 x 90 cm, kształt ma prostokątny
    2. 
Grubość
: 5 cm
    3. 
Materiał:
 polipropylen
    4. 
Waga:
 8 kg
    5. 
Rozstaw otworów do mocowania: 440x490 mm
       Rozstaw otworów do mocowania obręczy: 110 x 90 mm


   


    POSIADA CERTYFIKAT BEZPIECZEŃSTWA """"B"""""
Kosze do koszykówki,Tablice do koszykówki;1;Tablica do koszykówki Sure-Shot 118;;329.00;1;100;https://sklepkoszykarski.pl/userdata/public/gfx/7254/Tablica-do-koszykowki-Sure-Shot-118.jpg;"Półokrągła tablica do koszykówki Sure-Shot 118 została wykonana z sztucznego tworzywa o nazwie polipropylen, który doskonale nadaje się na zewnątrz. Jest odporny na desz i wszelkie inne warunki atmosferyczne. Biała tablica z czerwonymi i czarnymi liniami oraz zaokrągloną górną krawędzią, co nadaje jej oryginalnego wyglądu. Grubość tablicy 2 cm, a jej waga to zaledwie 4 kg. Kompatybilna z obręczami do kosza: 203, 215.


Wymiar: 112x73 cm (półokrągła)
 Grubość: 2 cm
 Materiał: Polipropylen
 Waga: 4 kg"
Kosze do koszykówki,Tablice do koszykówki;1;Tablica do koszykówki Sure-Shot 169;;599.00;1;100;https://sklepkoszykarski.pl/userdata/public/gfx/7257/Tablica-do-koszykowki-Sure-Shot-169.jpg;"Tablica do koszykówki Sure-Shot 169 wykonana została z polipropylenu, który jest odporny na warunki atmosferyczne. Dzięki czemu doskonale nadaje się do zamocowania na zewnątrz, jak choćby na przydomowym boisku. Wymiar tablicy to 120x90 cm z półokrągłym kształtem, tło koloru białego z czerwonymi grubszymi liniami i cienkimi w kolorze granatowym. Grubość tablicy wynosi 5cm. Kompatybilna z obręczami Sure-Shot 261, 262, 263, 270, 277.


Wymiar:
 120 x 90 cm (półokrągła)
 
Grubość:
 5 cm
 
Materiał:
 polipropylen
 
Waga:
 8 kg"
Kosze do koszykówki,Tablice do koszykówki;1;Tablica do koszykówki Sure-Shot 169.1;;599.00;1;100;https://sklepkoszykarski.pl/userdata/public/gfx/7258/Tablica-do-koszykowki-Sure-Shot-169.1.jpg;"Tablica do koszykówki Sure-Shot 169.1 wykonana została z polipropylenu, który jest odporny na warunki atmosferyczne. Dzięki czemu doskonale nadaje się do zamocowania na zewnątrz, jak choćby na przydomowym boisku. Wymiar tablicy to 120x90cm z półokrągłym kształtem. Kolor tablicy biały z czarnymi wyrazistymi liniami, w rogu zaś widnieje logo producenta Sure-Shot. Grubość tablicy wynosi 5cm. Kompatybilna z obręczami Sure-Shot 261, 262, 263, 270, 277.


Wymiar:
 120 x 90 cm (półokrągła)
 
Grubość:
 5 cm
 
Materiał:
 polipropylen
 
Waga:
 8 kg"
Kosze do koszykówki,Tablice do koszykówki;1;Tablica do koszykówki ze sklejki Sure-Shot 120, 121;;799.00;1;100;https://sklepkoszykarski.pl/userdata/public/gfx/7271/Tablica-do-koszykowki-ze-sklejki-Sure-Shot-120%2C-121.jpg;"Tablica do koszykówki z 
wodoodpornej sklejki
 model 
Sure-Shot 120
 oraz 
121
 o zwiększonych wymiarach. Tablica nie posiada gotowych odwiertów na uchwyty, dzięki czemu może być dopasowana do każdego uchwytu i słupa. Jej waga różni się w zależności od modelu od 15 do 30kg. Kompatybilna z obręczami do kosza Sure-Shot o numerach: 261, 262, 263, 264, 270, 277.


Model 120
 Wymiar: 120 x 90 cm
 Waga: 15 kg


Model 121
 Wymiar: 180 x 105 cm
 Waga: 30 kg


Transport i płatność: 
z racji bardzo dużego gabarytu tablice o rozmiarze 
180cm
 wysyłamy tylko własnym transportem, koszt dostawy wynosi w takim wypadku 150zł brutto i czas oczekiwania do 30 dni. 
Z racji gabarytu płatność tylko przelewem zaraz po złożeniu zamówienia."
Kosze do koszykówki,Tablice do koszykówki;1;Tablica z plexi do koszykówki Sure-Shot 153;;2999.00;1;100;https://sklepkoszykarski.pl/userdata/public/gfx/7281/Tablica-z-plexi-do-koszykowki-Sure-Shot-153.jpg;"Duża, przezroczysta tablica z plexi do gry w koszykówkę Sure-Shot w kształcie prostokąta o wymiarze 180x105 cm. Wykonana została z plexy akrylowej i wzmocniona ramą stalową. Jej łączna waga wynosi 40 kg. Dzięki zastosowanym materiałom jest odporna na warunki atmosferyczne i znakomicie sprawdza się zamocowana na zewnątrz oraz na hali. Grubość zastosowanej plexi to 10mm (1cm). 


Wymiar:
 
180 x 105 cm, prostokątna
 
Grubość:
 10mm (model 153-015 grubość - 15mm)
 
Materiał:
 szkło akrylowe (tzw. plexi)
 
Waga:
 4
0 kg


Istnieje możliwość zamówienia tablicy z grubszej plexi - 15mm. Wtedy do ceny tablicy należy doliczyć dodatkowo 245zł


 


Z racji gabarytów tablice wysyłamy tylko i wyłącznie własnych transportem, koszt wysyłki jest ustalany indywidualnie w zależności od lokalizacji. Termin realizacji z dostawą do około 3-4 tygodni od momentu zamówienia."
Kosze do koszykówki,Obręcze;1;Obręcz do koszykówki 277 Flex Pro Image;;399.00;1;100;https://sklepkoszykarski.pl/userdata/public/gfx/7247/Obrecz-do-koszykowki-Sure-Shot-277-Flex-Pro-Image.jpg;"Obręcz do koszykówki 277
 Flex Pro Image
 posiada europejski rozstaw otworów (110 x 90 mm).




Wykonana została z pełnego pręta stalowego o wymiarach ø16 mm.


Tylna blacha ma grubości 5 mm. Malowana proszkowo.


Obręcz posiada dodatkowe wzmocnienie w postaci “kołnierza”.


Obręcz uchyla się przy obciążeniu od ok. 30 kg.


W komplecie z siatką na 12 zaczepów."
Kosze do koszykówki,Obręcze;1;Obręcz do koszykówki 280 Flex Goal 80;;999.00;1;100;https://sklepkoszykarski.pl/userdata/public/gfx/7280/Obrecz-do-koszykowki-280-Flex-Goal-80.jpg;"Obręcz uchylna
 do koszykówki firmy 
Sure-Shot 280 Flex Goal 80
. Zgodna z normami EN-1270 spełnia wszystkie wymagania i atesty organizacji koszykarskiej FIBA. Posiada system blokujący uchylanie do obciążenia 80 kg. Wyposażona została w dwa gazowe silniki, każdy o sile 2200N. Dodatkowo wyposażona w bezpieczny system mocowania siatki, który doskonale zabezpiecza przed urazami palców podczas bliskiego kontaktu z obręczą. 
Obręcz do koszykówki Sure-Shot
 ma europejski rozstaw otworów 110 x 90 mm. Wykonana została z pełnego pręta o średnicy  ø18 mm, natomiast 
kołnierz wzmacniający wykonano z blachy o grubości 5 mm, zaś tylna blach o grubości 6 mm. Całość malowana proszkowo.


W komplecie znajdziecie 
siatkę antywibracyjną FIBA
 na 1 zaczepów. Obręcz koszykarska może być stosowana zarówno do użytku na zewnątrz, jak i wewnątrz na halach."
Kosze do koszykówki,Obręcze;1;Obręcz do koszykówki Sure Shot 203 Hobby;;229.00;1;100;https://sklepkoszykarski.pl/userdata/public/gfx/7261/Obrecz-do-koszykowki-Sure-Shot-203-Hobby.png;"Podstawowy model obręczy do gry w koszykówkę firmy Sure Shot. Model 203 Hobby wykonany jest z pełnego pręta stalowego o średnicy ø15 mm. Natomiast podpory zostały wykonane z pręta stalowego o średnicy ø10 mm. Rozstaw otworów do mocowania obręczy wynosi 72 x 63 mm. Całość malowana proszkowo. W komplecie znajduje się również siatka na 12 zaczepów.


Rozstaw otworów: 72 x 63 mm"
Kosze do koszykówki,Obręcze;1;Obręcz do koszykówki Sure Shot 264 Iron Side;;429.00;1;100;https://sklepkoszykarski.pl/userdata/public/gfx/7250/Obrecz-do-koszykowki-Sure-Shot-264-Iron-Side.png;"Obręcz do koszykówki 
Sure Shot 264 Iron Side
 posiada europejski rozstaw otworów (110 x 90 mm) i ma wykonanie skrzynkowe.




Wykonana została z pełnego pręta stalowego o średnicy ø18 mm.


Stalowy kołnierz podpiera obręcz i tylna blacha o grubości 5 mm.


Malowana proszkowo.


Obręcz skrzynkowa.


W komplecie z siatką materiałową na 12 zaczepów.


Wytrzymuje obciążenie do 320 kg.




Model obręczy dostępny również w ocynkowanej wersji bez malowania na czerwono (dostępny w innej karcie produktu),"
Kosze do koszykówki,Obręcze;1;Obręcz do koszykówki Sure-Shot 261 Euro Standard;;296.00;1;100;https://sklepkoszykarski.pl/userdata/public/gfx/7246/Obrecz-do-koszykowki-Sure-Shot-261-Euro-Standard.jpg;"Obręcz
 
do koszykówki 261 Euro Standard Sure-Shot 
posiada europejski rozstaw otworów (110 x 90 mm) 
 Wykonana została z pełnego pręta stalowego o średnicy ø17 mm.
 Podpory obręczy wykończone z pręta stalowego o średnicy ø13 mm.
 Tylna blacha ma grubości 5 mm i jest malowana proszkowo.
 Obręcz w komplecie z siatką na 12 zaczepów.
Euro Goal Standard wytrzymuje obciążenie aż do 240 kg."
Kosze do koszykówki,Obręcze;1;Obręcz do koszykówki Sure-Shot 263 Heavy Duty;;339.00;1;100;https://sklepkoszykarski.pl/userdata/public/gfx/7263/Obrecz-do-koszykowki-Sure-Shot-263-Heavy-Duty.png;"Obręcz do koszykówki Sure-Shot 263 Heavy Duty jest wzmacnianą wersją obręczy Euro Standard. Posiada również europejski rozstaw otworów (110 x 90mm) i wykonana jest z pełnego pręta stalowego o grubości ø16mm, a podpory aż ø15mm  . Tylko blacha ma natomiast grubość 5 mm. Całość malowana proszkowo. Konstrukcja posiada dodatkowo żeberko wzmacniające.


W komplecie jest siatka materiałowa na 12 zaczepów.
 Obręcz wytrzymuje obciążenie do 270 kg."
Kosze do koszykówki,Obręcze;1;Obręcz do koszykówki uchylna Sure Shote 270 Flex 70;;550.00;1;100;https://sklepkoszykarski.pl/userdata/public/gfx/7249/Obrecz-do-koszykowki-uchylna-Sure-Shote-270-Flex-70.jpg;"Obręcz uchylna do koszykówki 270 Flex 70
 firmy 
Sure Shot
 uchyla się przy obciążeniu ok. 70 kg.




Posiada europejski rozstaw otworów (110 x 90 mm).


Wykonana z pełnego pręta stalowego ø18 mm.


Kołnierz wykonany z blachy o grubości 5 mm.


Malowana proszkowo.


W komplecie z siatką na 12 zaczepów.


Może być również stosowana na obiektach nie zadaszonych."
Kosze do koszykówki,Obręcze;1;Obręcz uchylna Sure Shot Ultra Flex 298;;1290.00;1;100;https://sklepkoszykarski.pl/userdata/public/gfx/7248/Obrecz-uchylna-Sure-Shot-Ultra-Flex-298.jpg;"Obręcz uchylna Sure Shot Ultra Flex 298 
spełnia wszystkie wymagania FIBA
 Wyposażona została w system „positive lock” tzw. zatrzask utrzymujący obręcz w pozycji zablokowanej do obciążenia aż 80 kg.
 Bezpieczne mocowanie siatki wyklucza ryzyko uszkodzenia ciała (palców) w czasie gry.




Europejski rozstaw otworów (110 x 90 mm).


Wykonana została z pełnego pręta stalowego ø18 mm.


Tylna blacha o grubości 6 mm.


Malowana proszkowo.


W komplecie z siatką na 12 zaczepów."
Kosze do koszykówki,Obręcze;1;Obręcz z silnikiem gazowym Sure Shot 235 Flex Goal;;599.00;1;100;https://sklepkoszykarski.pl/userdata/public/gfx/7262/Obrecz-z-silnikiem-gazowym-Sure-Shot-235-Flex-Goal.png;"Obręcz uchylna do koszykówki z silnikiem gazowym, model o nazwie Sure-Shot 235 Glex Goal 35. Obręcz posiada system blokujący uchylanie do obciążenia 35kg (silnik gazowy o sile 2200N), oprócz wielu zalet technicznych blokada uchylania się powoduje, że przy małym nacisku jak uderzenie piłki do kosza jest ona sztywna, dzięki czemu piłka w naturalny sposób odbija się od obręczy, co nie dezorientuje koszykarzy i pozwala im przewidzieć naturalny lot piłki przy zbiórkach.


Obręcz 235 Flex Goal 
posiada europejski rozstaw otworów 110 x 90 mm
. Wykonana została z pełnego pręta stalowego o średnicy ø 15mm, a kołnierz wzmacniający obręcz wykonany został blachy o grubości 3 mm. Natomiast tylna blacha o grubości 6 mm. Całość jest malowana proszkowo.


W komplecie znajduje się siatka na 12 zaczepów. Obręcz nadaje się do użytku zewnętrznego, jak i wewnętrznego.
 


Silnik gazowy w systemie uchylania obręczy 235 Glex Goal 35."
Kosze do koszykówki,Obręcze;1;Ocynkowana obręcz do kosza Sure Shot 264.4 Iron Side;;469.00;1;100;https://sklepkoszykarski.pl/userdata/public/gfx/7264/Ocynkowana-obrecz-do-kosza-Sure-Shot-264.4-Iron-Side.png;"Ocynkowana obręcz do koszykówki 
Sure Shot 264 Iron Side 
posiada europejski rozstaw otworów (110 x 90 mm) i ma wykonanie skrzynkowe.




Wykonana została z pełnego pręta stalowego o średnicy ø18 mm.


Stalowy kołnierz podpiera obręcz i tylna blacha o grubości 5 mm.


Wersja ocynkowana


Obręcz skrzynkowa.


W komplecie z siatką materiałową na 12 zaczepów.


Wytrzymuje obciążenie do 320 kg.




Model obręczy dostępny również w wersji z malowaniem proszkowo na czerwono (dostępny w innej karcie produktu),"
Kosze do koszykówki,Obręcze;1;Siłownik gazowy do obręczy 235 / 280 Sure-Shot;;390.00;1;100;https://sklepkoszykarski.pl/userdata/public/gfx/7285/Silownik-gazowy-do-obreczy-270--280-Sure-Shot.jpg;Pojedynczy siłownik gazowy firmy Sure-Shot pasujący do obręczy o modelach 270 i 280. W modelu 280 potrzebne są 2 takie siłowniki.
Kosze do koszykówki,Siatki do koszykówki;1;Siatka FIBA antywibracyjna do obreczy Sure-Shot 416;;69.00;1;100;https://sklepkoszykarski.pl/userdata/public/gfx/7274/Antywibracyjna-siatka-do-obreczy-Sure-Shot-416.jpg;"Profesjonalna biała siatka antywibracyjna Sure-Shot 416, rekomendowana przez koszykarską organizację FIBA. Wykonana z dwóch rodzajów sznurka, wzmacnianego i sztywnego przy zaczepach, oraz grubszego, giętkiego o gramaturze 120g przy dolnej plecionej części.


Rodzaj
: profesjonalna, antywibracyjna
Kolor
: biały
Grubość
: 120g
12 zaczepów."
Kosze do koszykówki,Siatki do koszykówki;1;Standardowa siatka na obręcz do kosza;Vinex;29.90;1;100;https://sklepkoszykarski.pl/userdata/public/gfx/7275/Gruba-biala-siatka-do-obreczy-Sure-Shot-410.jpg;"Turniejowa biała siatka do kosza. Wykonana z plecionego sznurka o gramaturze 150g. Siatka do obręczy posiada 12 zaczepów. Polecana do amatorskiego zastosowania, a także to zawieszania w szkołach i klubach sportowych.


Rodzaj:
 turniejowa
Kolor:
 biały.
Grubość:
 150g
12 zaczepów."
Kosze do koszykówki,Siatki do koszykówki;1;Siatka do obręczy Sure-Shot 404;;29.90;1;100;https://sklepkoszykarski.pl/userdata/public/gfx/7276/502bc4b3d962a954437942cb9004aec08eab1e0c.jpg;Standardowa biała siatka do obręczy Sure-shot 404. Wykonana z białego sznurka i posiada 12 zaczepów. Model polecany do amatorskich zastosowań.
Kosze do koszykówki,Siatki do koszykówki;1;Trójkolorowa siatka do obręczy Sure-Shot 403;;29.90;1;100;https://sklepkoszykarski.pl/userdata/public/gfx/7277/Siatka-do-obreczy-Sure-Shot-403.jpg;"Standardowa 
trójkolorowa siatka na obręcz
 Sure-shot 403. Wykonana z sznurka w trzech kolorach i posiada 12 zaczepów. Model polecany do amatorskich zastosowań."
Kosze do koszykówki,Siatki do koszykówki;1;Łańcuchowa siatka do obręczy Sure-Shot - 3mm;;89.00;1;100;https://sklepkoszykarski.pl/userdata/public/gfx/7278/Lancuchowa-siatka-do-obreczy-Sure-Shot-405---3mm.jpg;Siatka łańcuchowa do obręczy firmy Sure-Shot model 405, jest to stalowa, ocynkowana, na 12 zaczepów o grubości 3 mm.
Kosze do koszykówki,Siatki do koszykówki;1;Siatka na obręcz Wilson NBA;Wilson;39.00;1;100;https://sklepkoszykarski.pl/userdata/public/gfx/7335/siatka-wilson.jpg, https://sklepkoszykarski.pl/userdata/public/gfx/7336/siatka-trojkolorowa-wilson.jpg;"Standardowa 
trójkolorowa siatka na obręcz NBA Wilson
. Wykonana z wytrzymałego tworzywa sztucznego w barwach logo NBA - czerwono, biało niebieskim. Posiada 12 zaczepów na obręcz do koszykówki. Zapakowana w dedykowany kartonik z licencją ligi NBA."
Kosze do koszykówki,Siatki do koszykówki;1;Gruba siatka do kosza Wilson;Wilson;89.00;1;100;https://sklepkoszykarski.pl/userdata/public/gfx/8082/Biala-siatka-na-obrecz-do-koszykowki.png, https://sklepkoszykarski.pl/userdata/public/gfx/8080/Siatka-do-kosza-Wilson.png;"Siatka do kosza Wilson 
to idealny wybór dla Ciebie, jeśli szukasz trwałego produktu doskonałej jakości. Wykonana z odpornych materiałów, zapewnia długą żywotność oraz charakterystyczny dźwięk przy każdym celnym rzucie. Bez względu na to, czy grasz rekreacyjnie na osiedlowym boisku, czy trenujesz w profesjonalnej hali, ten model sprawdzi się w każdych warunkach.




Siatka na obręcz do kosza Wilson - dlaczego warto?




Maksymalna wytrzymałość
 – odporna na intensywną eksploatację oraz zmienne warunki atmosferyczne, nie blaknie i nie przeciera się nawet po długim użytkowaniu.


Uniwersalne dopasowanie
 – kompatybilna ze standardowymi 
koszami do koszykówki
 i profesjonalnymi obręczami.


Płynny tor lotu piłki
 – zaprojektowana tak, by minimalizować splątanie i zapewnić satysfakcjonujące przejście piłki przez obręcz.


Łatwy montaż
 – proste mocowanie do każdego standardowego obręcza, dzięki czemu w kilka chwil jesteś gotowy do gry.






Idealna siatka do kosza na każde boisko


Siatka na obręcz do kosza Wilson
 sprawdzi się zarówno na boiskach zewnętrznych, jak i w zamkniętych obiektach sportowych. To doskonały wybór dla pasjonatów koszykówki, którzy oczekują niezawodności i komfortu gry. Jej solidna konstrukcja zapewnia długą żywotność, dzięki czemu możesz cieszyć się intensywną rozgrywką przez lata.


Nasze 
siatki do koszykówki
 przechodzą rygorystyczne testy jakości, co gwarantuje niezawodne działanie i satysfakcję z gry. Wybierz sprawdzoną jakość i graj jak zawodowiec – postaw na 
siatkę do kosza Wilson
!"
Kosze do koszykówki,Siatki do koszykówki;1;Siatka na obręcz do kosza Meteor - 2 sztuki;;19.90;1;100;https://sklepkoszykarski.pl/userdata/public/gfx/8204/Siatka-na-obrecz--Meteor---2-sztuki.jpg, https://sklepkoszykarski.pl/userdata/public/gfx/8202/Siatka-na-obrecz-do-kosza-Meteor---2-sztuki.jpg;"Siatka na obręcz do kosza Meteor - 2 sztuki
 to klasyczne rozwiązanie dla pasjonatów koszykówki ceniących solidność i estetykę. Wyprodukowana z polipropylenu 
siatka na obręcz do koszykówki
 wyróżnia się odpornością na uszkodzenia i intensywną eksploatację. Zestaw zawiera 2 siatki w dynamicznej, czerwono-biało-niebieskiej kolorystyce, każda z 12 mocnymi uchwytami. Dzięki 
siatce do obręczy kosza Meteor
 Twoje rozgrywki zyskają nowy wymiar profesjonalizmu."
Prezent dla koszykarza;1;Mini tablica do koszykówki Wilson NBA Forge Team Mini Hoop;Wilson;228.00;1;100;https://sklepkoszykarski.pl/userdata/public/gfx/7334/Mini-tablica-do-koszykowki-Wilson-NBA-Forge-Team.jpg, https://sklepkoszykarski.pl/userdata/public/gfx/7331/Mini-tablica-do-koszykowki-Wilson-NBA-Forge-Team.jpg;"Mini tablica do koszykówki Wilson NBA Forge Team
 to idealne rozwiązanie dla każdego fana koszykówki, który chce pograć w swoim pokoju. Idealny rozmiar do pokoju i odwzorowanie prawdziwego kosza do koszykówki dadzą niepowtarzalną frajdę z gry w koszykówkę w pokoju. Obręcz została wykonana z prawdziwego metalu i posiada system uchylny pod naciskiem. Tablica z poliwęglanu z systemem mocowania na drzwi lub na ścianę. To prezent z którego na bank ucieszy się każdy fan ligi NBA.


 


Skład: 100% akryl
Rozmiar: 45,5 cm x 30,5 cm
Średnica obręczy: 22 cm"
Kosze do koszykówki,Mini tablice;1;Mini tablica Slam 180 Pro Arena Spalding na ścianę;Spalding;295.00;1;100;https://sklepkoszykarski.pl/userdata/public/gfx/7056/Mini-kosz-NBA-Slam-180-Pro-Arena-Spalding-na-sciane.jpg;"Mini tablica Slam 180 Pro Arena Spalding na ścianę
 to model mini tablicy do zawieszenia na drzwiach lub przykręcenia do ściany za pomocą dołączonych kołków. W wersji tej znalazły się dwa osobne mocowania, które wybiera się w zależności od tego, czy minitablica, ma być zawieszona na drzwiach czy powieszona na ścianie. 
Mini tablica Slam 180 Pro Arena
 -
 Minikosz
 firmy Spalding.


Oficjalna tablica z akrylu do koszykówki, dokładnie z takiego materiału jak widzimy podczas meczów NBA. Kosz posiada stalową obręcz ""Slam Jam Breakaway"" (metalowa amortyzacja sprężynowa). Konstrukcja idealna do domu lub biura. W komplecie znajduje się piłka gumowa, pompowana w rozmiarze 1. Dla zwiększenia realizmu zestawu polecamy dokupić trochę większą mini piłkę w rozmiarze 1,5, która wykonana jest z prawdziwej gumy na wzór piłek meczowych (link poniżej).


Wymiary tablicy:
 71,4 cm x 41,7cm.
Średnica obręczy:
 22 cm


Sposób mocowania:
 tablica posiada 2 osobne mocowania do ściany lub na drzwi, które mocuje się w zależności od potrzeb. W zestawie są już kołki rozporowe."
Kosze do koszykówki,Mini tablice;1;Mini tablica SKLZ Pro Mini Hoop;;199.99;1;100;https://sklepkoszykarski.pl/userdata/public/gfx/7240/Mini-tablica-SKLZ-Pro-Mini-Hoop.jpg, https://sklepkoszykarski.pl/userdata/public/gfx/7241/Mini-tablica-SKLZ-Pro-Mini-Hoop.jpg;"Mini tablica 
Mini Hoop
 do koszykówki, czyli zestaw z pomniejszonymi wymiarami tablicy firmy 
SKLZ
 dla dzieci i ""dużych chłopców"". Jest to obręcz z tablicą wykonana na wzór i podobieństwo prawdziwego kosza, na którym grają zawodowcy. Każdy element został dobrany tak by maksymalnie oddać rzeczywistą motorykę gry. Obręcz wykonana z metalu posiada amortyzację z wykorzystaniem sprężyny, a tablica wykonana z przezroczystego plexi na wzór szklanych tablic NBA. Zestaw ten montuje się w parę minut i można zawiesić w biurze, domu jedyne czego potrzeba to drzwi do pokoju lub inny podobny element w domowym otoczeniu.


Wymiary tablicy: 45 x 30 cm
Średnica obręczy: 23 cm
Średnica piłki: 13 cm"
Kosze do koszykówki,Mini tablice;1;Świecąca mini tablica SKLZ Pro mini Hoop Midnight;;249.00;1;100;https://sklepkoszykarski.pl/userdata/public/gfx/7304/Swiecaca-mini-tablica-SKLZ-Pro-mini-Hoop-Midnight.jpg, https://sklepkoszykarski.pl/userdata/public/gfx/7305/Swiecaca-mini-tablica-SKLZ-Pro-mini-Hoop-Midnight.jpg;"Świecąca w ciemnościach mini tablica do koszykówki 
Mini Hoop
, czyli zestaw idealny do pokoju i domowych zastosowań. Jest to obręcz z tablicą wykonana na wzór i podobieństwo prawdziwego kosza, na którym grają zawodowcy. Każdy element został dobrany tak by maksymalnie oddać rzeczywistą motorykę gry. Obręcz wykonana z metalu posiada amortyzację z wykorzystaniem sprężyny, a tablica wykonana z przezroczystego plexi na wzór szklanych tablic NBA. Zestaw ten montuje się w parę minut i można zawiesić w biurze, domu jedyne czego potrzeba to drzwi do pokoju lub inny podobny element w domowym otoczeniu. Elementy kosza pokryte zostały arbą fluorescencyjną, która świeci w ciemnościach. Także piłka została wykonana z dodatkiem tego materiał, dzięki czemu całość daje niesamowity efekt i można grać w koszykówkę nawet w całkowitej ciemności. 


Wymiary tablicy: 45 x 30 cm
Średnica obręczy: 23 cm
Średnica piłki: 13 cm"
Kosze do koszykówki,Mini tablice;1;Pro Mini Hoop Micro zestaw do pokoju do koszykówki SKLZ;;199.00;1;100;https://sklepkoszykarski.pl/userdata/public/gfx/7302/Pro-Mini-Hoop-Micro-pokojowy-zestaw-do-mini-koszykowki-SKLZ.jpg, https://sklepkoszykarski.pl/userdata/public/gfx/7303/Pro-Mini-Hoop-Micro-pokojowy-zestaw-do-mini-koszykowki-SKLZ.jpg;"Profesjonalnie wykonany zestaw do mini koszykówki idealny dla najmniejszych koszykarzy - Micro Mini Hoop SKLZ. Topowej jakości urządzenie zmieni domową grę w koszykówkę wykonany do złudzenia przypomina prawdziwą tablicę, z przezroczystej plexy, metalową uchylną obręczą i piłką mieszczącą się w najmniejszej dłoni. Idealny do użytkowania w domu, w pracy czy w akademiku. Ultra-wytrzymała konstrukcja tablicy gwarantuje możliwość wieloletniego użytkowania. Zabezpieczone pianką haki mocujące pasują do niemal wszystkich skrzydeł drzwiowych. Schludne kartonowe opakowanie czyni zestaw idealnym materiałem na prezent. 
Kod: SPMH-MIC-001
Wymiary tablicy: 38 x 26 cm 
Średnica piłki: 10 cm"
CZYSZCZENIE MAGAZYNU do -60 %;1;Mini tablica do koszykówki Wilson NBA Mini Hoop;Wilson;89.00;1;100;https://sklepkoszykarski.pl/userdata/public/gfx/7329/mini-tablica-nba.jpg, https://sklepkoszykarski.pl/userdata/public/gfx/7330/Mini-tablica-do-koszykowki-Wilson-NBA-Mini-Hoop.jpg;"Mini tablica do koszykówki Wilson
 to idealne rozwiązanie dla każdego fana koszykówki, który chce pograć w pokoju. Małe gabaryty w połączeniu z piłką wypełnioną watą poliestrową będzie mniej szkodliwe dla delikatnych rzeczy w pomieszczeniu. Dodatkowo brak generowanego hałasu sprawi, że Wasi sąsiedzi będą spać spokojnie. Produkt licencjonowany przez ligę NBA. Mini tablica NBA Pro Hoop Wilson to idealny prezent zarówno dla młodego, jak i starszego fana koszykówki.


Szerokość tablicy: około 29cm
Wysokość tablicy: około 27cm 
Średnica piłeczki: około 10cm"
Prezent dla koszykarza;1;Mini tablica do koszykówki Wilson NBA Chicago Bulls;Wilson;89.00;1;100;https://sklepkoszykarski.pl/userdata/public/gfx/7029/Mini-tablica-do-koszykowki-Wilson-NBA-Chicago-Bulls.jpg;"Mini tablica do koszykówki Wilson NBA Chicago Bulls
 to idealne rozwiązanie dla każdego fana koszykówki, który chce pograć w pokoju. Małe gabaryty w połączeniu z piłką wypełnioną watą poliestrową będą mniej szkodliwe dla delikatnych rzeczy w pomieszczeniu. Dodatkowo brak generowanego hałasu sprawi, że Wasi sąsiedzi będą spać spokojnie. Produkt licencjonowany przez ligę NBA. Mini tablica NBA Chicago Bulls Pro Hoop Wilson to idealny prezent zarówno dla młodego, jak i starszego fana koszykówki.


Szerokość tablicy: około 29cm
Wysokość tablicy: około 27cm 
Średnica piłeczki: około 10cm"
Kosze do koszykówki,Mini tablice;1;Mini tablica do koszykówki Wilson NBA Golden State Warriors;Wilson;89.00;1;100;https://sklepkoszykarski.pl/userdata/public/gfx/7027/Mini-tablica-do-koszykowki-Wilson-NBA-Golden-State-Warriors.jpg, https://sklepkoszykarski.pl/userdata/public/gfx/7028/Mini-tablica-do-koszykowki-Wilson-NBA-Golden-State-Warriors.jpg;"Mini tablica do koszykówki Wilson NBA Golden State Warriors
 to idealne rozwiązanie dla każdego fana koszykówki, który chce pograć w pokoju. Małe gabaryty w połączeniu z piłką wypełnioną watą poliestrową będą mniej szkodliwe dla delikatnych rzeczy w pomieszczeniu. Dodatkowo brak generowanego hałasu sprawi, że Wasi sąsiedzi będą spać spokojnie. Produkt licencjonowany przez ligę NBA. Mini tablica NBA Golden State Warriors Pro Hoop Wilson to idealny prezent zarówno dla młodego, jak i starszego fana koszykówki.


Szerokość tablicy: około 29cm
Wysokość tablicy: około 27cm 
Średnica piłeczki: około 10cm"
Prezent dla koszykarza;1;Mini tablica do koszykówki Wilson NBA Boston Celtics;Wilson;89.00;1;100;https://sklepkoszykarski.pl/userdata/public/gfx/7337/Mini-tablica-do-koszykowki-Wilson-NBA-Boston-Celtics.jpg, https://sklepkoszykarski.pl/userdata/public/gfx/7338/Mini-tablica-do-koszykowki-Wilson-NBA-Boston-Celtics.jpg;"Mini tablica do koszykówki Wilson NBA Boston Celtics
 to idealne rozwiązanie dla każdego fana koszykówki, który chce pograć w pokoju. Małe gabaryty w połączeniu z piłką wypełnioną watą poliestrową będą mniej szkodliwe dla delikatnych rzeczy w pomieszczeniu. Dodatkowo brak generowanego hałasu sprawi, że Wasi sąsiedzi będą spać spokojnie. Produkt licencjonowany przez ligę NBA. Mini tablica NBA Boston Celtics Pro Hoop Wilson to idealny prezent zarówno dla młodego, jak i starszego fana koszykówki.


Szerokość tablicy: około 29cm
Wysokość tablicy: około 27cm 
Średnica piłeczki: około 10cm"
Kosze do koszykówki,Mini tablice;1;Mini tablica do koszykówki Wilson NBA Los Angeles Lakers;Wilson;89.00;1;100;https://sklepkoszykarski.pl/userdata/public/gfx/7341/Mini-tablica-do-koszykowki-Wilson-Los-Angeles-Lakers.jpg, https://sklepkoszykarski.pl/userdata/public/gfx/7342/Mini-tablica-do-koszykowki-Wilson-NBA-Los-Angeles-Lakers.jpg;"Mini tablica do koszykówki Wilson to idealne rozwiązanie dla każdego fana koszykówki, który chce pograć w pokoju. Małe gabaryty w połączeniu z piłką wypełnioną watą poliestrową będą mniej szkodliwe dla delikatnych rzeczy w pomieszczeniu. Dodatkowo brak generowanego hałasu sprawi, że Wasi sąsiedzi będą spać spokojnie. Produkt licencjonowany przez ligę NBA. Mini tablica NBA Los Angeles Lakers Pro Hoop Wilson to idealny prezent zarówno dla młodego, jak i starszego fana koszykówki.


Szerokość tablicy: około 29cm
Wysokość tablicy: około 27cm 
Średnica piłeczki: około 10cm"
Kosze do koszykówki,Mini tablice;1;Mini tablica do koszykówki Wilson NBA Miami Heat;Wilson;89.00;1;100;https://sklepkoszykarski.pl/userdata/public/gfx/7343/Mini-tablica-do-koszykowki-Wilson-NBA-Miami-Heat.jpg, https://sklepkoszykarski.pl/userdata/public/gfx/7344/Mini-tablica-do-koszykowki-Wilson-NBA-Miami-Heat.jpg;"Mini tablica do koszykówki Wilson to idealne rozwiązanie dla każdego fana koszykówki, który chce pograć w pokoju. Małe gabaryty w połączeniu z piłką wypełnioną watą poliestrową będą mniej szkodliwe dla delikatnych rzeczy w pomieszczeniu. Dodatkowo brak generowanego hałasu sprawi, że Wasi sąsiedzi będą spać spokojnie. Produkt licencjonowany przez ligę NBA. Mini tablica NBA Los Angeles Lakers Pro Hoop Wilson to idealny prezent zarówno dla młodego, jak i starszego fana koszykówki.


Szerokość tablicy: około 29cm
Wysokość tablicy: około 27cm 
Średnica piłeczki: około 10cm"
Kosze do koszykówki,Mini tablice;1;Mini tablica do koszykówki Wilson NBA Memphis Grizzlies;Wilson;89.00;1;100;https://sklepkoszykarski.pl/userdata/public/gfx/7345/Mini-tablica-do-koszykowki-Wilson-NBA-Memphis-Grizzlies.jpg, https://sklepkoszykarski.pl/userdata/public/gfx/7346/Mini-tablica-do-koszykowki-Wilson-NBA-Memphis-Grizzlies.jpg;"Mini tablica do koszykówki Wilson to idealne rozwiązanie dla każdego fana koszykówki, który chce pograć w pokoju. Małe gabaryty w połączeniu z piłką wypełnioną watą poliestrową będą mniej szkodliwe dla delikatnych rzeczy w pomieszczeniu. Dodatkowo brak generowanego hałasu sprawi, że Wasi sąsiedzi będą spać spokojnie. Produkt licencjonowany przez ligę NBA. Mini tablica NBA Memphis Grizzlies Pro Hoop Wilson to idealny prezent zarówno dla młodego, jak i starszego fana koszykówki.


Szerokość tablicy: około 29cm
Wysokość tablicy: około 27cm 
Średnica piłeczki: około 10cm"
Kosze do koszykówki,Mini tablice;1;Mini tablica do koszykówki Wilson NBA Milwaukee Bucks;Wilson;89.00;1;100;https://sklepkoszykarski.pl/userdata/public/gfx/7347/Mini-tablica-do-koszykowki-Wilson-NBA-Milwaukee-Bucks.jpg, https://sklepkoszykarski.pl/userdata/public/gfx/7348/Mini-tablica-do-koszykowki-Wilson-NBA-Milwaukee-Bucks.jpg;"Mini tablica do koszykówki Wilson to idealne rozwiązanie dla każdego fana koszykówki, który chce pograć w pokoju. Małe gabaryty w połączeniu z piłką wypełnioną watą poliestrową będą mniej szkodliwe dla delikatnych rzeczy w pomieszczeniu. Dodatkowo brak generowanego hałasu sprawi, że Wasi sąsiedzi będą spać spokojnie. Produkt licencjonowany przez ligę NBA. Mini tablica NBA Milwaukee Bucks Pro Hoop Wilson to idealny prezent zarówno dla młodego, jak i starszego fana koszykówki.


Szerokość tablicy: około 29cm
Wysokość tablicy: około 27cm 
Średnica piłeczki: około 10cm"
Kosze do koszykówki,Mini tablice;1;Mini tablica do koszykówki Wilson NBA Philadelphia 76ers;Wilson;89.00;1;100;https://sklepkoszykarski.pl/userdata/public/gfx/7349/Mini-tablica-do-koszykowki-Wilson-NBA-Philadelphia-76ers.jpg, https://sklepkoszykarski.pl/userdata/public/gfx/7350/Mini-tablica-do-koszykowki-Wilson-NBA-Philadelphia-76ers.jpg;"Mini tablica do koszykówki Wilson to idealne rozwiązanie dla każdego fana koszykówki, który chce pograć w pokoju. Małe gabaryty w połączeniu z piłką wypełnioną watą poliestrową będą mniej szkodliwe dla delikatnych rzeczy w pomieszczeniu. Dodatkowo brak generowanego hałasu sprawi, że Wasi sąsiedzi będą spać spokojnie. Produkt licencjonowany przez ligę NBA. Mini tablica NBA Philadelphia 76ers Pro Hoop Wilson to idealny prezent zarówno dla młodego, jak i starszego fana koszykówki.


Szerokość tablicy:
 około 29cm
Wysokość tablicy:
 około 27cm 
Średnica piłeczki:
 około 10cm"
Kosze do koszykówki,Mini tablice;1;Mini tablica do koszykówki Wilson NBA Phoenix Suns;Wilson;89.00;1;100;https://sklepkoszykarski.pl/userdata/public/gfx/7351/Mini-tablica-do-koszykowki-Wilson-NBA-Phoenix-Suns.jpg, https://sklepkoszykarski.pl/userdata/public/gfx/7352/Mini-tablica-do-koszykowki-Wilson-NBA-Phoenix-Suns.jpg;"Mini tablica do koszykówki Wilson NBA Phoenix Suns
 to idealne rozwiązanie dla każdego fana koszykówki, który chce pograć w pokoju. Małe gabaryty w połączeniu z piłką wypełnioną watą poliestrową będą mniej szkodliwe dla delikatnych rzeczy w pomieszczeniu. Dodatkowo brak generowanego hałasu sprawi, że Wasi sąsiedzi będą spać spokojnie. Produkt licencjonowany przez ligę NBA. Mini tablica NBA Phoenix Suns Pro Hoop Wilson to idealny prezent zarówno dla młodego, jak i starszego fana koszykówki.


Szerokość tablicy: około 29cm
Wysokość tablicy: około 27cm 
Średnica piłeczki: około 10cm"
Kosze do koszykówki,Mini tablice;1;Mini tablica do koszykówki Wilson NBA Oklahoma City Thunder;Wilson;89.00;1;100;https://sklepkoszykarski.pl/userdata/public/gfx/7659/Mini-tablica-do-koszykowki-Wilson-NBA-Oklahoma-City-Thunder.jpg;"Mini tablica do koszykówki Wilson NBA Oklahoma City Thunder 
i teraz możesz rzucać do kosza bez potrzeby posiadania boiska dzięki mini tablicy Wilson NBA. Graj w dowolnym miejscu, reprezentując swoją drużynę w jej barwach. Obręcz łatwo montuje się na drzwiach, co pozwala na szybką konfigurację. Kompaktowe rozmiary i miękka piłka wypełniona watą poliestrową sprawiają, że zabawa jest bezpieczna dla delikatnych przedmiotów w pomieszczeniu. Cicha gra zapewnia spokój, nie zakłócając snu sąsiadów. Oficjalnie licencjonowana przez ligę NBA, ta 
mini tablica
 to idealny wybór dla każdego entuzjasty koszykówki.


Mini tablica do koszykówki Wilson NBA Oklahoma City Thunder 
to doskonały prezent zarówno dla młodszych, jak i starszych fanów tego sportu.


Szerokość tablicy: około 29cm
Wysokość tablicy: około 27cm
Średnica piłeczki: około 10cm"
Prezent dla koszykarza;1;Mini tablica do koszykówki Wilson NBA Minnesota Timberwolves;Wilson;89.00;1;100;https://sklepkoszykarski.pl/userdata/public/gfx/7660/Mini-tablica-do-koszykowki-Wilson-NBA-Minnesota-Timberwolves.jpg;"Mini tablica do koszykówki Wilson NBA Minnesota Timberwolves
 i zapomnij o konieczności posiadania boiska dzięki 
mini tablicy do koszykówki Wilson NBA
. Graj w dowolnym miejscu z Team Mini Hoop, reprezentując swoją drużynę w jej barwach. Obręcz montuje się łatwo na drzwiach, co pozwala na szybką i prostą konfigurację. 
Mini tablica Wilson NBA
 to idealny wybór dla każdego entuzjasty koszykówki, który chce cieszyć się grą w swoim pokoju. Kompaktowe rozmiary i miękka piłka wypełniona watą poliestrową sprawiają, że zabawa jest bezpieczna dla delikatnych przedmiotów w pomieszczeniu. Cicha gra zapewnia spokój, nie zakłócając snu sąsiadów. Ta 
mini tablica do koszykówki Wilson NBA Minnesota Timberwolves
 jest oficjalnie licencjonowana przez ligę NBA.


To świetny prezent zarówno dla młodszych, jak i starszych fanów koszykówki.


Szerokość tablicy: około 29cm
Wysokość tablicy: około 27cm
Średnica piłeczki: około 10cm"
Prezent dla koszykarza;1;Mini tablica do koszykówki Wilson NBA Dallas Mavericks;Wilson;89.00;1;100;https://sklepkoszykarski.pl/userdata/public/gfx/8044/Mini-tablica-do-koszykowki-Wilson-NBA-Dallas-Mavericks.png;"Mini tablica do koszykówki Wilson NBA Dallas Mavericks
 – domowa koszykówka na najwyższym poziomie. Nie potrzebujesz boiska, aby doskonalić rzuty! Ta 
mini tablica do koszykówki
 to idealny sposób na zabawę i trening w każdym miejscu. Zamontuj ją i ciesz się grą w swoim stylu.




Oficjalny design Dallas Mavericks
 – dynamiczny nadruk inspirowany drużyną NBA.


Trwała konstrukcja
 – mocna obręcz i solidna tablica zapewniają długą żywotność.


Łatwy montaż
 – pasuje do większości drzwi i jest gotowa do gry w kilka minut.


Doskonała zabawa
 – mini tablica do koszykówki to świetny sposób na aktywność i poprawę techniki rzutów.




To idealny wybór dla fanów koszykówki, dzieci i dorosłych, którzy chcą poczuć emocje NBA w domowym zaciszu. Świetnie sprawdzi się jako prezent dla miłośników Dallas Mavericks i koszykarskich pasjonatów.


Zamów 
Mini tablica do koszykówki Wilson NBA Dallas Mavericks 
teraz i zacznij trenować jak profesjonaliści!"
Kosze do koszykówki,Mini tablice;1;Mini tablica do koszykówki Wilson NBA San Antonio Spurs;Wilson;89.00;1;100;https://sklepkoszykarski.pl/userdata/public/gfx/8045/Mini-tablica-do-koszykowki-Wilson-NBA-San-Antonio-Spurs.png;"Mini tablica do koszykówki Wilson NBA San Antonio Spurs
 czyli prawdziwa gratka dla fanów NBA. 
Nie potrzebujesz pełnowymiarowego boiska, aby trenować rzuty! Mini tablica do koszykówki Wilson NBA San Antonio Spurs to świetny sposób na aktywność i zabawę w dowolnym miejscu. Dzięki łatwemu montażowi w kilka chwil stworzysz własny kącik do gry.




Oficjalny design San Antonio Spurs
 – dynamiczna czarno-szara grafika inspirowana drużyną NBA.


Wytrzymała konstrukcja
 – mocna tablica i solidna obręcz gwarantują stabilność i trwałość.


Łatwy montaż
 – pasuje do większości drzwi, instalacja bez użycia narzędzi.


Kompletny zestaw
 – w komplecie mini piłka z logiem NBA, idealna do dynamicznej gry.




Mini tablica do koszykówki Wilson NBA San Antonio Spurs
 to świetny wybór dla fanów koszykówki, zarówno dzieci, jak i dorosłych. To również doskonały pomysł na prezent dla każdego miłośnika NBA.


Zamów tę 
mini tablicę do koszykówki
 już teraz i poczuj prawdziwe emocje NBA w swoim domu!"
Prezent dla koszykarza;1;Mini piłka do koszykówki SKLZ;;39.99;1;100;https://sklepkoszykarski.pl/userdata/public/gfx/7860/Pomaranczowa-pilka-do-koszykowki-SKLZ-Pro-Mini-z-logo-na-powierzchni.-Kompaktowy-rozmiar%2C-idealny-do-zabawy-na-malych-koszach-i-cwiczen-rzutowych..webp, https://sklepkoszykarski.pl/userdata/public/gfx/7861/Zblizenie-na-teksture-pilki-SKLZ-Pro-Mini%2C-ukazujace-wyrazna-strukture-powierzchni-i-ciemne-linie-paneli..webp;"Mini piłka do koszykówki SKLZ


Szukasz 
mini piłki do koszykówki
, która sprawdzi się w każdej chwili, zarówno w domu, biurze, jak i na małych koszach? 
Mini piłka do koszykówki SKLZ
 to niezastąpiony wybór dla fanów szybkich rozgrywek, takich jak na popularnym koszu PRO MINI HOOP.


Wykonana z trwałej gumy piankowej, piłka zapewnia długowieczność i odporność na codzienne użytkowanie. Dzięki średnicy 12,5 cm jest doskonała do zabawy w małych przestrzeniach, oferując dynamiczną grę bez ryzyka uszkodzeń mebli czy ścian.


Klasyczny pomarańczowy design nadaje jej autentyczny, koszykarski wygląd, a kompaktowy rozmiar sprawia, że jest idealna do rzutów i trików nawet w zamkniętych pomieszczeniach. To świetna opcja na relaksującą rozgrywkę dla dzieci i dorosłych.


Odkryj radość z gry w dowolnym miejscu! Wybierz 
mini piłkę do koszykówki SKLZ
 i zapewnij sobie godziny zabawy – idealna dla graczy w każdym wieku.


Najważniejsze cechy:




Średnica: 12,5 cm – idealna do małych koszy


Materiał: Trwała guma piankowa, odporna na uszkodzenia


Kolor: Klasyczny pomarańczowy, koszykarski design


Przeznaczenie: Domowe, biurowe i zabawowe rozgrywki




Graj bez ograniczeń z mini piłką SKLZ – perfekcyjna zabawa, gdziekolwiek zechcesz!"
Kosze do koszykówki,Mini tablice;1;Piłka piankowa do koszykówki mini SKLZ blue/red;;39.99;1;100;https://sklepkoszykarski.pl/userdata/public/gfx/7732/Pilka-piankowa-do-koszykowki-mini-SKLZ-bluered.gif;"Piłka piankowa do koszykówki mini SKLZ


Szukasz bezpiecznej 
piłki do koszykówki
, która sprawdzi się w domu lub na świeżym powietrzu? 
Piłka piankowa do koszykówki mini SKLZ
 to idealne rozwiązanie! Zaprojektowana z myślą o graczach w każdym wieku, zapewnia komfortową i bezpieczną grę, niezależnie od miejsca.
Wykonana z wysokiej jakości gumy piankowej, 
piłka SKLZ
 łączy w sobie trwałość z bezpieczeństwem. Jej kompaktowy rozmiar (12,5 cm średnicy) doskonale pasuje do mniejszych koszy, zwłaszcza zestawów 
Pro Mini Hoop
, co pozwala cieszyć się realistycznymi wrażeniami z gry, bez ryzyka uszkodzenia mebli czy otoczenia.
Czerwono-niebieski kolor piłki do kosza sprawia, że jest ona nie tylko funkcjonalna, ale także przyciąga wzrok i dodaje zabawie jeszcze więcej frajdy. Niezależnie od tego, czy grasz w domu, w ogrodzie, czy na podwórku – 
piłka piankowa SKLZ
 to świetna opcja dla dzieci i dorosłych, którzy chcą grać bez stresu i hałasu.
Spraw, aby Twoje rozgrywki były jeszcze lepsze! Zamów piankową piłkę do koszykówki mini SKLZ już teraz i ciesz się bezpieczną, a jednocześnie realistyczną grą, która jest idealnym dodatkiem do Twojego zestawu Pro Mini Hoop."
Kosze do koszykówki,Mini tablice;1;Piłka piankowa do koszykówki mini SKLZ grey/black;;39.99;1;100;https://sklepkoszykarski.pl/userdata/public/gfx/7733/Pilka-piankowa-do-koszykowki-mini-SKLZ-greyblack.gif;"Piłka piankowa do koszykówki mini SKLZ grey/black


Lubisz koszykówkę i szukasz idealnej piłki, która sprawdzi się w domu lub na podwórku? 
Piłka piankowa do koszykówki mini SKLZ
 w kolorach szarym i czarnym to doskonały wybór dla fanów koszykówki w każdym wieku!
Wykonana z wytrzymałej gumy piankowej, ta 
mini piłka do kosza
 gwarantuje nie tylko trwałość, ale także bezpieczeństwo podczas gry. Dzięki średnicy 12,5 cm, idealnie pasuje do mniejszych koszy, takich jak zestawy Pro Mini Hoop, oferując realistyczne wrażenia z gry, bez ryzyka uszkodzenia mebli czy ścian.
Jej stylowy, czarno-szary design sprawia, że piłka nie tylko świetnie wygląda, ale także jest łatwa do zauważenia, co dodaje zabawie jeszcze więcej frajdy. To idealne rozwiązanie zarówno dla dzieci, jak i dorosłych, którzy chcą czerpać radość z koszykówki bez obaw o zniszczenia w domu.
Podnieś swoje umiejętności i baw się jeszcze lepiej! Zamów 
piankową piłkę do koszykówki mini SKLZ
 już teraz i ciesz się komfortową i bezpieczną grą, niezależnie od miejsca!"
Kosze do koszykówki,Mini tablice;1;Mini kosz NBA Slam Jam Arena Spalding na ścianę;Spalding;269.00;1;100;https://sklepkoszykarski.pl/userdata/public/gfx/7046/Mini-kosz-NBA-Slam-Jam-Arena-Spalding-na-drzwi-lub-na-sciane..jpg;"Mini kosz NBA Slam Jam Arena Spalding na ścianę
, model mini tablicy do zawieszenia na drzwiach, lub przykręcenia do ściany za pomocą dołączonych kołków. Kosz wyposażony jest w dwa rodzaje mocowań, w zależności od tego, czy minitablica, ma być zawieszona na drzwiach czy powieszona na ścianie należy wybrać odpowiednie.


Mini tablica Spalding Slam Jam Arena Spalding na ścianę posiada oficjalną tablicę z akrylu do koszykówki, dokładnie z takiego tworzywa, z jakiego wykonane są tablice na meczach NBA. Kosz posiada stalową obręcz ""Slam Jam Breakaway"" (metalowa amortyzacja sprężynowa). Konstrukcja idealna do domu lub biura. W komplecie znajduje się piłka gumowa, pompowana w rozmiarze 1. Dla zwiększenia realizmu zestawu polecamy dokupić trochę większą mini piłkę w rozmiarze 1,5, która wykonana jest z prawdziwej gumy na wzór piłek meczowych (link poniżej).




Minitablica posiada stalową obręcz ""Slam Jam Breakaway"" (metalowa amortyzacja sprężynowa).


Tablica posiada z tyłu uchwyt do zawieszania tablicy np. na drzwiach. Uchwyt jest zamocowany na stałe.


Wymiary tablicy około 45,7 x 26,7 cm


W komplecie znajduje się piłka gumowa w rozmiarze 1


Konstrukcja idealna do domu lub biura.




Sposób mocowania:
 kosz Spalding posiada 2 osobne mocowania do ściany lub na drzwi, które mocuje się w zależności od potrzeb. W zestawie są już kołki rozporowe."
Kosze do koszykówki,Mini tablice;1;Mini kosz SKLZ Pro Mini Hoop XL;;239.99;1;100;https://sklepkoszykarski.pl/userdata/public/gfx/7235/SKLZ-Pro-Mini-Hoop-XL.jpg, https://sklepkoszykarski.pl/userdata/public/gfx/7236/Mini-kosz-SKLZ-Pro-Mini-Hoop-XL.jpg;"Minitablica 
Mini Hoop XL
, czyli zestaw z powiększonymi wymiarami tablicy firmy 
SKLZ
 dla dzieci i ""dużych chłopców"". Jest to obręcz z tablicą wykonana na wzór i podobieństwo prawdziwego kosza, na którym grają zawodowcy. Każdy element został dobrany tak by maksymalnie oddać rzeczywistą motorykę gry. Obręcz wykonana z metalu posiada amortyzację z wykorzystaniem sprężyny, a tablica wykonana z przezroczystego plexi na wzór szklanych tablic NBA. Zestaw ten montuje się w parę minut i można zawiesić w biurze, domu jedyne czego potrzeba to drzwi do pokoju lub inny podobny element w domowym otoczeniu.


Przybliżone wymiary tablicy:


Szerokość: 57,5cm
Wysokość: 40,5cm"
Kosze do koszykówki,Mini tablice;1;Mini tablica do koszykówki Wilson NBA Denver Nuggets;Wilson;89.00;1;100;https://sklepkoszykarski.pl/userdata/public/gfx/7339/Mini-tablica-do-koszykowki-Wilson-NBA-Denver-Nuggets.jpg, https://sklepkoszykarski.pl/userdata/public/gfx/7340/Mini-tablica-do-koszykowki-Wilson-NBA-Denver-Nuggets.jpg;"Mini tablica do koszykówki Wilson
 to idealne rozwiązanie dla każdego fana koszykówki, który chce pograć w pokoju. Małe gabaryty w połączeniu z piłką wypełnioną watą poliestrową będą mniej szkodliwe dla delikatnych rzeczy w pomieszczeniu. Dodatkowo brak generowanego hałasu sprawi, że Wasi sąsiedzi będą spać spokojnie. Produkt licencjonowany przez ligę NBA. 
Mini tablica do koszykówki Wilson NBA Denver Nuggets
 Pro Hoop Wilson to idealny prezent zarówno dla młodego, jak i starszego fana koszykówki.


Szerokość tablicy: około 29cm
Wysokość tablicy: około 27cm 
Średnica piłeczki: około 10cm"
Kosze do koszykówki,Mini tablice;1;"Mini tablica Space Jam ""Kosmiczny Mecz"" Tune Squad";Spalding;99.00;1;100;https://sklepkoszykarski.pl/userdata/public/gfx/7407/79006Z.jpg;"Minitablica Spalding Space Jam Tune Squad.
 Oryginalny produkt z najnowszego filmu z LeBronem Jamesem w roli głównej. Doskonały produkt zarówno dla młodych jak i starszych koszykarzy. 
Idealny do pokoju dziecięcego, a także do biura do zabicie monotonii pracy. Do każdej tablicy dołączona jest mini piłka koszykarska (size 1) oraz biała siatka do kosza. Oryginalny produkt zatwierdzony przez NBA. Mini tablica Spalding Logoman wykonana została ze wzmocnionego plastiku. Samoprzylepne podkładki z tyłu ułatwiające montaż istnieje również możliwość zamocowanie tablicy na hakach/wkrętach lub zwykłymi gwoździami (tablica posiada 2 male otwory).


Wymiary mini tablicy:
tablica: 24x29 cm
średnica obręczy: 17,5 cm
średnica piłeczki: 10 cm"
Prezent dla koszykarza;1;Mini tablica do koszykówki Wilson NBA Mini Hoop (czarna);Wilson;99.00;1;100;https://sklepkoszykarski.pl/userdata/public/gfx/7630/Mini-tablica-do-koszykowki-Wilson-NBA-Mini-Hoop-czarna.jpg, https://sklepkoszykarski.pl/userdata/public/gfx/7629/Mini-tablica-do-koszykowki-Wilson-NBA-Mini-Hoop-czarna.jpg;"Mini tablica do koszykówki Wilson NBA Mini Hoop (czarna)
 to idealny zestaw dla miłośników koszykówki w każdym wieku. Zawiera składaną obręcz z siatką i miękką piłkę, zapewniającą bezpieczną i przyjemną grę. Dzięki oryginalnemu logo i licencji NBA gwarantuje wysoką jakość wykonania. 
Mini tablica do koszykówki 
doskonale sprawdza się zarówno w biurze, jak i w pokoju dziecka, łatwo montując się na drzwiach lub meblach. Prosty w montażu i demontażu dzięki dołączonemu zaczepowi, a stabilność zapewnia możliwość przymocowania obręczy za pomocą piankowej taśmy dwustronnej (brak w zestawie). Grubość drzwi, na których można zawiesić 
mini tablicę do koszykówki Wilson NBA Mini Hoop 
to 3,7 cm - zapewnia to stabilność i bezpieczeństwo podczas gry.


 


Kolor: Czarny
Średnica obręczy: 16,5 cm
Rozmiar tablicy: 30 x 25 cm
Elementy zestawu: Tablica, obręcz, siatka, miękka piłka"
Kosze do koszykówki,Mini tablice;1;Mini tablica do koszykówki Wilson NBA Charlotte Hornets;Wilson;89.00;1;100;https://sklepkoszykarski.pl/userdata/public/gfx/8222/Mini-tablica-do-koszykowki-Wilson-NBA-Charlotte-Hornets.jpg;"Mini tablica do koszykówki Wilson NBA Charlotte Hornets
 pozwoli Ci przenieść emocje z parkietu NBA prosto do własnego pokoju. Łatwa w montażu, solidna konstrukcja i efektowny wzór w stylu Charlotte Hornets sprawiają, że każdy rzut staje się jeszcze przyjemniejszy 
dla koszykarza
 w każdym wieku.


Ten 
kosz do koszykówki do pokoju
 idealnie dopasowuje się do drzwi, tworząc prywatną strefę gry do koszykówki w domu. 
Mini tablica do koszykówki Wilson NBA Charlotte Hornets
 to świetny wybór zarówno jako 
mini kosz do pokoju
 dla nastolatka, jak i kosz do koszykówki w pokoju dla młodszych fanów. Dzięki niej mały kosz do koszykówki do pokoju staje się czymś więcej niż zabawką — to prawdziwa pasja do gry."
Kosze do koszykówki,Mini tablice;1;Mini tablica do koszykówki Wilson NBA Cleveland Cavaliers;Wilson;89.00;1;100;https://sklepkoszykarski.pl/userdata/public/gfx/8223/Mini-tablica-do-koszykowki-Wilson-NBA-Cleveland-Cavaliers.jpg;"Mini tablica do koszykówki Wilson NBA Cleveland Cavaliers
 pozwala trenować rzuty i świetnie się bawić bez potrzeby wychodzenia na boisko. Kompaktowy rozmiar i łatwy montaż sprawiają, że to doskonały 
mini kosz do koszykówki do pokoju
, który w kilka chwil zamienia zwykłe drzwi w pole gry do koszykówki.


Wykonana z najwyższej jakości materiałów, 
Mini tablica do koszykówki Wilson NBA Cleveland Cavaliers
 idealnie sprawdzi się jako 
kosz do koszykówki do pokoju dziecięcego
 lub kosz do koszykówki w pokoju dla starszych fanów Cavaliers. Mały kosz do koszykówki do pokoju to świetny pomysł na aktywną rozrywkę
 dla koszykarza
 na każdym poziomie zaawansowania."
Kosze do koszykówki,Uchwyty i mocowania;1;Teleskopowy uchwyt ze zmianą wysokości 369;;1249.00;1;100;https://sklepkoszykarski.pl/userdata/public/gfx/7282/Teleskopowy-uchwyt-ze-zmiana-wysokosci-369.jpg;"Teleskopowy uchwyt do koszykówki ze zmianą wysokości. Montowany bezpośrednio do ściany lub do słupa. Całość malowana proszkowo na czarno. Posiada mechanizm szybkiej zmiany wysokości.


Kompatybilny z tablicami firmy Sure-Shot o numerach 169 i 160.
Tablica i obręcz nie są wliczone w cenę, należy je zamówić osobno."
Torby i plecaki;1;Plecak koszykarski NBA Wilson;Wilson;199.00;1;100;https://sklepkoszykarski.pl/userdata/public/gfx/7001/Plecak-NBA-Wilson.jpg, https://sklepkoszykarski.pl/userdata/public/gfx/7002/Plecak-NBA-Wilson.jpg;"Oficjalnie licencjonowany przez ligę NBA plecak koszykarski Wilson. Jest on specjalnie zaprojektowany, żeby w łatwy sposób mieścić piłkę do koszykówki, jego dolna część jest wyprofilowana do kształtu piłki i posiada dodatkowe, przyjemne w dotyku obszycie skóropodobnym materiałem. Można go używać do treningów lub na co dzień. Posiada boczne kieszenie na bidon lub inne gadżety oraz od góry osobno zapinaną kieszeń. Natomiast środek jest zrobiony jako jedna przegroda. Ma on otwierane zapięcie po obwodzie, żeby w łatwy sposób można było włożyć do niego piłkę do koszykówki i inne przedmioty. Plecak do koszykówki Wilson NBA jest lekki i mobilny.
Rozmiar: około 43cm wysokości, 28cm szerokości i głębokość 20cm.


Producent: Wilson NBA
Płeć: Unisex
Kolor: Czarny
Materiał: 100% nylon"
Torby i plecaki;1;Plecak koszykarski Wilson NBA Jam;Wilson;229.00;1;100;https://sklepkoszykarski.pl/userdata/public/gfx/7511/Plecak-do-koszykowki-Wilson-NBA-Jam-grey.jpg, https://sklepkoszykarski.pl/userdata/public/gfx/7512/Plecak-do-koszykowki-Wilson-NBA-Jam-grey.jpg;"Plecak do koszykówki Wilson NBA Jam grey
 to plecak, w którym zabierzesz ze sobą wszystko, czego potrzebujesz do treningu i gry. Wykonany z najwyższej jakości poliestru, ten plecak zapewnia nie tylko wygodę, ale także trwałość dzięki wzmocnionej dolnej części. Dzięki regulowanym, wyściełanym ramionom plecaka oraz wyściełanym szelkom, komfort noszenia jest gwarantowany nawet podczas długich dni.
Nie musisz martwić się o miejsce na swoje rzeczy - plecak posiada przestronną główną komorę, która pomieści nawet piłkę do koszykówki. Dodatkowo, boczne kieszenie są idealne na butelki, zapewniając Ci łatwy dostęp do napojów podczas gry. Licencjonowany przez NBA, ten plecak przenosi atmosferę gry komputerowej na boisko, dzięki pikselowej grafice oraz znakomitym hasłom takim jak SLAM'A'JAMMA, FROM DOWNTOWN, RAZZLE DAZZLE."
Torby i plecaki;1;Plecak koszykarski Wilson Evolution Gearpack;Wilson;349.00;1;100;https://sklepkoszykarski.pl/userdata/public/gfx/8003/Czarny-plecak-sportowy-Wilson-Evolution-Gearpack-do-przechowywania-sprzetu.png, https://sklepkoszykarski.pl/userdata/public/gfx/8004/Plecak-sportowy-z-miejscem-na-pilke-i-buty---idealny-dla-koszykarzy.png;"Plecak do koszykówki Wilson Evolution Gearpack
 to profesjonalizm w każdym detalu. Jeśli koszykówka to Twoja pasja, 
plecak do koszykówki
 Wilson Evolution Gearpack to sprzęt, którego potrzebujesz. Funkcjonalność, trwałość i styl – wszystko to znajdziesz w tym wyjątkowym modelu zaprojektowanym 
dla koszykarza
, który nie uznaje kompromisów.




Pojemność, która robi różnicę


Odpinana torba na piłkę – nie musisz nosić jej w ręce, masz pełną swobodę ruchu.


Obszerna komora główna – pomieści Twój strój, ochraniacze i dodatkowy sprzęt.


Specjalna kieszeń na buty – utrzymuje je oddzielnie, chroniąc resztę wyposażenia.


Bezpieczna wewnętrzna kieszeń – idealna na telefon, portfel i inne wartościowe przedmioty.




 




 


Wygoda na każdym kroku




Szerokie, regulowane szelki zapewniają wygodne noszenie nawet przy pełnym obciążeniu.


System wentylacji pozwala przewiewać wilgotne ubrania – idealne po intensywnym treningu.


Dwa uchwyty na bidony – nawodnienie zawsze w zasięgu ręki.


Możliwość przypięcia plecaka do walizki – wygodne rozwiązanie dla mobilnych zawodników.




Eko-sport to przyszłość


Plecak koszykarski dla koszykarza
 to nie tylko praktyczność, ale też świadomy wybór – jego materiał powstał z recyklingu, co czyni go przyjaznym dla środowiska.


Jeśli szukasz wytrzymałego i pojemnego plecaka, który spełni wszystkie Twoje oczekiwania, ten model to najlepszy 
plecak dla koszykarza
. Sprawdzi się idealnie zarówno na trening, jak i turnieje. 
Dla koszykarza
, który ceni jakość i funkcjonalność, to doskonały wybór do koszykówki!


Nie czekaj – zamów teraz i miej swój sprzęt zawsze pod ręką!"
Torby i plecaki;1;Plecak koszykarski Wilson Evolution Gearpack Scarlet;Wilson;329.00;1;100;https://sklepkoszykarski.pl/userdata/public/gfx/8013/Plecak-koszykarski-Wilson-Evolution-Gearpack-Scarlet.png, https://sklepkoszykarski.pl/userdata/public/gfx/8014/Czarno-czerwony-plecak-Wilson-Evolution-Gearpack-z-przestronnym-wnetrzem.png;"Plecak do koszykówki Wilson Evolution Gearpack Scarlet
 to świetne rozwiązanie 
dla koszykarza
, który ceni wygodę, funkcjonalność i styl. Dzięki niemu Twój sprzęt na trening będzie zawsze gotowy do koszykówki!


Prezentowany 
plecak koszykarski dla koszykarza
 został zaprojektowany z myślą o maksymalnej wygodzie, porządku i łatwym dostępie do wszystkich akcesoriów.




Główna komora – idealna na piłkę, buty i strój sportowy.


Oddzielna kieszeń na buty – wentylowana i przestronna, aby utrzymać sprzęt w czystości.


Odczepiana torba na piłkę – bezpieczne i wygodne rozwiązanie dla graczy.




 




 


Komfort, który Cię nie zawiedzie




Specjalny system wentylacji – szybkoschnący klips i ściągacz pozwalają wysuszyć mokrą odzież po treningu.


Bezpieczna kieszeń wewnętrzna – ochrona wartościowych przedmiotów.


Boczna kieszeń z brelokiem na klucze – koniec z chaosem w plecaku.


Ten pojemny sportowy plecak posiada dwa uchwyty na butelki – zapewniają odpowiednie nawodnienie w trakcie gry.


Pas do mocowania na walizkę – idealne rozwiązanie dla sportowców w podróży.




Eko-sport – wybór świadomych graczy


Materiał plecaka wykonano z tkanin pochodzących z recyklingu, co czyni ten
 plecak sportow
y przyjaznym dla środowiska i nowoczesnym rozwiązaniem dla aktywnych sportowców.


Jeśli szukasz funkcjonalnego i stylowego modelu, 
plecak do koszykówki Wilson Evolution Gearpack Scarlet
 to najlepszy 
plecak dla koszykarza
. Zamów teraz i trenuj na najwyższym poziomie!"
Prezent dla koszykarza;1;Plecak koszykarski Wilson Evolution Gearpack Navy;Wilson;329.00;1;100;https://sklepkoszykarski.pl/userdata/public/gfx/8024/Plecak-koszykarski-Wilson-Evolution-Gearpack-Navy.png, https://sklepkoszykarski.pl/userdata/public/gfx/8025/Czarny-i-czerwony-plecak-Wilson-Evolution-Gearpack-z-przestronnym-wnetrzem.png;"Plecak do koszykówki Wilson Evolution Gearpack Navy
 to idealne rozwiązanie 
dla koszykarza
, który nie lubi tracić czasu na szukanie sprzętu i chce mieć swoje drobne akcesoria sportowe zawsze na miejscu. Jego innowacyjna konstrukcja pozwala na wygodne przechowywanie piłki, butów i wszystkich akcesoriów, dzięki czemu jesteś zawsze gotowy 
do koszykówki
.


Ten pojemny sportowy plecak na piłkę do kosza posiada:




Komora główna
 – wystarczająco duża, aby pomieścić piłkę, buty i strój sportowy.


Oddzielna kieszeń na buty
 – wentylowana i łatwa w czyszczeniu, zapobiega zabrudzeniom.


Siatkowa torba na piłkę
 – wygodne przenoszenie piłki poprzez mocowanie jej bez zajmowania miejsca wewnątrz.


Dyskretna wewnętrzna kieszeń
 – bezpieczne miejsce na portfel, telefon i inne cenne przedmioty.




 




 


To doskonały 
plecak na piłkę do kosza
 wyposażony w nowoczesne funkcje dla aktywnych sportowców




Ergonomiczne, regulowane szelki – minimalizują obciążenie pleców.


Wentylowany system suszenia – specjalny klips i ściągacz do wietrzenia mokrych ubrań.


Plecak z elastycznymi siatkami bocznymi / kieszenie na wodę – nawadnianie zawsze w zasięgu ręki.


Zaczep do przypięcia do walizki – doskonałe rozwiązanie dla podróżujących sportowców.


Materiał z recyklingu – trwały i odporny na uszkodzenia, przyjazny dla środowiska.




Plecak koszykarski Wilson Evolution Gearpack Navy
 sprawia, że masz wszystko pod kontrolą – pakujesz sprzęt w kilka sekund i ruszasz na boisko! To doskonały wybór 
dla koszykarza
, który ceni funkcjonalność i wygodę.


Nie czekaj – zamów 
plecak do koszykówki
 już teraz i trenuj jak profesjonalista!"
Torby i plecaki;1;Plecak do koszykówki Wilson NBA Team Nets;Wilson;118.99;1;100;https://sklepkoszykarski.pl/userdata/public/gfx/8095/Plecak-do-koszykowki-Wilson-NBA-Team-Nets.png, https://sklepkoszykarski.pl/userdata/public/gfx/8096/Plecak-do-koszykowki-Wilson-NBA-Team-Nets--widok-tylu.png;"Plecak do koszykówki Wilson NBA Team Nets
 – styl, wygoda i funkcjonalność dla fanów basketu! Pokaż swoje wsparcie dla Brooklyn Nets z 
plecakiem do koszykówki
 Wilson NBA Team Nets – idealnym wyborem dla każdego fana NBA. To 
plecak koszykarski
, który łączy nowoczesny design z maksymalną funkcjonalnością, zapewniając wygodę na co dzień. Bez względu na to, czy wybierasz się na trening, mecz czy do szkoły, ten model pomieści wszystko, czego potrzebujesz.


Główne cechy plecaka Wilson NBA Team Nets:




Pojemna komora główna
 – bez problemu zmieścisz w niej piłkę do koszykówki, odzież sportową i inne niezbędne akcesoria.


Dodatkowe kieszenie
 – boczne kieszenie na butelkę oraz praktyczna kieszeń przednia na drobiazgi.


Wygodne szelki i wyściełany tył
 – zapewniają komfort noszenia nawet przy pełnym obciążeniu.


Stylowy design
 – klasyczna czerń z logo Brooklyn Nets to idealne połączenie dla fanów drużyny.




To doskonały 
plecak do koszykówki
 na trening, który sprawdzi się również na co dzień. Wytrzymałe materiały gwarantują długą żywotność, a ergonomiczna konstrukcja ułatwia użytkowanie. To świetny wybór 
dla koszykarza
, który ceni wygodę i funkcjonalność. 
Plecaki do koszykówki
 Wilson to pewność jakości i wygody – dołącz do grona prawdziwych fanów NBA i wybierz model inspirowany Twoją ulubioną drużyną!"
Prezent dla koszykarza;1;Worek na piłkę / buty do koszykówki Wilson;Wilson;79.00;1;100;https://sklepkoszykarski.pl/userdata/public/gfx/6991/Worek-na-pilke--buty-do-koszykowki-Wilson.png;"Worek na piłkę lub buty do koszykówki Wilson
, dzięki któremu w łatwy sposób zabezpieczysz i przeniesiesz swoje koszykarskie produkty. Można go nosić w ręku, a także na plecach. Worek dodatkowo posiada zapinaną na suwak podłużną kieszeń, w której zmieścisz dodatkowe akcesoria, jak choćby pompka i inne przydatne rzeczy. 
Rozmiar:


Wysokość: 46cm
Szerokość: 38,5cm"
Prezent dla koszykarza;1;Worek na piłkę / buty do koszykówki Wilson Black;Wilson;79.00;1;100;https://sklepkoszykarski.pl/userdata/public/gfx/7030/Worek-na-pilke--buty-do-koszykowki-Wilson-Black.jpg;"Worek na piłkę do koszykówki Wilson
 sygnowany logiem NBA. Jest to licencjonowany produkt przez amerykańską ligę koszykarską. Można w nim nosić zarówno piłkę do kosza, jak i buty do koszykówki na trening lub codziennie do szkoły. Idealne dla każdego fana NBA. Worek posiada bardzo funkcjonalną kieszeń z boku zapinaną na suwak. Całość wykonana z wysokiej jakości, mocnego materiału.
Rozmiar orientacyjny:


Wysokość: 46cm
Szerokość: 38,5cm"
Prezent dla koszykarza;1;Worek na piłkę do koszykówki Wilson NBA;Wilson;99.00;1;100;https://sklepkoszykarski.pl/userdata/public/gfx/7991/Worek-na-pilke-do-koszykowki-Wilson-NBA.png;"Worek na piłkę do koszykówki Wilson NBA
 – Twój niezbędnik na treningi i mecze. Przenieś swoją grę na wyższy poziom z Workiem na piłkę 
do koszykówki
 Wilson NBA – lekkim, trwałym i zaprojektowanym z myślą o sportowcach. Dzięki przemyślanej konstrukcji możesz w prosty sposób przenosić piłkę, strój sportowy lub inne akcesoria, a jednocześnie dbać o planetę.


Praktyczność na co dzień




Przestronna komora
 – idealna do przechowywania piłki w rozmiarze oficjalnym oraz innych niezbędnych rzeczy.


Zintegrowane sznurki ściągające
 – zapewniają bezpieczne zamykanie i pełnią funkcję wygodnych szelek.


Solidny materiał utrzymujący piłkę
 – gwarantuje wytrzymałość nawet przy intensywnym użytkowaniu.




Przyjazny środowisku i stylowy




Częściowo wykonany z materiałów pochodzących z recyklingu, dzięki czemu wspierasz ochronę środowiska.


Solidny materiał utrzymujący piłkę – trwały i odporny na codzienne użytkowanie.


Stworzony z myślą o produktach dedykowanych koszykówce, aby sprostać wymaganiom zawodników.




Stylowy design z logo NBA i Wilson sprawia, że jest to idealny dodatek 
dla koszykarza
. Niezależnie od tego, czy idziesz na boisko, siłownię czy w podróż, ten worek to najlepszy sposób na wygodny transport Twojej piłki. To również 
ciekawy prezent dla koszykarza
, który doceni praktyczność i jakość wykonania."
Torby i plecaki;1;Torba na piłki do koszykówki Wilson (na 6 piłek);Wilson;159.00;1;100;https://sklepkoszykarski.pl/userdata/public/gfx/6998/Torba-na-pilki-do-koszykowki-Wilson.jpg, https://sklepkoszykarski.pl/userdata/public/gfx/6999/Torba-na-pilki-do-koszykowki-Wilson.jpg;"Torba na piłki do koszykówki NBA firmy 
Wilson
 pomieści aż 6 piłek. W sam raz na spotkania wyjazdowe dla klubów koszykarskich, czy drużyn amatorskich. Posiada dwie opcje noszenia, torbę można sobie zarzucić po prostu na ramię lub też nieść zwyczajnie trzymając w ręce. Obydwa uchwyty są wygodnie wykończone. Torba posiada specjalnie wszytą wstawkę wzmacniającą, która ochroni piłki podczas najbardziej wyboistej trasy. Z przodu torby znajduje się ładnie wyeksponowane logo marki Wilson. Bardzo często wykorzystywana również przez pasjonatów, którzy lubią podczas treningów pograć różnymi modelami piłek, a torba pozwala im w łatwy i przyjemny sposób przewozić wszystkie piłki do koszykówki z kolekcji."
Akcesoria koszykarskie,Akcesoria do piłek;1;Torba na piłki Wilson All Sports Ball Bag;Wilson;165.99;1;100;https://sklepkoszykarski.pl/userdata/public/gfx/7369/Torba-na-pilki-Wilson-All-Sports-Ball-Bag.jpg;"Torba na piłki Wilson All Sports Ball Bag
 to świetna opcja do transportowania większej ilości piłek do koszykówki. Posiada praktyczne zamknięcie za pomocą ściąganego sznurka z blokadą, żadna piłka nie będzie uciekać z worka. Pomieści on aż 8 piłek do koszykówki w rozmiarze 7, 16 standardowych piłek do siatkówki oraz 12 standardowych piłek nożnych, zapewniając wygodne i zorganizowane przechowywanie. Wykonany z wytrzymałej siateczki, trwały nawet przy intensywnym użytkowaniu. Dodatkowo, na froncie torby umieszczono grafikę z firmowym logotypem marki Wilson, co nadaje mu elegancki wygląd.


Pojemność maksymalna: 8 piłek do koszykówki roz.7, 16piłek do siatkówki i 12 piłek nożnych
Kolor: Czarny"
Torby i plecaki;1;Worek na piłkę do koszykówki Wilson;Wilson;49.99;1;100;https://sklepkoszykarski.pl/userdata/public/gfx/7592/Worek-na-pilke-do-koszykowki-Wilson.jpg, https://sklepkoszykarski.pl/userdata/public/gfx/7593/Worek-na-pilke-do-koszykowki-Wilson.jpg;"Worek na piłkę do koszykówki Wilson
 jest wykonany z najwyższej jakości materiałów. Idealny do przenoszenia piłki do koszykówki, wygody i praktyczny. 
Worek na piłkę
 zabezpieczony jest sznurkiem z blokadą. wyposażony w dwa klipsy do przymocowania do plecaka. Torba na piłkę do koszykówki zawiera wytrzymałą siateczkę poliestrową, zaś na spodzie worka na piłkę umieszczono logo marki Wilson. Worek jest w kolorze czarnym z czerwonymi akcentami, ten model to połączenie funkcjonalności z atrakcyjnym designem.


 


Pojemność: maksimum 1 piłka w rozmiarze 7
Materiał: 100% Poliester"
Akcesoria koszykarskie,Akcesoria do piłek;1;Worek na piłki Molten;Molten;99.00;1;100;https://sklepkoszykarski.pl/userdata/public/gfx/7675/Worek-na-pilki-Molten.gif;"Worek na piłki Molten


Pojemna torba na piłki do koszykówki to idealne rozwiązanie dla trenerów, drużyn sportowych oraz szkół. Wykonana z wytrzymałej siateczki mesh, zapewnia nie tylko trwałość, ale także lekkość, co ułatwia transportowanie piłek na treningi i mecze.


Cechy Produktu:




Pojemność: Mieści aż 12 piłek, co sprawia, że jest niezwykle praktyczna dla większych grup sportowych.


Materiał: Wykonana z wysokiej jakości siateczki mesh, która gwarantuje doskonałą wentylację i szybkie wysychanie piłek po treningach na mokrej nawierzchni.


Lekka i Wytrzymała: Mimo swojej pojemności, torba jest lekka, co ułatwia jej przenoszenie. Wytrzymały materiał zapewnia długotrwałe użytkowanie.
Worek na piłki Molten
 to niezbędny element wyposażenia każdej drużyny sportowej. Dzięki dużej pojemności i lekkiej konstrukcji, transportowanie i przechowywanie piłek do kosza staje się niezwykle wygodne. Wytrzymała siateczka mesh zapewnia, że torba przetrwa wiele sezonów intensywnego użytkowania, a piłki będą zawsze gotowe do gry."
Akcesoria koszykarskie,Akcesoria do piłek;1;Siatka na piłki Molten;Molten;39.90;1;100;https://sklepkoszykarski.pl/userdata/public/gfx/7707/Siatka-na-pilki-Molten.gif;"Siatka na piłki Molten


– Niezawodna Organizacja Sprzętu Sportowego


Siatka na piłki Molten
 to doskonałe rozwiązanie dla osób, które potrzebują prostego i wytrzymałego sposobu na przechowywanie oraz transport piłek. Dzięki swojej pojemności 
pomieści od 8 do 10 piłek
, co czyni ją świetnym akcesorium dla fanów wielu sportów, takich jak piłka nożna, koszykówka czy siatkówka.


Siatka na piłki Molten 
wykonana z wysokiej jakości poliestru, cechuje się dużą trwałością, nawet przy intensywnym użytkowaniu. Dodatkowo, wbudowany zacisk skutecznie zapobiega przypadkowemu otwarciu, co gwarantuje bezpieczne przenoszenie sprzętu.


Dla każdego, kto szuka niezawodnej metody organizacji piłek w łatwy i wygodny sposób, 
siatka na piłki Molten
 to sprawdzony wybór, który zapewnia maksymalną funkcjonalność."
Akcesoria koszykarskie,Akcesoria do piłek;1;Torba na piłki do koszykówki Molten;Molten;125.00;1;100;https://sklepkoszykarski.pl/userdata/public/gfx/6971/Torba-na-pilki-do-koszykowki-Molten.jpg;"Masz więcej piłek do przeniesienia, a zwykły worek uprzykrza Ci życie? Mamy coś dla Ciebie, poręczna torba na piłki do koszykówki, która mieści 6 piłek. Wykonana przez producenta Molten. Idealnie zabezpieczy piłki w podróży i pomoże przy ich sprawnym przemieszczeniu. 




Poręczna torba 
na piłki do koszykówki


W torbie mieści się
 6 piłek


Wymiary: 78 x 27 x 51 cm


Materiał: Poliester


Kolor: niebieski, srebrne logo"
Torby i plecaki;1;Torba na piłki do koszykówki Tuba Wilson (na 6 piłek);Wilson;105.00;1;100;https://sklepkoszykarski.pl/userdata/public/gfx/7007/Torba-na-pilki-do-koszykowki-Tuba-Wilson-na-6-pilek.jpg;"Torba na piłki do koszykówki NBA firmy 
Wilson Tube
 pomieści aż 6 piłek. Wykonana w kształcie tuby.W sam raz na spotkania wyjazdowe dla klubów koszykarskich, czy drużyn amatorskich. Torbę można sobie zarzucić wygodnie na ramię. Torba posiada specjalnie wszytą wstawkę wzmacniającą, która ochroni piłki podczas najbardziej wyboistej trasy. Z przodu torby znajduje się ładnie wyeksponowane logo marki Wilson. Bardzo często wykorzystywana również przez pasjonatów, którzy lubią podczas treningów pograć różnymi modelami piłek, a torba pozwala im w łatwy i przyjemny sposób przewozić wszystkie piłki do koszykówki z kolekcji."
Torby i plecaki;1;Torba Wilson Duffle Bag;Wilson;252.00;1;100;https://sklepkoszykarski.pl/userdata/public/gfx/7877/Torba-Wilson-Duffle-Bag.webp, https://sklepkoszykarski.pl/userdata/public/gfx/7881/Widok-torby-Wilson-Duffle-Bag-z-kieszenia-na-suwak-i-miejscem-na-telefon.webp;"Torba Wilson Duffle Bag 
to idealne rozwiązanie dla osób, które cenią wygodę i organizację. Dzięki swojej wszechstronności, możesz ją nosić zarówno jako klasyczny plecak, jak i torbę podróżną – doskonała zarówno na trening, jak i krótki wyjazd. Górna klapa i regulowane paski pozwalają błyskawicznie dopasować sposób noszenia, a pojemna konstrukcja pomieści cały niezbędny sprzęt.


Innowacyjna 
kieszeń Thermo-Guard
 utrzyma przekąski w optymalnej temperaturze, dbając o Twoją energię podczas każdego wyzwania. Przemyślane rozwiązania organizacyjne umożliwiają przechowywanie rzeczy w porządku, co ułatwia szybki dostęp do potrzebnych akcesoriów. 
Torba Wilson Duffle Bag
 to idealny wybór dla każdego, kto chce mieć wszystko pod ręką, jednocześnie zachowując pełną swobodę ruchu."
Akcesoria do piłki ręcznej;1;Torba na piłki SMJ Sport;SMJ;95.00;1;100;https://sklepkoszykarski.pl/userdata/public/gfx/8047/Duza-torba-na-pilki-SMJ-sport-BCB-TETS.png, https://sklepkoszykarski.pl/userdata/public/gfx/8046/duza-torba-na-pilki-smj-1.png;"Torba na piłki SMJ Sport
 to świetne rozwiązanie dla każdej drużyny, która szuka wytrzymałego i pojemnego rozwiązania. Doskonale sprawdzi się w klubach sportowych, szkołach i na obozach treningowych, zapewniając wygodne przechowywanie oraz transport piłek.




Duża pojemność
 – mieści nawet 20 piłek siatkowych, dzięki czemu świetnie sprawdza się na większych treningach.


Mocna konstrukcja
 – wykonana z grubej siatki i wzmocnionej tkaniny, odporna na uszkodzenia i intensywne użytkowanie.


Komfort przenoszenia
 – dwa solidne uchwyty oraz długi, regulowany pasek pozwalają na łatwe noszenie torby w ręce lub na ramieniu.


Funkcjonalność
 – sprawdzi się do piłek siatkowych, koszykowych, nożnych czy ręcznych, zapewniając porządek i ochronę sprzętu.




Dzięki przemyślanej konstrukcji 
torba na piłki SMJ Sport
 to niezastąpiony element wyposażenia każdego zespołu sportowego. Wybierz sprawdzoną jakość i ułatw sobie organizację treningów!


Zamów już dziś i zadbaj o wygodne przechowywanie i transport piłek!"
Torby i plecaki;1;Plecak do koszykówki Wilson NBA Team Los Angeles Lakers;Wilson;118.90;1;100;https://sklepkoszykarski.pl/userdata/public/gfx/7605/Plecak-do-koszykowki-Wilson-NBA-Team-Los-Angeles-Lakers.jpg, https://sklepkoszykarski.pl/userdata/public/gfx/7606/Plecak-do-koszykowki-Wilson-NBA-Team-Los-Angeles-Lakers.jpg;"Plecak do koszykówki Wilson NBA Team Los Angeles Lakers
 to doskonały wybór dla entuzjastów tego sportu! Z oficjalną licencją NBA, ten plecak łączy w sobie funkcjonalność i styl. Dzięki charakterystycznemu designowi i logo Los Angeles Lakers, z łatwością wyróżnisz się na ulicach, a praktyczne kieszenie i komory ułatwią organizację i umożliwią wygodny dostęp do sprzętu do gry. Solidne materiały zapewniają trwałość i odporność na intensywne użytkowanie, a najważniejsze, 
plecak do koszykówki Wilson NBA Team Los Angeles Lakers
 pomieści piłkę do koszykówki. To idealny towarzysz dla każdego, kto kocha koszykówkę!


Specyfikacje plecaka Wilson:


Materiał: Wytrzymałe tkaniny, zapewniające ochronę przed warunkami atmosferycznymi.
Pojemność: Pomieści piłkę do koszykówki / 26 litrów."
Torby i plecaki;1;Plecak do koszykówki Wilson NBA Team Boston Celtics;Wilson;118.90;1;100;https://sklepkoszykarski.pl/userdata/public/gfx/7611/Plecak-do-koszykowki-Wilson-NBA-Team-Boston-Celtics.jpg, https://sklepkoszykarski.pl/userdata/public/gfx/7612/Plecak-do-koszykowki-Wilson-NBA-Team-Boston-Celtics.jpg;"Plecak do koszykówki Wilson NBA Team Boston Celtics
 to niezbędny element wyposażenia dla pasjonatów tej dyscypliny! Posiadający oficjalną licencję NBA, ten 
plecak Wilson
 łączy w sobie doskonałą funkcjonalność z wyjątkowym stylem. Dzięki charakterystycznemu designowi oraz logo Boston Celtics, z pewnością przyciągniesz uwagę. Wraz z wygodnymi kieszeniami i komorami, zapewnia łatwą organizację i szybki dostęp do sprzętu. 
Plecak do koszykówki Wilson NBA Team Boston Celtics 
wykonany z solidnych tkanin, zapewnia ochronę przed warunkami atmosferycznymi, co sprawia, że jest idealnym wyborem dla intensywnego użytkowania. Co więcej, pojemność 26 litrów gwarantuje wystarczająco dużo miejsca nawet na piłkę do kosza, czyniąc go idealnym towarzyszem dla każdego fana koszykówki!"
Torby i plecaki;1;Plecak do koszykówki Wilson NBA Team Golden States Warriors;Wilson;118.90;1;100;https://sklepkoszykarski.pl/userdata/public/gfx/7617/Plecak-do-koszykowki-Wilson-NBA-Team-Golden-States-Warriors.jpg, https://sklepkoszykarski.pl/userdata/public/gfx/7618/Plecak-do-koszykowki-Wilson-NBA-Team-Golden-States-Warriors.jpg;"Plecak do koszykówki Wilson NBA Team Golden State Warriors
 to niezrównany wybór dla wszystkich pasjonatów tego sportu! Z oficjalną licencją NBA, ten 
plecak Wilson
 nie tylko łączy funkcjonalność z wyrafinowanym stylem, ale również wyróżnia się charakterystycznym designem i logo Golden State Warriors. Dzięki wygodnym kieszeniom i komorom, zapewnia łatwą organizację i szybki dostęp do niezbędnego sprzętu do gry. Wykonany z solidnych materiałów, zapewnia trwałość i odporność na intensywne użytkowanie. Co najważniejsze, 
plecak do koszykówki Wilson NBA Team Golden State Warriors
  jest wystarczająco pojemny, aby pomieścić nawet piłkę do kosza, czyniąc go idealnym towarzyszem dla każdego miłośnika koszykówki!


Posiada licencję NBA
Wygodne kieszenie i komory do organizacji
Wytrzymałe materiały zapewniające ochronę
Pojemność: 26 litrów, wystarczająca na przechowanie piłki do kosza"
Torby i plecaki;1;Plecak do koszykówki Wilson NBA Team Chicago Bulls;Wilson;118.90;1;100;https://sklepkoszykarski.pl/userdata/public/gfx/7624/Plecak-do-koszykowki-Wilson-NBA-Team-Chicago-Bulls.jpg, https://sklepkoszykarski.pl/userdata/public/gfx/7623/Plecak-do-koszykowki-Wilson-NBA-Team-Chicago-Bulls.jpg;"Plecak Wilson NBA Team Chicago Bulls
 to wybór bezkonkurencyjny dla miłośników koszykówki! Ten autentycznie licencjonowany produkt NBA łączy funkcjonalność z doskonałym stylem, zapewniając wsparcie dla prawdziwych entuzjastów koszykówki. Funkcjonalność jest dla nas na pierwszym miejscu: dlatego też ten 
plecak do koszykówki
 posiada wygodne kieszenie i komory zapewniające doskonałą organizację i łatwy dostęp do niezbędnego sprzętu do gry. 
Plecak Wilson NBA Team Chicago Bulls
 wykonany jest z wytrzymałych materiałów zapewniające trwałość i odporność na intensywne użytkowanie. Pomieści piłkę do koszykówki.


Pojemność: 26 litrów, wystarczająca na przechowanie piłki do kosza"
Akcesoria do siatkówki;1;Plecak Wilson AVP do siatkówki;Wilson;252.90;1;100;https://sklepkoszykarski.pl/userdata/public/gfx/7871/Plecak-Wilson-AVP-do-siatkowki.webp, https://sklepkoszykarski.pl/userdata/public/gfx/7863/Plecak-Wilson-AVP-do-siatkowki-oraz-wodoodporna-kieszen-boczna.webp;"Plecak Wilson AVP do siatkówki
 został zaprojektowany z myślą o funkcjonalności i trwałości, spełnia wszystkie potrzeby zarówno amatorskich, jak i profesjonalnych graczy. Dzięki przemyślanemu układowi kieszeni, wytrzymałej konstrukcji i specjalnym funkcjom, takim jak komora chłodząca czy kieszeń na piłkę, ten plecak pozwala Ci utrzymać porządek i zapewnia wygodę, niezależnie od warunków.




Odporny na trudne warunki
Trwała, wzmocniona podstawa tego 
plecaka Wilson
 zapewnia stabilność na każdej powierzchni – od piasku po twardy beton. Dzięki temu możesz go stawiać gdziekolwiek chcesz, bez obaw o zużycie materiału czy zniszczenie wnętrza.


Zintegrowany system przeciwko piaskowi
Zastosowanie specjalnego zamknięcia chroni zawartość plecaka przed dostawaniem się piasku do środka, co jest szczególnie istotne dla graczy plażowych. Koniec z uciążliwym oczyszczaniem wnętrza – sprzęt i ubrania pozostają czyste, nawet na piaszczystych boiskach.


Dedykowane kieszenie na wszystko, czego potrzebujesz
Plecak Wilson AVP do siatkówki 
jest wyposażony w kilka ukrytych kieszeni, które pomieszczą rzeczy osobiste, takie jak telefon, portfel czy klucze. Przednia kieszeń z mocowaniem na piłkę do siatkówki ułatwia jej transport, pozostawiając więcej miejsca w głównej komorze na inne rzeczy.


Komora chłodząca na napoje i przekąski
Plecak posiada osobną komorę termoizolacyjną, która utrzymuje napoje i jedzenie w chłodzie przez wiele godzin. To idealne rozwiązanie na gorące dni, zapewniające Ci szybki dostęp do orzeźwienia bez potrzeby przerywania gry.


Regulowane paski i dodatkowe klipsy na akcesoria
Regulowane, wyściełane paski na ramiona zapewniają wygodę noszenia i możliwość dopasowania plecaka do Twojej sylwetki, nawet przy większym obciążeniu. Zewnętrzne klipsy pozwalają na przymocowanie mokrych ubrań, ręczników lub nakolanników – aby wyschły szybko i nie zajmowały miejsca wewnątrz.




Parametry
:
- Wymiary: 59,7 cm (wysokość) x 38,1 cm (szerokość) x 3,8 cm (głębokość)
Plecak Wilson AVP do siatkówki
 jest odpowiedzią na potrzeby siatkarzy plażowych, którzy szukają praktycznego, odpornego na warunki plecaka do codziennego użytku. Dzięki funkcjonalnym kieszeniom, systemowi eliminacji piasku, pojemnej komorze chłodzącej i zabezpieczeniu na piłkę, masz pewność, że każdy element Twojego ekwipunku jest na swoim miejscu."
Torby i plecaki;1;Plecak do koszykówki WILSON EVOLUTION;Wilson;259.00;1;100;https://sklepkoszykarski.pl/userdata/public/gfx/7033/plecak-do-koszykowki-wilson-evolution.png, https://sklepkoszykarski.pl/userdata/public/gfx/7034/plecak-do-koszykowki-wilson-evolution.png;"Plecak do koszykówki Wilson Evolution
 to idealne rozwiązanie dla koszykarzy. Plecak Wilson Evolution został wykonany z wytrzymałego poliestru, zapewnia wygodne przechowywanie wszystkich niezbędnych rzeczy do treningu i gry. Duża komora główna pomieści piłkę, buty do koszykówki oraz strój. Dodatkowa kieszeń z podszewką termiczną utrzyma napoje w odpowiedniej temperaturze. Prezentowany plecak koszykarski posiada regulowane, wyściełane paski i pasek piersiowy, który zapewni komfort noszenia i stabilność. To wszystko w jednym kompaktowym plecaku, który pozwala również na łatwy dostęp do telefonu. Piłka, akcesoria i buty nie są wliczone w ofertę.


Dodaj do koszyka i sprawdź go już dziś - Sportowy plecak do koszykówki Wilson Evolution!"
Akcesoria do piłki ręcznej;1;Worek na piłkę / buty;;27.39;1;100;https://sklepkoszykarski.pl/userdata/public/gfx/8104/Worek-na-pilke-i-buty--lekki%2C-pojemny%2C-czarny-model-sportowy..png, https://sklepkoszykarski.pl/userdata/public/gfx/8105/Solidny-worek-na-buty-i-pilke--wytrzymale-sznurki%2C-wzmocniona-konstrukcja..png;"Worek na piłkę / buty
 to niezastąpiony dodatek dla sportowców i aktywnych osób. Wykonany z wytrzymałego 
poliestru 300D
, jest odporny na przetarcia i łatwy w czyszczeniu. Dzięki 
pojemności 15 litrów
 pomieści buty, czy piłkę, a jego 
mocne sznurki
 gwarantują wygodne noszenie na plecach. Dodatkowym atutem jest 
ukryta kieszonka
, idealna na klucze lub telefon. Uniwersalny 
worek sportowy
 sprawdzi się na trening, siłownię czy do szkoły. Postaw na funkcjonalność i trwałość – wybierz 
worek na buty
 i piłkę, który posłuży Ci na lata."
Torby i plecaki;1;Worek na piłkę do koszykówki Molten;Molten;39.00;1;100;https://sklepkoszykarski.pl/userdata/public/gfx/8114/Wytrzymaly-worek-Molten-na-pilke-do-koszykowki--czarny-model-z-designerskim-zlotym-nadrukiem.png, https://sklepkoszykarski.pl/userdata/public/gfx/8119/Oficjalny-worek-Molten-na-pilke-do-kosza--profesjonalny-model-dla-graczy.png;"Worek na piłkę do koszykówki Molten
 – niezawodna torba na piłki 
dla koszykarza
. 
Worek na piłkę do koszykówki
 to obowiązkowy element wyposażenia każdego gracza. Model od Molten łączy funkcjonalność z nowoczesnym designem – jego czarno-złoty wzór przyciąga wzrok, a wytrzymały materiał zapewnia długą żywotność. Idealny 
dla koszykarza
, który ceni wygodę i styl.
Dzięki solidnym sznurkom 
torba na piłkę do koszykówki Molten
 świetnie sprawdza się w codziennym użytkowaniu. Z łatwością zmieści piłkę Molten w rozmiarze 5, 6 lub 7, a kompaktowa forma ułatwia przechowywanie, gdy nie jest w użyciu. Zabierz swoją piłkę wszędzie, gdzie chcesz, i trenuj bez ograniczeń!












Materiał
: wykonany z nylonu.


Kolor
 : czarno-złoty.


Wymiary
: 41 x 45 cm."
Torby i plecaki;1;Torba na piłki Spalding Essential;Spalding;269.00;1;100;https://sklepkoszykarski.pl/userdata/public/gfx/8120/Profesjonalna-torba-na-pilki-Spalding--solidna-i-wygodna-torba-treningowa.png, https://sklepkoszykarski.pl/userdata/public/gfx/8121/Czarna-torba-na-pilki-Spalding-z-regulowanym-paskiem-na-ramie.png;"Torba na piłki Spalding Essential
 zadba o wygodny transport swojego sprzętu! 
Torba na piłki Spalding
 to praktyczny i pojemny model, który pomieści 6 piłek, zapewniając ich bezpieczne przechowywanie. Specjalnie zaprojektowana komora ułatwia organizację, a mocny poliester gwarantuje trwałość przez długi czas.


Dzięki ergonomicznym uchwytom 
torba na piłki
 jest niezwykle wygodna w noszeniu, niezależnie od dystansu, jaki musisz pokonać. Elegancki czarny kolor oraz logo Spalding nadają jej profesjonalny wygląd, który docenią zarówno zawodnicy, jak i trenerzy. Postaw na jakość i komfort – wybierz 
Torba na piłki Spalding Essential 
, która ułatwi Ci każdą podróż na boisko!


Materiał
: 100% poliester
Rozmiar
: 72x50x24.5cm
Pakowność
: 6 piłek"
Torby i plecaki;1;Torba na piłki do siatkówki Molten;Molten;137.00;1;100;https://sklepkoszykarski.pl/userdata/public/gfx/8143/Torba-na-pilki-do-siatkowki-Molten.jpg;"Torba na piłki do siatkówki Molten
 jest pojemna, funkcjonalna i wytrzymała. Dzięki dużej komorze zmieści nawet
 6 piłek
, co czyni ją idealnym wyborem dla trenerów i drużyn sportowych.


Lekka, ale solidna konstrukcja z wysokiej jakości poliestru gwarantuje trwałość i odporność na codzienne użytkowanie. 
Torba na piłki Molten
 posiada wygodne uchwyty, które ułatwiają transport na treningi i mecze. Jej elegancki, niebieski design z srebrnym logo Molten przyciąga uwagę i podkreśla sportowy charakter produktu. Wybierz 
Torba na piłki do siatkówki Molten
 i zadbaj o wygodny transport swojego sprzętu!


Pojemność: 6 piłek
Wymiary: 68 x 23 x x45 cm
Materiał: Poliester"
Torby i plecaki;1;Torba na ramię Spalding;Spalding;149.00;1;100;https://sklepkoszykarski.pl/userdata/public/gfx/8142/Torba-na-ramie-Spalding.jpg;"Torba na ramię Spalding
 czyli nowoczesny design i praktyczność w jednym. Elegancka, funkcjonalna i stworzona z myślą o aktywnym trybie życia – torba na ramię Spalding to idealne rozwiązanie dla osób ceniących styl i wygodę. Dzięki pojemności 15 litrów bez trudu zmieścisz w niej dokumenty, laptopa lub inne niezbędne akcesoria.


Solidna konstrukcja z tarpaulinu i poliestru zapewnia trwałość, a wewnętrzna komora z zamkiem gwarantuje bezpieczeństwo Twoim przedmiotom. Regulowany pasek pozwala dostosować torbę do indywidualnych potrzeb, a inteligentny system mocowania na walizkę sprawia, że podróżowanie staje się jeszcze wygodniejsze. Wybierz torbę 
Torba na ramię Spalding 
– doskonałą na trening, do pracy i na co dzień!"
Torby i plecaki;1;Torba sportowa Spalding TUBE średnia;Spalding;119.00;1;100;https://sklepkoszykarski.pl/userdata/public/gfx/8141/Torba-sportowa-Spalding-TUBE-srednia.jpg;"Torba sportowa Spalding TUBE średnia
 to propozycja dla tych, którzy potrzebują funkcjonalnej i stylowej torby do codziennych aktywności. Dzięki pojemnej komorze głównej oraz specjalnej przegrodzie na mokre rzeczy możesz wygodnie transportować odzież i sprzęt sportowy bez obaw o ich zamoczenie. Dodatkowa boczna kieszeń pozwala na szybki dostęp do najpotrzebniejszych rzeczy.


Wykonana z wysokiej jakości poliestru, nylonu i PP, torba jest wytrzymała i odporna na intensywne użytkowanie. Regulowany pas na ramię umożliwia wygodne dopasowanie, a jej elegancki, czarno-antracytowy design pasuje do każdego stylu. Przedni nadruk Spalding – True To The Game podkreśla jej sportowy charakter. 
Torba sportowa Spalding TUBE średnia 
jest doskonała zarówno na treningi, jak i weekendowe wyjazdy!"
Torby i plecaki;1;Plecak Spalding Sackpack  pomarańczowy;Spalding;69.00;1;100;https://sklepkoszykarski.pl/userdata/public/gfx/8140/Plecak-Spalding-Sackpack-pomaranczowy.jpg;"Plecak Spalding Sackpack pomarańczowy
 to praktyczny model o średniej wielkości, wyposażony w wygodny ściągacz oraz dodatkowe kieszonki na suwak, idealne na drobne przedmioty, takie jak klucze czy telefon. Dzięki lekkiej konstrukcji zapewnia komfort noszenia i jest doskonałym rozwiązaniem do przenoszenia sprzętu treningowego. Funkcjonalny, lekki i wygodny – 
plecak Spalding Sackpack
 to świetny wybór dla aktywnych osób!"
Torby i plecaki;1;Plecak Spalding Sackpack szary;Spalding;69.00;1;100;https://sklepkoszykarski.pl/userdata/public/gfx/8138/Plecak-Spalding-Sackpack-szary-z-tylu.jpg, https://sklepkoszykarski.pl/userdata/public/gfx/8139/Plecak-Spalding-Sackpack-szary.jpg;"Plecak Spalding Sackpack szary 
to wygodne i uniwersalne rozwiązanie dla każdego, kto potrzebuje lekkiego i praktycznego plecaka na co dzień. Model ten posiada ściągacz, który umożliwia szybki dostęp do zawartości, oraz kieszenie na suwak, idealne na drobne akcesoria, takie jak telefon czy klucze. Dzięki ergonomicznemu krojowi i niskiej wadze 
Plecak Spalding Sackpack szary 
zapewnia maksymalny komfort użytkowania, a jego stylowy szary kolor pasuje do każdej stylizacji. Świetnie sprawdzi się zarówno na trening, jak i na co dzień!"
Torby i plecaki;1;Plecak Spalding;Spalding;89.00;1;100;https://sklepkoszykarski.pl/userdata/public/gfx/8133/Plecak-Spalding.png;"Plecak Spalding
 to idealny wybór na trening i podróż. Potrzebujesz plecaka, który pomieści cały Twój sprzęt sportowy? 
Plecak Spalding
 o pojemności 40 litrów to świetne rozwiązanie dla aktywnych osób. Jego duża komora główna, dwie boczne kieszenie oraz oddzielna dolna przegroda sprawiają, że organizacja rzeczy jest wyjątkowo wygodna.


Dodatkowe wzmocnione wnętrze z zapięciem na rzep pomaga zabezpieczyć cenne przedmioty. Dzięki solidnym materiałom, takim jak poliester PES 600 x 600D i nylon 420, plecak jest niezwykle trwały i odporny na zużycie. Stylowe detale, kontrastowe białe suwaki i logo Spalding, dodają mu dynamicznego charakteru. Niezależnie od tego, czy wybierasz się na siłownię, trening koszykówki czy weekendowy wyjazd – ten 
plecak Spalding 
sprosta Twoim wymaganiom!"
Torby i plecaki;1;Torba na piłki do koszykówki;SMJ;95.00;1;100;https://sklepkoszykarski.pl/userdata/public/gfx/8137/Torba-na-pilki-do-koszykowki.jpg;"Torba na piłki do koszykówki
 SMJ to must-have dla każdego trenera i drużyny sportowej! Jeśli szukasz wygodnego sposobu na przechowywanie i transport piłek, ten model spełni Twoje oczekiwania. Solidne wykonanie, duża pojemność i podwójny zamek błyskawiczny sprawiają, że piłki są zawsze na swoim miejscu i bezpieczne.




Mieści do 12 piłek do koszykówki– idealna na treningi i turnieje.


Trwałe materiały – odporna na uszkodzenia i przetarcia.


Wygoda w transporcie – mocne uchwyty + regulowany pasek.


Wszechstronne zastosowanie – na piłki koszykowe, siatkowe, nożne i ręczne.




Bez względu na to, czy organizujesz trening, mecz czy zajęcia sportowe – 
Torba na piłki do koszykówki
 SMJ ułatwi Ci pracę i pozwoli zachować porządek!"
Torby i plecaki;1;Plecak Wilson;Wilson;252.90;1;100;https://sklepkoszykarski.pl/userdata/public/gfx/8166/Czarny-plecak-sportowy-Wilson-z-czerwonymi-detalami--idealny-na-trening-i-silownie.jpg, https://sklepkoszykarski.pl/userdata/public/gfx/8165/Plecak-Wilson-z-przegroda-na-karty-i-gotowke--praktyczny-organizer-do-przechowywania.jpg;"Plecak Wilson
 to doskonałe połączenie nowoczesnego designu i przemyślanej funkcjonalności. Idealny jako 
plecak sportowy męski
 lub 
plecak damski sportowy
, oferuje wszystko, czego potrzebujesz – od uchwytów na sprzęt po ukryte kieszenie na cenne drobiazgi, oddzielna komora na ubrania, ochraniacze czy ręcznik.


Plecak Wilson 
posiada wodoodporną konstrukcję, wentylację i praktyczną komorę chłodzącą, która sprawia, że jest niezastąpiony na siłowni, boisku, treningu czy w podróży. Fantastyczne rozwiązanie dla siatkarza , ale świetnie sprawdzi się również dla koszykarza. Dzięki panelowi na piłkę i przegrodzie na elektronikę, ten 
plecak sportowy
 pozwala mieć wszystko pod ręką – stylowo i funkcjonalnie."
Torby i plecaki;1;Torba na piłki do koszykówki Wilson;Wilson;399.00;1;100;https://sklepkoszykarski.pl/userdata/public/gfx/8213/Torba-na-pilki-do-koszykowki-Wilson.jpg;"Jeśli szukasz niezawodnej torby na piłki, 
Torba na piłki do koszykówki Wilson
 spełni Twoje oczekiwania. Z łatwością pomieści do ośmiu piłek, oferując jednocześnie cztery praktyczne przegrody do doskonałej organizacji sprzętu. Dzięki bocznym kieszeniom możesz przechowywać również drobne, osobiste przedmioty. 
Torba na piłki Wilson
 jest lekka, łatwa do przenoszenia i wyróżnia się prostokątnym kształtem oraz elegancką czernią. Idealna do codziennych treningów, wyjazdów i zawodów. Postaw na 
torbę do koszykówki
, która zapewni Ci komfort i styl na każdym kroku."
Torby i plecaki;1;Torba Wilson NBA 3-1 Basketball Bag;Wilson;199.99;1;100;https://sklepkoszykarski.pl/userdata/public/gfx/8274/Czarna-torba-Wilson-NBA--kompaktowa-saszetka-Wilson%2C-idealna-na-drobiazgi..jpg, https://sklepkoszykarski.pl/userdata/public/gfx/8272/Torba-Wilson-NBA-3-1--stylowa-saszetka-Wilson-na-ramie-dla-fanow-NBA..jpg;"Torba Wilson NBA 3-1 Basketball Bag
 to nie tylko elegancja, ale i wygoda użytkowania na co dzień. Ta 
torba Wilson
 została zaprojektowana z myślą o koszykarzach i fanach aktywnego stylu życia, którzy potrzebują zarówno poręcznej 
saszetki Wilson
, jak i praktycznej torby na piłkę.
Innowacyjny system 3-1 pozwala łatwo przechowywać piłkę, odzież sportową oraz drobne akcesoria. Solidne materiały i sportowy charakter sprawiają, że 
Torba Wilson NBA 3-1 Basketball Bag
 sprawdzi się w każdej sytuacji – od treningu po miejskie eskapady. Zainwestuj w jakość, która idzie w parze z profesjonalnym wyglądem."
Torby i plecaki;1;Torba na piłki do siatkówki Mikasa;Mikasa;147.90;1;100;https://sklepkoszykarski.pl/userdata/public/gfx/8331/Torba-na-pilki-do-siatkowki-Mikasa.jpg, https://sklepkoszykarski.pl/userdata/public/gfx/8332/Torba-na-pilki-do-siatkowki-Mikasa--6-sztuk.jpg;"Torba na piłki do siatkówki Mikasa 
to niezawodny wybór, jeśli szukasz solidnego rozwiązania do przechowywania i transportu piłek. Mieści do 
6 piłek siatkowych
, posiada praktyczny pasek na ramię i kieszeń na akcesoria – idealna do szkół i klubów.
Wykonana z wytrzymałego nylonu, odporna na przetarcia i intensywne użytkowanie. Jej kompaktowe wymiary (40 x 60 x 17 cm) sprawiają, że świetnie sprawdza się w codziennym użytkowaniu. 
Torba na piłki do siatkówki Mikasa
 to idealne połączenie funkcjonalności i sportowego stylu."
Akcesoria koszykarskie,Akcesoria do piłek;1;Wózek na piłki do koszykówki Molten;Molten;799.00;1;100;https://sklepkoszykarski.pl/userdata/public/gfx/6972/Wozek-na-pilki-do-koszykowki-Molten.jpg;"Wózek na piłki do koszykówki marki 
Molten
 model BK0012-B. Jest w stanie pomieścić od 15 do 30 piłek koszykarskich. Lekki, wygodny w składaniu, a dzięki kółkom można go łatwo przemieszczać po parkiecie. Wykonany z ramy aluminiowej, wysokość 100 cm.




Bardzo wytrzymały, lekki, wygodny w składaniu i przemieszczaniu 
wózek Molten
 (wytrzymałe kółka obrotowe)


Składany


Rama aluminiowa


Pojemność koszyka 15-30 piłek ( w zależności od wielkości piłek)


Wymiary: 640 x 640 x 500 mm


Maksymalna wysokość: 1000 mm


Kolor: niebieski"
Akcesoria koszykarskie,Akcesoria do piłek;1;Manometr do mierzenia ciśnienia w piłce Wilson (ciśnieniomierz);Wilson;55.00;1;100;https://sklepkoszykarski.pl/userdata/public/gfx/6983/manometr-mierzenia-cisnienia.png;"Manometr do mierzenia ciśnienia w piłce Wilson
, między innymi do koszykówki. Ma oznaczenia do trzech dyscyplin - piłki nożnej, siatkówki oraz koszykówki. Jeśli zawsze zastanawiałeś się jakie powinno być ciśnienie w Twojej piłce do koszykówki, to teraz już sam będziesz mógł to sprawdzić. Wystarczy wsadzić manometr w wentyl w piłce i zobaczysz ile brakuje Ci do właściwego napompowania piłki do kosza.


W komplecie z igłą
Obudowa metalowa
Skala do 1,4bar i 20psi"
Akcesoria koszykarskie,Akcesoria do piłek;1;Pompka aluminiowa Wilson NBA;Wilson;79.00;1;100;https://sklepkoszykarski.pl/userdata/public/gfx/6885/Pompka-aluminiowa-Wilson-NBA.png, https://sklepkoszykarski.pl/userdata/public/gfx/6886/Pompka-aluminiowa-Wilson-NBA.png;"Oficjalna pompka do piłki koszykarskiej ligi NBA. 
Wilson Authentic Aluminum Kit
, która jest jedną z najtrwalszych pompek dostępnych na rynku, z racji wykorzystania aluminium. Posiada schowek na igłę w rączce oraz doczepiany mały wężyk, który ułatwi pompowanie i zadba o to, żeby pompka nie naciskała zbytnio na wentyl w piłce.
Oficjalny produkt sygnowany przez ligę NBA wraz z naklejką hologramową."
Prezent dla koszykarza;1;Pompka do koszykówki Wilson NBA z manometrem;Wilson;64.00;1;100;https://sklepkoszykarski.pl/userdata/public/gfx/6881/Pompka-do-koszykowki-Wilson-NBA.jpg;"Oficjalna pompka do piłki koszykarskiej ligi NBA. 
Wilson Pump Kit
, która nie tylko napompuje piłkę w czasie krótszym od standardowej pompki, ale także ma w zestawie manometry do zmierzenia ciśnienia w piłce. Wystarczy przeczepić igłę z pompki do dołączony ciśnieniomierz w kształcie długopisu i wsunąć całość delikatnie do wentyla. Wysuwany pod ciśnieniem wskaźnik wskaże atmosfery  w skali BAR lub LBS.


Dodatkowo 
pompka NBA Wilson
 posiada wysuwany wężyk wbudowany w pompkę, dzięki czemu nie będziecie bezpośrednio naciskać na wentyl przy pompowaniu piłki, co pozwoli uniknąć jego ewentualnemu wpadnięciu do piłki, jak może się zdążyć przy zwykłych pompkach, które mocno naciskają na niego i potrafią go uszkodzić. 
W rączce od pompki został również ukryty schowek na igłę z gumowym zamknięciem. Dzięki emu sprawnie i bezpiecznie przetransportujesz pompkę na halę czy boisko do gry w koszykówkę.
Zestaw zawiera:


- pompka NBA Wilson
- 3 zapasowe igły
- manometr do sprawdzania ciśnienia w piłce"
Akcesoria koszykarskie,Akcesoria do piłek;1;Pompka do piłki koszykarskiej Air Jordan;;69.00;1;100;https://sklepkoszykarski.pl/userdata/public/gfx/7121/Pompka-do-pilki-koszykarskiej-Air-Jordan.jpg;"Pompka Essential BallPump Air Jordan
, stworzona przez markę 
Jordan
, pozwoli Ci zadbać o odpowiednią sprężystość Twojej piłki. Jej głównym plusem jest poręczna i drobna konstrukcja, która pozwoli Ci zabrać pompkę dosłownie wszędzie. A dołączona do zestawu igła, ułatwi pompowanie różnych modeli piłek.


Parametry:




zwarta konstrukcja ułatwiająca pompowanie


w komplecie igła (gwint 5mm)"
Prezent dla koszykarza;1;Pompka do piłki koszykarskiej Molten;Molten;49.90;1;100;https://sklepkoszykarski.pl/userdata/public/gfx/6882/Pompka-do-pilki-koszykarskiej-Molten.jpg, https://sklepkoszykarski.pl/userdata/public/gfx/6883/Pompka-do-pilki-Molten.jpg;"Mała podręczna pompka ręczna renomowanej firmy 
Molten
 model DHP21-BL. Pompka do pompowania piłek każdej dyscypliny drużynowej, ale wykonana z myślą o piłkach koszykarskich. Pompka koszykarska posiada dodatkowy wężyk oraz igłę chowaną w rączkę. Wykonana z najwyższej jakości, materiałów, mała, poręczna. Łatwa w chowaniu i przenoszeniu. Metalowe gwinty, które zwiększają żywotność i szczelność przy łączeniach igły/wężyka z pompką.


Długość: 21 cm
Gwint igły: 5 mm."
Akcesoria koszykarskie,Akcesoria do piłek;1;"Pompka do piłki WILSON BSKT 6""";Wilson;39.99;1;100;https://sklepkoszykarski.pl/userdata/public/gfx/6887/pompka-do-pilek-wilson-bskt-6.png, https://sklepkoszykarski.pl/userdata/public/gfx/6888/pompka-do-pilek-wilson-bskt-6.png;"Pompa do piłki firmy Wilson BSKT 6 cali
 została skonstruowana z wysokiej jakości materiałów, zapewniając trwałość i niezawodność. Jej kompaktowe rozmiary sprawiają, że jest łatwa do przenoszenia i przechowywania. 
Prezentowana pompka do piłki
 jest wyposażona w igłę i adapter, które pozwalają dostosować ją do różnych rozmiarów piłek. Aby zabezpieczyć igłę przed uszkodzeniem, producent umieścił schowek na igłę w rączce. Na przedniej części
 pompki do piłki WILSON BSKT 6""
 widnieje logo marki 
Wilson
.


Dostępna jest w trzech kolorach: czerwonym, czarnym i niebieskim."
Akcesoria koszykarskie,Akcesoria do piłek;1;Znaczniki treningowe Wilson NBA Drv czarne;Wilson;89.99;1;100;https://sklepkoszykarski.pl/userdata/public/gfx/7038/znaczniki-treningowe-wilson-nba-drv-czarne.png, https://sklepkoszykarski.pl/userdata/public/gfx/7039/znaczniki-treningowe-wilson-nba-drv-czarne.png;"Znaczniki treningowe Wilson NBA Drv czarne
 umożliwiają łatwe i precyzyjne kierowanie grą drużyny zarówno podczas treningów, jak i meczów. Umożliwiają określenie pozycji, z których gracze wykonują rzuty lub rozpoczynają zagrywki. Produkt jest oznaczony numeracją od 1 do 5. Znaczniki treningowe ułatwiają organizację gry i rozdzielenie graczy na różne pozycje. Specjalnie zaprojektowany spód znaczników zapobiega ich przesuwaniu się podczas treningu. Dyski są przechowywane w wygodnej siatce z zamknięciem, co ułatwia ich transport. Na górnej części znaczników umieszczono numerację, logo marki Wilson oraz logo NBA. Znaczniki treningowe Wilson NBA DRV mają oficjalny charakter i posiadają licencję ligi koszykówki NBA.


W zestawie znajduje się 5 znaczników o średnicy około 23 cm."
Akcesoria koszykarskie,Akcesoria do piłek;1;Wózek / Stojak na piłki do koszykówki Wilson;Wilson;799.00;1;100;https://sklepkoszykarski.pl/userdata/public/gfx/7005/wozek-na-pilki-wilson.jpg;"Oryginalny wózek w postaci stojaka na piłki do koszykówki 
Wilson
. Znany dobrze z meczów ligi koszykarskiej NBA. Wózek mieści na sobie aż 15 piłek, do tego jego kształt pozwala swobodnie korzystać z dokładnie wybranego modelu, bez konieczności przerzucania sterty piłek, jak to ma miejsce w tradycyjnych koszach na piłki. Tutaj, każda piłka ma łatwy dostęp. Budowa do tego pozwala na zaoszczędzenie miejsca, dzięki smukłemu kształtowi. 
W modelu - 
Stojak na piłki do koszykówki Wilson Deluxe Ball Cart 
zastosowane zostały kółka kauczukowe na łożyskach, takie jakie znamy z najwyższych modelach rolek, dzięki czemu wózek prowadzi się idealnie bez zbędnego oporu. Bardzo polecamy ten model wózka na piłki koszykarskie Wilson. Stojak jest złożony w prostokątnej przesyłce do samodzielnego montażu."
Prezent dla koszykarza;1;Wilson NBA stojak / podstawka na piłkę do koszykówki;Wilson;34.99;1;100;https://sklepkoszykarski.pl/userdata/public/gfx/7042/wilson-nba-stojak-na-pilke-do-kosza.png;"Wilson NBA stojak na piłkę do kosza 
to elegancki i praktyczny produkt wykonany z najwyższej jakości akrylu. Pozwala on bezpiecznie prezentować piłkę na półce lub też w innym miejscu. Ten przezroczysty 
stojak na piłkę
 ozdobiony jest firmowym logo Wilson oraz logo NBA, co czyni go idealnym dodatkiem dla każdego fana koszykówki. To oficjalny produkt z licencją ligi NBA o wymiarach: wysokość 2,5 cm i średnica 7,5 cm. Prezentowana podstawka to optymalne rozwiązanie, które pozwala bezpiecznie umieścić piłkę do koszykówki na półce, bez obaw o przypadkowe sturlanie się. Jest idealna zarówno jako praktyczny gadżet do trzymania piłki, jak i dekoracyjna podstawa do wyeksponowania kolekcjonerskiej piłki, np. z autografami."
Akcesoria koszykarskie,Akcesoria do piłek;1;Wózek na piłki do koszykówki Vinex;Vinex;399.00;1;100;https://sklepkoszykarski.pl/userdata/public/gfx/7395/Wozek-na-pilki-do-koszykowki-Vinex.jpg, https://sklepkoszykarski.pl/userdata/public/gfx/7396/Wozek-na-pilki-do-koszykowki-Vinex-zlozony.jpg;"Lekki, składany, kompaktowy wózek na piłki model VBCC-100B. Bardzo łatwy w transporcie (nawet cały wypełniony piłkami) dzięki podwójnym zwrotnym kółkom.
Wózek na piłki do koszykówki Vinex posiada dwie przeciwległe blokady przed przypadkowym złożeniem. Bardzo łatwy w składaniu, chowaniu i przenoszeniu.
Specyfikacja:




Wysokość: 88 cm


Szerokość: 60 cm


Długość: 60 cm


Stelaż aluminiowy


Średnica rurek: 22,3 mmm


Kółka zwrotne, odkręcane 44mm


Waga: ok. 2 kg"
Akcesoria koszykarskie,Akcesoria do piłek;1;Siatka na 10 piłek do koszykówki Meteor;;24.50;1;100;https://sklepkoszykarski.pl/userdata/public/gfx/7397/Siatka-na-10-pilek-do-koszykowki-Meteor.jpg;"Siatka na piłki z uchwytami, który jest wstanie pomieścić 10 piłek do koszykówki. Z przeznaczeniem do przenoszenia lub przechowywania piłek. Posiada dwa plecione uchwyty, dzięki którym bardzo wygodnie można otwierać siatkę, a następnie przenosić w niej piłki do koszykówki i innych dyscyplin sportowych.




Pojemność: 10 piłek


Materiał: polipropylen"
Akcesoria koszykarskie,Akcesoria do piłek;1;Torba / Plecak na piłki Meteor (10-20 sztuk);;79.00;1;100;https://sklepkoszykarski.pl/userdata/public/gfx/7398/Torba-na-10-20-pilek-Meteor.jpg;"Duża torba na piłki Meteor, w której mieści się od 10 do 20 piłek w zależności od rozmiaru. Dla przykładu mieści w sobie 
12 sztuk piłek do koszykówki
 o rozmiarze 7. Posiada duży otwór przez który bardzo wygodnie wyjmuje się i wkłada piłki. Uchwyt do torby, może służyć jako podwójne ramię do noszenia torby jako plecaka lub pojedyncze ramię.




Torba wykonana z bardzo trwałego materiału zapewniającego jej długą żywotność. Regulowany pas do noszenia, góra zamykana grubym, ściągającym sznurem."
Akcesoria koszykarskie,Akcesoria do piłek;1;Igły do piłki Meteor 5mm;;9.90;1;100;https://sklepkoszykarski.pl/userdata/public/gfx/7399/Igly-do-pilki-Meteor-5mm.jpg, https://sklepkoszykarski.pl/userdata/public/gfx/7400/Igly-do-pilki-Meteor-5mm.jpg;"Igły do pompki i do piłek koszykarskich, pasujące do pompki o gwincie 5mm. Wykonane przez firmę Meteor. Cała igła wraz z podstawą wykonana z metalu. Zestaw igieł do koszykówki zawiera 5 sztuki igieł z uszczelką gumową prz gwincie.


Ilość: 5 szt."
Akcesoria koszykarskie,Akcesoria do piłek;1;Igły do piłki Meteor 8mm;;9.90;1;100;https://sklepkoszykarski.pl/userdata/public/gfx/7401/Igly-do-pilki-Meteor-8mm.jpg, https://sklepkoszykarski.pl/userdata/public/gfx/7402/Igly-do-pilki-Meteor-8mm.jpg;"Igły do pompki i do piłek koszykarskich, pasujące do pompki o gwincie 8mm. Wykonane przez firmę Meteor. Cała igła wraz z podstawą wykonana z metalu. Zestaw igieł do koszykówki zawiera 5 sztuki igieł 8mm.


Ilość: 5 szt."
Akcesoria koszykarskie,Akcesoria do piłek;1;Okulary dryblerki koszykarskie do nauki kozłowania SKLZ;;59.90;1;100;https://sklepkoszykarski.pl/userdata/public/gfx/7403/dryblerki-sklz.jpg, https://sklepkoszykarski.pl/userdata/public/gfx/7404/dryblerki-sklz2.jpg;"Okulary dryblerki koszykarskie do nauki kozłowania.
 Zostały zaprojektowane tak, żeby zakrywać pole widzenia piłki, dzięki czemu koszykarz lepiej wyrabia w sobie odruch kozłowania i wyczuwania piłki.  Zwiększa się umiejętność kozłowania bez patrzenia, dzięki czemu zawodnik lepiej skupia się na tym co dzieje na boisku i trudniej jest zabrać mu piłkę.


Okulary koszykarskie dryblerki
 polecane są dla koszykarzy grających na każdej pozycji, ale oczywiście najbardziej dla rozgrywających. Pomagają wyrobić właściwy odruch kozłowania i wyeliminować wiele błędów. Opanowanie kontroli piłki do perfekcji do duża sztuka, która się przydaje zarówno w utrzymywaniu piłki, ale również i w atakowaniu kosza. Zawodnik lepiej prowadzi piłki podczas wykonywania zwodów, tzw. crossoverów.


Dryblerki koszykarskie
 do nauki kozłowania dostępne są w kolorze czarny. Okulary wykonane z giętkiego tworzywa, dzięki czemu bardzo dobrze dopasowują się do twarzy i są niemal całkowicie odporne na połamanie."
Akcesoria koszykarskie,Akcesoria do piłek;1;Pompka molten AP-50;Molten;95.00;1;100;https://sklepkoszykarski.pl/userdata/public/gfx/7671/Pompka-molten-AP-50.gif;"Pompka ręczna Molten model AP-50


Pompka ręczna marki Molten
, model AP-50 jest lekka i wydajna. Została zaprojektowana z myślą o maksymalnej wygodzie użytkowania. Jej elastyczny wężyk ułatwia pompowanie piłek, zapewniając szybkie i efektywne nadmuchanie.


Cechy produktu:




Lekka konstrukcja: Pompka waży zaledwie 0,5 kg, co czyni ją niezwykle poręczną i łatwą w transporcie.


Wygodny otwór na stopę: Specjalnie zaprojektowany otwór na stopę sprawia, że pompowanie jest nie tylko szybkie, ale również komfortowe.


Wysokość: 50 cm, co pozwala na efektywne pompowanie bez konieczności zbyt wielkiego wysiłku fizycznego.


W komplecie: Znajduje się igła do piłek oraz plastikowa końcówka, idealna na przykład do pompowania materacy, co czyni tę pompkę wszechstronnym narzędziem w domu i na boisku.


Pompka ręczna Molten AP-50
 posiada ergonomiczny projekt i solidną budowę."
Akcesoria koszykarskie,Akcesoria do piłek;1;Podstawka pod piłkę Molten;Molten;39.00;1;100;https://sklepkoszykarski.pl/userdata/public/gfx/7673/Podstawka-pod-pilke-Molten.gif, https://sklepkoszykarski.pl/userdata/public/gfx/7674/Podstawka-pod-pilke-Molten.gif;"Podstawka pod piłkę Molten


Podstawka pod piłkę Molten
 to doskonały sposób na eleganckie zaprezentowanie piłki do koszykówki, czy też piłki do siatkówki.


Idealnie nadaje się do wystaw sklepowych oraz jako dekoracyjny element w domu, szczególnie dla kolekcjonerów piłek.


Charakteryzuje się eleganckim białym kolorem z czarnym logo 
Molten
, wykonana jest z solidnego tworzywa.


Wymiary
 podstawki pod piłkę Molten
 to 123 x 123 x 45 mm, z otworem o średnicy 65 mm, co pozwala na stabilne umieszczenie piłki i jej bezpieczne wyeksponowanie."
Akcesoria koszykarskie,Akcesoria do piłek;1;Igły do pompowania Spalding;Spalding;39.00;1;100;https://sklepkoszykarski.pl/userdata/public/gfx/7676/Igly-do-pompowania-Spalding.gif, https://sklepkoszykarski.pl/userdata/public/gfx/7677/Igly-do-pompowania-Spalding.gif;"Igły do pompowania Spalding




3 metalowe igły w zestawie


Adapter w zestawie"
Akcesoria koszykarskie,Akcesoria do piłek;1;Trenażer do koszykówki SKLZ Square Up;;87.00;1;100;https://sklepkoszykarski.pl/userdata/public/gfx/7684/Trenazer-do-koszykowki-SKLZ-Square-Up.gif;"Trenażer do koszykówki SKLZ Square Up


SKLZ Square Up
 to innowacyjny przyrząd do doskonalenia techniki rzutu w koszykówce. Dzięki swojej konstrukcji, idealnie dopasowuje się do każdej dłoni, co czyni go odpowiednim zarówno dla standardowych piłek do koszykówki męskich, jak i damskich o rozmiarach 28,5 oraz 29,5 cala.


Cechy Produktu:




Wizualne Wskazówki: Wyposażony w żółte trójkąty na czarnych silikonowych paskach, trenażer zapewnia wizualne odniesienia do rotacji piłki i wyrównania strzelca z obręczą.


Prawidłowe Ułożenie Dłoni: Konstrukcja trenażera wspomaga właściwe ułożenie dłoni podczas rzutów.


Wytrzymałe Paski: Solidne paski pewnie trzymają się piłki, zapewniając stabilność podczas ćwiczeń.


Zestaw: W komplecie znajduje się trenażer SKLZ Square Up oraz przewodnik treningowy, który pomoże w maksymalnym wykorzystaniu jego możliwości.




Dlaczego warto wybrać 
trenażer do koszykówki SKLZ Square Up
?


Ten trenażer jest idealnym narzędziem dla koszykarzy, którzy chcą poprawić technikę rzutu, zyskując lepsze wyczucie i precyzję. Dzięki wizualnym wskazówkom i solidnej konstrukcji, SKLZ Square Up sprawi, że Twoje treningi staną się bardziej efektywne."
Akcesoria do siatkówki;1;Stożki treningowe SKLZ;;149.99;1;100;https://sklepkoszykarski.pl/userdata/public/gfx/7714/Stozki-treningowe-SKLZ.gif;"Stożki Treningowe SKLZ


Zwiększ Swoją Zwinność i Kontrolę nad Piłką
Zwiększ efektywność swoich treningów dzięki stożkom treningowym SKLZ! To idealne narzędzie, które pomoże Ci poprawić przyspieszenie, zwrotność oraz kontrolę nad piłką. 
Stożki Treningowe SKLZ
 są świetne do treningu dryblingu i balansu ciała, co przekłada się na lepsze wyniki w wielu dyscyplinach sportowych.


Kluczowe zalety:




Lepsza zwrotność i szybkość
 – Stożki doskonale nadają się do ćwiczenia kluczowych sportowych umiejętności.


Wytrzymałe materiały
 – Elastyczne PVC jest odporne na nadepnięcia, co zapewnia trwałość i bezpieczeństwo.


Wszechstronne zastosowanie
 – Można je łączyć z innymi akcesoriami, np. tyczkami do treningu, tworząc bardziej złożone przeszkody.


Kolorowe oznaczenia
 – Zestaw zawiera 8 stożków w 4 kolorach, co ułatwia planowanie różnorodnych ćwiczeń.




Specyfikacja:




Wysokość: 5 cm


Materiał: PVC


Zestaw: 8 stożków w 4 kolorach




Stożki treningowe SKLZ
 to niezawodne narzędzie do pracy nad techniką i szybkością, które świetnie sprawdzi się dla każdego sportowca."
Akcesoria do siatkówki;1;Stożki treningowe SKLZ - 20 sztuk;;99.99;1;100;https://sklepkoszykarski.pl/userdata/public/gfx/7786/Kolorowe-stozki-treningowe-SKLZ---20-sztuk-w-czterech-kolorach-czarny%2C-pomaranczowy%2C-bialy%2C-zolty%2C-idealne-do-cwiczen-zwinnosci.gif, https://sklepkoszykarski.pl/userdata/public/gfx/7787/Sportowiec-wykorzystujacy-stozki-treningowe-SKLZ-do-cwiczen-szybkosci-i-zwinnosci%2C-trening-dynamiczny-z-stozkami.gif;"Stożki treningowe SKLZ - 20 sztuk


Stożki treningowe SKLZ – zestaw 20 sztuk
 to idealny wybór dla każdego, kto chce podnieść jakość swojego treningu sportowego.


Dzięki tym stożkom sportowcy mogą:




poprawić przyspieszenie, dokładność, kontrolę nad prędkością,


doskonalić drybling


poprawić zwrotność.




Stożki te pomagają również w rozwijaniu umiejętności równowagi, co jest nieocenione w wielu dyscyplinach sportowych.


Zestaw zawiera 
20 stożków
 o 
wysokości 5 cm
, dostępnych w 
czterech różnych kolorach
, co sprawia, że są one wszechstronne i mogą być używane w różnorodnych treningach. Stożki wykonane są z elastycznego i trwałego PVC, które jest odporne na uszkodzenia. Nawet po przypadkowym nadepnięciu, stożki zachowują swój kształt i są w pełni bezpieczne. Co więcej, można je łączyć z tyczkami Pro Training Agility Poles, tworząc dodatkowe przeszkody, które urozmaicają trening.


W zestawie znajduje się również praktyczny stojak, który ułatwia przechowywanie i transport stożków. 
Stożki treningowe SKLZ – zestaw 20 sztuk
 to niezastąpiony element treningu zwinności, szybkości i precyzji, doskonale sprawdzający się zarówno w treningach amatorskich, jak i profesjonalnych."
Akcesoria do piłki ręcznej;1;Worek na piłki Vinex;Vinex;79.00;1;100;https://sklepkoszykarski.pl/userdata/public/gfx/7905/Worek-na-pilki.jpg, https://sklepkoszykarski.pl/userdata/public/gfx/7906/Worek-na-pilki-zblizenie-na-material.jpg;"Zorganizuj swój sprzęt sportowy z łatwością dzięki 
Workowi na Piłki Vinex
. To niezawodne rozwiązanie dla wszystkich, którzy cenią porządek, wygodę i wytrzymałość. Idealny zarówno do codziennych treningów, jak i profesjonalnych rozgrywek, ten worek na piłki sprawdzi się w każdej sytuacji.




Maksymalna pojemność
 – Worek pomieści od 10 do 14 piłek, co czyni go wszechstronnym rozwiązaniem dla różnych dyscyplin, takich jak siatkówka, koszykówka czy piłka nożna.


Wytrzymały materiał
 – Wykonany z wysokiej jakości siatki mesh oraz poliestru, worek jest odporny na uszkodzenia i doskonale wentyluje zawartość, zapobiegając zbieraniu się wilgoci.


Zacisk na sznurku
 – Praktyczne zapięcie z zaciskiem skutecznie chroni piłki przed wypadnięciem, nawet podczas transportu.


Kompaktowe wymiary
 – Dzięki wymiarom 35"" x 21"", worek jest wystarczająco pojemny, a jednocześnie łatwy do przechowywania i przenoszenia.




Jeśli chcesz, aby piłki zawsze były na swoim miejscu, a ich transport był prosty i bezpieczny, wybierz 
Worek na Piłki Vinex
. To rozwiązanie, które pozwoli Ci skupić się na grze, zamiast martwić się o przechowywanie sprzętu."
Akcesoria do piłki ręcznej;1;Pompka do piłki do kosza Wilson NBA DRV;Wilson;49.00;1;100;https://sklepkoszykarski.pl/userdata/public/gfx/7919/Pompka-aluminiowa-Wilson-NBA-4.png, https://sklepkoszykarski.pl/userdata/public/gfx/7917/Ergonomiczna-pompka-reczna-z-czerwona-rurka-i-niebieska-obudowa.png;"Pompka do piłki do kosza Wilson NBA DRV
 czyli styl i wygoda w jednym! Prezentowana pompka ręczna to niezbędny dodatek dla każdego miłośnika koszykówki. Dzięki precyzyjnej konstrukcji i ergonomicznej budowie, ten model pompki do piłki do kosza sprawdzi się zarówno na boisku, jak i w domowym zaciszu, gwarantując idealne ciśnienie każdej piłki koszykarskiej, ale nie tylko, ponieważ produkt ten to pompka uniwersalna.


Pompka do piłki do kosza Wilson NBA DRV
 zadba o optymalne ciśnienie piłki do koszykówi! Ta stylowa, kompaktowa pompka z 
oficjalnym logo NBA
 łączy w sobie wyjątkowy design z praktycznymi funkcjami.


Wysokiej jakości materiały, solidna czerwona rurka z elastycznym wężykiem oraz wytrzymała metalowa igła zapewniają nie tylko łatwe użytkowanie, ale również pełną ochronę wentyla przed uszkodzeniem. Ergonomiczny uchwyt i lekka konstrukcja sprawiają, że ta pompka z wężykiem idealnie leży w dłoni, co pozwala na błyskawiczne napompowanie piłki do optymalnego ciśnienia piłki do koszykówki.


Uniwersalność produktu pozwala na napompowanie piłek z różnych dyscyplin, choć dedykowana jest do piłek koszykarskich.


Jeśli szukasz sprzętu, który spełnia najwyższe standardy profesjonalnej koszykówki, 
pompka do piłki do koszykówki Wilson NBA DRV
 będzie doskonałym wyborem.


Pamiętaj, że aby właściwie napompować piłkę należy uprzednio zwilżyć igłę i delikatnie wprowadzić ją do wentyla – w połączeniu z wężykiem zapewni to pełne bezpieczeństwo i perfekcyjny rezultat."
Akcesoria koszykarskie,Akcesoria do piłek;1;Worek na piłki Wilson NBA;Wilson;74.00;1;100;https://sklepkoszykarski.pl/userdata/public/gfx/7990/Worek-na-pilki-Wilson-NBA.png;"Worek na piłki Wilson NBA
 to praktyczne i stylowe rozwiązanie, które ułatwia przechowywanie i transport piłek sportowych. Wykonany z trwałej siatki nylonowej, zapewnia odpowiednią wentylację, chroniąc piłki przed wilgocią. Dzięki pojemności na 6 piłek jest doskonałym wyborem dla miłośników sportu, szukających alternatywy dla większych opcji, takich jak torba na 8 piłek.


Najważniejsze zalety:




Przechowywanie piłek: Lekki i odporny worek, idealny na co dzień.


Oddychająca siatka: Ułatwia dostęp do zawartości i zapewnia ochronę.


Sportowy design: Oficjalne logo NBA podkreśla profesjonalny charakter produktu.




Wybierz 
worek na piłki Wilson NBA
, aby wygodnie transportować piłki nożne, koszykowe i inne. Wytrzymałość, funkcjonalność i nowoczesny wygląd czynią go idealnym wyborem dla graczy i trenerów!"
Akcesoria do piłki ręcznej;1;Manometr elektroniczny do mierzenia ciśnienia w piłce Wilson (ciśnieniomierz);Wilson;80.00;1;100;https://sklepkoszykarski.pl/userdata/public/gfx/7992/Manometr-elektroniczny-do-mierzenia-cisnienia-w-pilce-Wilson-cisnieniomierz.png;
Akcesoria do piłki ręcznej;1;Bidon Meteor 650 ml czarny;;45.00;1;100;https://sklepkoszykarski.pl/userdata/public/gfx/8069/Bidon-na-wode-Meteor-650-ml--ergonomiczny-ksztalt.png, https://sklepkoszykarski.pl/userdata/public/gfx/8062/Sportowy-bidon-Meteor-650-ml--praktyczna-klapka-i-system-antywylewowy.png;"Bidon Meteor 650 ml
 – lekki, wytrzymały i zawsze pod ręką.
Szukasz funkcjonalnej i stylowej butelki na wodę? 
Bidon Meteor 650 ml czarny
 to doskonały wybór dla osób aktywnych, które cenią jakość i wygodę. Wykonany z certyfikowanego Tritanu, jest lekki, odporny na uderzenia i bezpieczny dla zdrowia.




Intuicyjne użytkowanie
 – otwieranie jedną ręką, równomierny przepływ wody bez konieczności ściskania butelki.


Nowoczesny design
 – przezroczysta czarna butelka z matowym wykończeniem i antypoślizgową powierzchnią.


Praktyczne dodatki
 – miarka do kontrolowania ilości płynów i sitko zapobiegające przedostawaniu się owoców czy kostek lodu.


Niezawodna szczelność
 – blokada wieczka chroni przed przeciekaniem i zabrudzeniem ustnika.


Idealny rozmiar
 – kompatybilny z większością uchwytów rowerowych i samochodowych.




Bidon Meteor 650 ml
 to świetny wybór na siłownię, rower, piesze wędrówki i codzienne użytkowanie. Zapewnij sobie komfort nawodnienia zawsze i wszędzie!


Zamów teraz i ciesz się wygodnym dostępem do ulubionych napojów każdego dnia!








Materiał


certyfikowanego Tritanu






Pojemność


650 ml






Kolor


czarny"
Akcesoria do piłki ręcznej;1;Bidon Meteor 650 ml niebieski;;45.00;1;100;https://sklepkoszykarski.pl/userdata/public/gfx/8071/Niebieski-bidon-Meteor-650-ml--idealny-do-treningow%2C-roweru-i-codziennego-uzytku.png, https://sklepkoszykarski.pl/userdata/public/gfx/8072/Praktyczny-bidon-Meteor-650-ml--idealny-dla-sportowcow-i-aktywnych-osob.png;"Bidon Meteor 650 ml niebieski
 to wygodny i funkcjonalny bidon 650 ml dla sportowców. To stylowa i praktyczna butelka sportowa, zaprojektowana z myślą o komforcie użytkowania. Dzięki wytrzymałemu Tritanowi jest odporna na uderzenia, a jej lekka konstrukcja sprawia, że idealnie sprawdza się w codziennym użytkowaniu – na siłowni, rowerze, w pracy czy na uczelni.


Matowe wykończenie oraz antypoślizgowa powierzchnia gwarantują pewny chwyt, a wygodny pasek ułatwia przenoszenie. 
Bidon Meteor 650 ml
 posiada miarkę do kontrolowania ilości płynów oraz praktyczne sitko, które pozwala na dodanie owoców lub lodu. Szczelne zamknięcie z blokadą chroni przed rozlaniem, a łatwe otwieranie jedną ręką sprawia, że picie podczas treningu jest wyjątkowo komfortowe. To idealny wybór dla każdego, kto ceni wysoką jakość, trwałość i funkcjonalność w codziennym użytkowaniu.








Materiał


certyfikowanego Tritanu






Pojemność


650 ml






Kolor


czarny"
Akcesoria do piłki ręcznej;1;Stoper  SMJ sport JS-6618;SMJ;124.90;1;100;https://sklepkoszykarski.pl/userdata/public/gfx/8083/Stoper-SMJ-sport-JS-6618.png, https://sklepkoszykarski.pl/userdata/public/gfx/8085/Profesjonalny-stoper-sportowy-SMJ-Sport.png;"Stoper treningowy SMJ Sport JS-6618
 to niezawodne narzędzie dla każdego, kto ceni precyzyjne odmierzanie czasu podczas treningu. Wyróżnia go metalowa obudowa, nadająca mu wyjątkowy, ekskluzywny wygląd, który odróżnia go od standardowych modeli. To profesjonalny stoper sportowy, który sprawdzi się zarówno wśród trenerów, sportowców, jak i sędziów.




Funkcje, które zapewniają precyzję i wygodę
Dokładny pomiar czasu – stoper mierzy czas z precyzją do 1/100 sekundy, umożliwiając śledzenie wyników nawet w najbardziej wymagających treningach.


Dwa niezależne liczniki
 – pozwalają na jednoczesny pomiar czasu okrążenia oraz czasu łącznego, co jest niezwykle przydatne podczas sportowych zmagań.


Pamięć 30 pomiarów
 – stoper automatycznie zapisuje do 30 wyników, dzięki czemu możesz śledzić swoje postępy bez konieczności ręcznego zapisywania czasów.


Wielofunkcyjny wyświetlacz
 – oprócz funkcji stopera, urządzenie pokazuje datę, godzinę, minuty, sekundy oraz obsługuje automatyczny kalendarz aż do 2049 roku.


Alarm i system 24-godzinny
 – możliwość ustawienia alarmu ułatwia organizację treningów i codziennych aktywności.


Termometr
 – wbudowany czujnik temperatury pozwala na pomiar w stopniach Celsjusza oraz Fahrenheita, co jest dodatkowym atutem urządzenia.


Chronometr do 10 godzin – pozwala na długotrwałe odmierzanie czasu, co czyni go idealnym narzędziem do intensywnych ćwiczeń i zawodów sportowych.




Idealny stoper do ćwiczeń i profesjonalnych treningów
Dzięki wysokiej precyzji oraz zaawansowanym funkcjom stoper elektroniczny SMJ Sport JS-6618 sprawdzi się w każdej dyscyplinie sportowej – od lekkoatletyki, przez pływanie, aż po treningi drużynowe. Jego trwała metalowa konstrukcja zapewnia długowieczność i komfort użytkowania, a czytelny wyświetlacz ułatwia odczyt wyników w każdych warunkach.


W zestawie znajduje się polska instrukcja obsługi oraz bateria CR2032, dzięki czemu 
Stoper SMJ sport JS-6618
 jest gotowy do użytku od razu po zakupie."
Akcesoria do piłki ręcznej;1;Stoper  sportowy SMJ Sport JS-7064 100 czasów;SMJ;104.32;1;100;https://sklepkoszykarski.pl/userdata/public/gfx/8086/Profesjonalny-stoper-sportowy-SMJ-Sport-JS-7064.png, https://sklepkoszykarski.pl/userdata/public/gfx/8087/Stoper-sportowy-SMJ-Sport.png;"Stoper treningowy SMJ Sport JS-7064
 to profesjonalny sprzęt, które łączy w sobie funkcje stopera czasu, czasomierza, tempomierza i zegara. Dzięki wysokiej precyzji i intuicyjnej obsłudze jest idealnym wyborem dla trenerów, sportowców i wszystkich, którzy potrzebują profesjonalnego stopera sportowego do precyzyjnego pomiaru czasu w trakcie treningu.


Funkcje, które wyróżniają stoper elektroniczny SMJ Sport JS-7064




 
Stoper
 – precyzyjne odmierzanie czasu
✔ Pomiar do 9 godzin, 59 minut i 59 sekund – idealny do długich treningów i zawodów.
✔ Pamięć 100 czasów okrążeń i międzyczasów – pozwala na dokładne monitorowanie wyników.
✔ Wyświetlanie najszybszego, najwolniejszego i średniego czasu okrążenia – nieoceniona funkcja dla osób, które chcą analizować swoje postępy.
✔ Licznik okrążeń – sprawia, że stoper do ćwiczeń jest niezastąpiony w treningach interwałowych.


Czasomierz
 – dwa niezależne liczniki
✔ Możliwość ustawienia dwóch osobnych odliczań czasu, co sprawdza się w treningach interwałowych.
✔ Maksymalny czas odliczania: 9 godzin, 59 minut, 59 sekund.
✔ Jeden czasomierz działa niezależnie od drugiego, co zwiększa funkcjonalność urządzenia.


Tempomierz
 – kontrola rytmu ćwiczeń
✔ Regulacja tempa od 10 do 320 sygnałów na minutę – idealna do biegania, pływania czy ćwiczeń siłowych.
✔ Możliwość jednoczesnego wyświetlania częstotliwości i licznika sygnałów dźwiękowych.


Zegar
 – wielofunkcyjność na co dzień
✔ Pokazuje godzinę, datę, dzień tygodnia oraz rok – z automatycznym kalendarzem.
✔ Obsługuje format 12- i 24-godzinny, dostosowany do preferencji użytkownika.
✔ Funkcja alarmu – dodatkowa wygoda podczas planowania treningów.




Solidna konstrukcja i wygoda użytkowania
- Kompaktowy i ergonomiczny design – wymiary 85.5 x 64 x 22.2 mm sprawiają, że stoper sportowy wygodnie leży w dłoni.
- Wodoodporność – odporny na przypadkowy kontakt z wodą, co czyni go niezawodnym w codziennym użytkowaniu.
- Długotrwałe zasilanie – działa na baterię litową CR2032, zapewniając długą żywotność.
- Polska instrukcja obsługi – ułatwia szybkie poznanie wszystkich funkcji urządzenia.


Idealny stoper elektroniczny dla wymagających użytkowników
Bez względu na to, czy jesteś trenerem, biegaczem, pływakiem czy osobą uprawiającą fitness, stoper treningowy SMJ Sport JS-7064 zapewni Ci precyzję, funkcjonalność i wygodę użytkowania. Profesjonalny stoper sportowy o tak szerokim zakresie możliwości to must-have dla każdego, kto chce monitorować i optymalizować swoje treningi."
Akcesoria do piłki ręcznej;1;Stoper Meteor;;69.99;1;100;https://sklepkoszykarski.pl/userdata/public/gfx/8233/stoper-meteor.jpg, https://sklepkoszykarski.pl/userdata/public/gfx/8232/stoper-meteor-1.jpg;
Akcesoria koszykarskie,Akcesoria do piłek;1;Znaczniki treningowe SKLZ i stoper - Shot Spotz;;159.99;1;100;https://sklepkoszykarski.pl/userdata/public/gfx/8333/Znaczniki-treningowe-SKLZ-Shot-Spotz-do-koszykowki.jpg, https://sklepkoszykarski.pl/userdata/public/gfx/8334/Dziecko-trenujace-koszykowke-z-wykorzystaniem-znacznikow-SKLZ-Shot-Spotz.jpg;"Znaczniki treningowe SKLZ i stoper - Shot Spotz
 to profesjonalny zestaw dla młodych sportowców i trenerów koszykówki. Zawiera 5 kolorowych markerów z numeracją oraz elektroniczny stoper, który pozwala tworzyć własne gry i ćwiczenia na czas. 
Znaczniki treningowe
 Shot Spotz są idealne do nauki rzutów z różnych pozycji, a dzięki swojej odporności na warunki zewnętrzne sprawdzi się na każdej nawierzchni. Do zestawu dołączono także 9 gotowych propozycji ćwiczeń, które rozwijają precyzję i koordynację."
Akcesoria do piłki ręcznej;1;Znacznik dwustronny treningowy na koszulkę Molten GVR-1;Molten;45.00;1;100;https://sklepkoszykarski.pl/userdata/public/gfx/8393/Znacznik-dwustronny-treningowy-na-koszulke-Molten-GVR-1.jpg;"Znacznik dwustronny treningowy na koszulkę Molten GVR-1
 to praktyczne rozwiązanie dla szkół, klubów i drużyn sportowych. Dzięki dwustronnej kolorystyce (niebieski/pomarańczowy) szybko odróżnisz zawodników podczas treningów i sparingów. Oddychający poliester, wytrzymały na rozciąganie i wielokrotne pranie, zapewnia wygodę i długą żywotność. 
Znacznik dwustronny treningowy na koszulkę Molten GVR-1
 sprawdzi się zarówno u dzieci, młodzieży, jak i dorosłych sportowców."
Akcesoria koszykarskie,Opaski i frotki;1;Frotka na nadgarstek;Spalding;59.00;1;100;https://sklepkoszykarski.pl/userdata/public/gfx/7387/Frotka-na-nadgarstek.gif, https://sklepkoszykarski.pl/userdata/public/gfx/7388/Frotka-na-nadgarstek.gif;"Frotki
 na nadgarstek z wyhaftowanym logo 
Spalding
 używane między innymi w lidze NBA. Zapobiega spływaniu potu z czoła do oczu, wystarczy jeden ruch ręką i czoło masz tak jakby przetarte ręcznikiem. 2 sztuki w paczce. 80% Bawełna, 12% guma, 8% Polyamid. Dostępne dwa kolory czarny i biały."
Akcesoria koszykarskie,Opaski i frotki;1;Frotka na nadgarstek Air Jordan Jumpman Wristbands;;69.00;1;100;https://sklepkoszykarski.pl/userdata/public/gfx/7124/frotka-na-nadgarstek-air-jordan-jumpman-wristbands.png, https://sklepkoszykarski.pl/userdata/public/gfx/7122/frotka-na-nadgarstek-air-jordan-jumpman-wristbands.png;"Frotki na nadgarstek Air Jordan Jumpman Wristbands
 to doskonałe akcesoria sportowe, które cechują się wysoką jakością. Wykonane z materiału o doskonałych właściwościach odprowadzania wilgoci, te frotki gwarantują suchość i wygodę nawet podczas najbardziej intensywnych treningów i rozgrywek. Dzięki elastycznemu materiałowi idealnie dopasowują się do nadgarstka, zapewniając nie tylko wsparcie, ale także komfort noszenia. Co więcej, z jednej strony opasek widnieje charakterystyczne logo Jumpman, nadając im stylowy i rozpoznawalny wygląd.


W opakowaniu znajdziesz aż 2 frotki, co pozwala na pełne wykorzystanie ich potencjału podczas aktywności sportowej. Model dostępny jest w następujących kolorach: czarnym, czerwonym lub białym


Skład materiału to głównie nylon w ilości 96%, uzupełniony 4% gumy, co gwarantuje trwałość i wytrzymałość produktu."
Akcesoria koszykarskie,Opaski i frotki;1;Opaska na głowę FBF NBA;FBF;29.00;1;100;https://sklepkoszykarski.pl/userdata/public/gfx/7679/Opaska-na-glowe-FBF-NBA.gif;"Opaska na głowę FBF NBA


Oficjalna 
opaska na głowę FBF NBA
, ozdobiona logo NBA, to doskonały dodatek dla każdego fana koszykówki. Świetnie zabezpiecza oczy przed spływającym z czoła potem, gwarantując spokojną nierozproszoną grę. Wielką zaletą tej oto 
opaski NBA 
jest materiał, z którego została wykonana, a mianowicie bawełna, co sprawia , że nie powoduje podrażnień. 


Materiał:


80% Bawełna: Zapewnia miękkość i komfort noszenia.
10% Nylon: Dodaje wytrzymałości.
10% Guma: Gwarantuje elastyczność i idealne dopasowanie."
Akcesoria koszykarskie,Opaski i frotki;1;Opaska na głowę Nike (róż);;59.00;1;100;https://sklepkoszykarski.pl/userdata/public/gfx/6455/Opaska-na-glowe-Nike-roz.jpg;"Opaska na głowę
 z wyhaftowanym logo 
Nike
 używane między innymi w lidze NBA. Zapobiega spływaniu potu z czoła do oczu.
Kolor: różowy"
Akcesoria koszykarskie,Opaski i frotki;1;Nike Fundamental Towel;;129.99;1;100;https://sklepkoszykarski.pl/userdata/public/gfx/7104/nike-fundamental-towel.png, https://sklepkoszykarski.pl/userdata/public/gfx/7105/nike-fundamental-towel.png;"Nike Fundamental Towel 
to idealny ręcznik treningowy, ze względu na swój średni rozmiar fantastycznie nadaje się do użycia podczas meczu. W plecaku, czy torbie zajmuje niewiele miejsca, jednakże jakość bawełny, z której N
ike Fundamental Towel Medium
 został wykonany, jest nieoceniona! Produkt wykonany w 100% z bawełny ma wymiary 35 cm x 80 cm. Odkryj, jak Nike łączy jakość, funkcjonalność i styl w jednym produkcie! Ręcznik Nike Fundamental to jeden z topowych zakupów, jeśli chodzi o akcesoria koszykarskie!


 


Materiał: 100% bawełna
Rozmiar: 35 cm x 80 cm"
Akcesoria koszykarskie,Książki o koszykówce;1;Książka Chicago Bulls. Krew na rogach;Wydawnictwo SQN;44.90;1;100;https://sklepkoszykarski.pl/userdata/public/gfx/6283/Ksiazka-Chicago-Bulls.-Krew-na-rogach.jpg;"Dlaczego warto przeczytać książkę ""Chicago Bulls. Krew na rogach"":


- Skarbnica wiedzy na temat tego, co działo się wewnątrz mistrzowskiej ekipy Chicago Bulls;
- Uzupełnienie informacji przekazywanych w serialu „ostatni taniec”;
- Masa ciekawostek i smaczków dotyczących największych gwiazd ekipy.


Opis z okładki książki:


Od wiecznie przynoszącego straty zespołu, który planowano nawet przenieść do innego miasta, po niepodzielnego dominatora ligi. Chicago Bulls w ciągu kilku lat zaliczyło niesamowitą metamorfozę, a jej centralną postacią był Michael Jordan.


Sezon 1997/1998 przyniósł „Bykom” szósty tytuł mistrzowski. Naszpikowana gwiazdami ekipa, na czele z Michaelem Jordanem po raz kolejny potwierdziła swój niesamowity status. Droga po ten tytuł była jednak trudna i wyboista. Zespół jątrzyły wewnętrzne podziały, a sama ekipa znalazła się na krawędzi upadku.


Dlaczego do tego doszło?


Roland Lazenby dzięki dziesiątkom osobistych rozmów z członkami ówczesnej ekipy Chicago Bulls stara się znaleźć odpowiedź na to pytanie. Czy winna była batalia o przejęcie kontroli nad drużyną? A może różnice charakteru liderów, które od drobnych rys na nieskazitelnym obrazie klubu przerodziły się w pęknięcia, doprowadzające do rozpadu? Powstała ponad dwie dekady temu książka, zaktualizowana przez autora specjalnie na potrzeby polskiego wydania daje kompleksowy obraz tego, co działo się wewnątrz grupy.


Wyruszcie w podróż w przeszłość. Raz jeszcze zatopcie się w kapitalnej grze Jordana, Scottiego Pippena i Dennissa Rodmana. Wspomnijcie lata wielkości Chicago Bulls i emocje z nimi związane. A przy okazji – sami poszukajcie odpowiedzi.


Opis przygotowany przez Sklep Koszykarski:


Drużyna 
Chicago Bulls
 zdominowała rywalizację w koszykarskiej lidze NBA w latach 90. ubiegłego wieku. Najeżona gwiazdami ekipa, w barwach której czarowali 
Michael Jordan, Scottie Pippen
 czy 
Dennis Rodman
 kolekcjonowała mistrzowskie tytuły. Z czasem jednak znakomicie funkcjonujący mechanizm zaczął szwankować. Dlaczego?


Roland Lazenby stara się znaleźć odpowiedź na to pytanie. Poprzez osobiste rozmowy i wnikliwe śledztwo przedstawia złożony obraz tego, co działo się w szatni 
Chicago Bulls
, ujawnia wewnętrzne napięcia i podziały.


„
Chicago Bulls. Krew na rogach
” to niemal kompletna skarbnica wiedzy na temat schyłkowego okresu potęgi „Byków”. Dla fanów serialu „
Ostatni taniec
” stanowić będzie znakomite uzupełnienie. Dla wszystkich innych to z kolei szansa na nostalgiczną podróż w przeszłość.


 


Opinie o książce ""Chicago Bulls. Krew na rogach"":


Poznawanie kulisów ostatniego mistrzowskiego sezonu Chicago Bulls, dla wielu ich fanów może być traumą, ale i katharsis. Dzięki tej książce jesteśmy blisko ludzi, którzy mimo różnych charakterów, wielkich namiętności i konfliktów między nimi, mają jeden cel - zwycięstwo! Mój podziw i uwielbienie dla tamtej drużyny jeszcze rosną i stają się bardziej świadome.
Ryszard Łabędź, TVP Sport


Jeżeli w XXI wieku szukamy autorytetów, to z pewnością mogą być nimi Bullsi Phila Jacksona: prawdziwi „strażnicy” koszykówki!
Hirek Wrona


Jeśli dokument The Last Dance to koncert orkiestry symfonicznej grającej największe klasyki muzyki poważnej, to Krew Na Rogach jest preludium, które dopełnia i zamyka temat ostatniego sezonu wielkich Bulls Michaela Jordana.
Podcast Specjalny Live: Michał Górny (Świat Koszykówki) i Karol Śliwa (Karol Mówi)


W latach 90-tych żyliśmy sukcesami Chicago Bulls i wzruszaliśmy się na widok Michaela Jordana podnoszącego szósty i ostatni puchar mistrzowski dla organizacji. Znamy tę historię, ale czy znamy ją z obiektywnej strony? Roland Lazenby w niniejszej książce odtwarza proces rozpadu najlepszej drużyny wszech czasów poprzez wyjątkowe rozmowy z zawodnikami, działaczami i pracownikami klubu. Buduje profil psychologiczny Michaela Jordana i przedstawia wielowymiarowość konfliktu, w którym grupa wybitnych osób nie potrafi odnaleźć nici porozumienia.
Łukasz Szwonder, Keepthebeat


Biogram:


Roland Lazenby
Amerykański dziennikarz sportowy, pedagog i pisarz. Ma na koncie kilkadziesiąt tytułów, między innymi „Kobe Bryant. Showman” czy „Michael Jordan. Życie”.


 


Autor: 
Roland Lazenby
Tytuł polskiego wydania: Chicago Bulls. Krew na rogach
Tytuł oryginału: Blood on the Horns: The Long Strange Ride of Michael Jordan’s Chicago Bulls
Autor książki: Roland Lazenby
ISBN: 9788382100419
Tłumaczenie: Piotr Królak, Michał Rutkowski, Tymon Rutkowski
Data wydania: 29 lipca 2020
Format: 145 x 205 mm
Liczba stron: 440
Okładka Twarda"
Akcesoria koszykarskie,Książki o koszykówce;1;Książka Kevin Garnett. Od A do Z. Bez cenzury o życiu, koszykówce i wszystkim pomiędzy;Wydawnictwo SQN;39.90;1;100;https://sklepkoszykarski.pl/userdata/public/gfx/6282/Ksiazka-Kevin-Garnett.-Od-A-do-Z.-Bez-cenzury-o-zyciu%2C-koszykowce-i-wszystkim-pomiedzy.jpg;"Dlaczego warto przeczytać książkę ""Kevin Garnett. Od A do Z. Bez cenzury o życiu, koszykówce i wszystkim pomiędzy"":


- Oficjalna książka Kevina Garnetta, jednego z najlepszych graczy w historii NBA;
- Niezwykle szczera opowieść nie tylko o karierze, ale też życiu prywatnym, wartościach;
- Nietypowa forma – nie klasyczna biografia, a alfabetyczny spis haseł, o których obszernie opowiada Garnett.
 


Opis z okładki książki ""Kevin Garnett. Od A do Z."":


Szczere wspomnienia mistrza NBA i członka koszykarskiej Galerii Sław.


Był jednym z najbardziej dominujących graczy, jakich widział świat koszykówki. I jednym z najbardziej wygadanych. W ciągu 21-letniej kariery podniósł trash-talk do rangi sztuki i nigdy nie stronił od dzielenia się przemyśleniami na kontrowersyjne tematy. W tej książce Kevin Garnett z taką samą szczerością spogląda na swoje życie i karierę.


Przeciwności, jakie napotkał, dorastając w Karolinie Południowej. Pominięcie college’u i wejście do draftu bezpośrednio ze szkoły średniej. Mecze przeciwko Michaelowi Jordanowi, Kobemu Bryantowi, LeBronowi Jamesowi i innym legendom NBA, wzloty i upadki, mistrzostwo z Boston Celtics. A pomiędzy tym wszystkim sława, rodzina, muzyka, wiara czy rasizm.


Jeśli uważasz, że Kevin Garnett zachwycał na parkiecie, poczekaj, aż przeczytasz, co ma do powiedzenia na kartkach tej książki.


 


Opis przygotowany przez księgarnię Sklep Koszykarski:


Szczere wspomnienia mistrza NBA


Koledzy z parkietu i zawodnicy, z którymi rywalizował: Shaquille O'Neal, Michael Jordan, LeBron James, Allen Iverson, Tim Duncan, Charles Barkley czy Kobe Bryant. Lojalność, przywództwo, pieniądze, ból. Prince, Malcolm X, The Notorious B.I.G. czy Snoop Dogg, a między tym wszystkim trash-talk, joga, a nawet zioło.


Lista tematów poruszanych w tej książce przez Kevina Garnetta jest naprawdę długa. Jeśli dodamy do tego fakt, że ten zawodnik zawsze należał do osób, które lubią zabierać głos na najbardziej kontrowersyjne tematy, wychodzi prawdziwa mieszanka wybuchowa.


Taka właśnie jest ta książka - wymykająca się schematom. Garnett z charakterystyczną dla siebie szczerością opowiada o koszykówce, życiu, wartościach, popkulturze. Gwiazda Boston Celtics i Minnesoty Timberwolves zaprasza Was do stołu, by opowiedzieć o swoim sposobie postrzegania świata.


Czy przyjmiecie zaproszenie?


Biogram:


Kevin Garnett
Jeden z najwybitniejszych graczy w historii koszykówki. Mistrz NBA z Boston Celtics, złoty medalista olimpijski z Sydney z reprezentacją USA, MVP sezonu regularnego i najlepszy obrońca ligi, co czyni go jednym z zaledwie pięciu zawodników, którzy otrzymali oba wyróżnienia. 15-krotny uczestnik Meczu Gwiazd i jego MVP z 2003 roku. Od 2020 roku członek koszykarskiej Hall of Fame. Pracował jako ekspert dla TNT, zagrał drugoplanową rolę w filmie fabularnym Uncut Gems i jest bohaterem filmu dokumentalnego Showtime. Po zakończeniu czynnej kariery zajął się również szkoleniem zawodników.


David Ritz
Jest autorem tekstów, który współpracował z takimi gwiazdami jak Janet Jackson i Marvin Gaye, a także znanym ghostwriterem, który współtworzył ponad pięćdziesiąt książek dla największych gwiazd muzyki: Arethy Franklin, Raya Charlesa czy Lenny'ego Kravitza.


 


Autor: 
David Ritz Kevin Garnett
Tytuł polskiego wydania: Kevin Garnett. Od A do Z. Bez cenzury o życiu, koszykówce i wszystkim pomiędzy
Tytuł oryginału: KG: A to Z: An Uncensored Encyclopedia of Life, Basketball, and Everything in Between
Autor książki: Kevin Garnett, David Ritz
ISBN: 9788382103342
Tłumaczenie: Michal Rutkowski, Tymon Rutkowski
Format: 150 x 215 mm
Data wydania: 19 maja 2021
Okładka Miękka"
Akcesoria koszykarskie,Książki o koszykówce;1;Książka koszykarska Scottie Pippen. Bez krycia;Wydawnictwo SQN;49.00;1;100;https://sklepkoszykarski.pl/userdata/public/gfx/6278/Ksiazka-koszykarska-Scottie-Pippen.-Bez-krycia.jpg;"Dlaczego warto przeczytać książkę ""Scottie Pippen. Bez krycia"":


- biografia jednego z najbardziej wszechstronnych koszykarzy w historii NBA;
- sentymentalny powrót do lat 90., w których panował boom na basket w Polsce;
- lektura obowiązkowa zarówno dla zagorzałych kibiców Chicago Bulls, jak i wszystkich fanów koszykówki.


Opis z okładki książki ""Scottie Pippen. Bez krycia"":


Bezkompromisowe wspomnienia sześciokrotnego mistrza NBA!


Scottie Pippen nie bez powodu był nazywany jednym z najlepszych koszykarzy ligi. Mówiąc wprost, bez niego nie byłoby mistrzowskich banerów, które wiszą pod kopułą hali United Center. Ani serialu dokumentalnego 
Ostatni taniec
. Nie byłoby też takiego Michaela Jordana, jakiego znamy, i drużyny Chicago Bulls, jaką pamiętamy.


Jak młody chłopak, będący najmłodszym z dwanaściorga rodzeństwa, przezwyciężył rodzinne tragedie? W jaki sposób poradził sobie z brakiem zainteresowania ze strony skautów uniwersyteckich, by zostać piątym wyborem w drafcie NBA w 1987 roku? Jak został jednym z filarów najwspanialszej koszykarskiej dynastii ostatnich pięćdziesięciu lat? Czy dobrze wspomina relacje z Michaelem Jordanem? Dlaczego w starciu z New York Knicks w trakcie play-offów w 1994 roku tuż przed końcem spotkania odmówił powrotu na boisko?


W książce 
Bez krycia
 Pippen otwarcie dzieli się ostrymi, szczerymi opiniami, między innymi na temat Phila Jacksona czy Dennisa Rodmana, i zdradza nieznane dotychczas informacje na temat jednego z najsłynniejszych meczów w historii NBA. Wspomina, jak bardzo nienawidził nazywania go pomocnikiem Jordana, oraz tłumaczy, dlaczego powinien być bardziej szanowany przez zarząd klubu z Chicago i dziennikarzy.


Ponad trzy dekady po zdobyciu przez Bulls pierwszego tytułu mistrzowskiego Pippen w końcu daje kibicom to, czego tak łaknęli – surowy, nieupiększony wgląd we własne życie i w rolę, jaką odegrał w jednej z najwspanialszych i najbardziej popularnych drużyn w historii koszykówki.


Opis przygotowany przez księgarnię Labotiga:


Pochodzi z niewielkiego miasteczka Hamburg w stanie Arkansas. Jako młody chłopiec toczył zaciekłe boje na pseudoboisku z jednym ze swoich pięciu starszych braci, Ronnim, który zapowiadał się na dobrego koszykarza, lecz potem uległ koszmarnemu wypadkowi i został sparaliżowany, musiał więc porzucić marzenia o grze w koszykówkę. Scottie z nich jednak nie zrezygnował, mimo wielu przeszkód po drodze.


Najmłodszy z dwanaściorga rodzeństwa Pippen poradził sobie z traumatycznymi wydarzeniami z dzieciństwa i zakasał rękawy, ponieważ chciał zostać zawodowcem i pomóc rodzinie dotkniętej podwójną tragedią. W konsekwentnym dążeniu do celu nie zatrzymali go nawet koledzy z liceum oraz trenerzy, którzy nie dostrzegali jego talentu oraz pasji do gry w koszykówkę. Amerykanin był wyjątkowo zdeterminowany i ciężko pracował na siłowni nad muskulaturą, a kiedy w końcu dostał szansę występów w drużynie uniwersyteckiej z Conway, wykorzystał ją w stu procentach, przyciągając uwagę klubów z NBA. Jego grą zachwycony był skaut Chicago Bulls, którego wysłał śp. Jerry Krause. W efekcie Scottie Pippen został wybrany z numerem piątym w pierwszej rundzie draftu w 1987 roku przez Seattle SuperSonics, a następnie oddany do ekipy z Wietrznego Miasta za Oldena Polynice’a. Jak się później okazało, był to genialny manewr ze strony włodarzy Bulls.


Sen Scottiego o grze w najlepszej koszykarskiej lidze świata się spełnił. Pippen dostał się do świata NBA, dzięki czemu był w stanie pomagać finansowo rodzinie. Odegrał też ogromną rolę w drodze na szczyt Michaela Jordana i okazał się brakującym elementem w budowie potęgi Chicago Bulls. To on dał sobie radę z kryciem Magica Johnsona w finałach w 1991 roku. To on wziął na plakat potężnego Patricka Ewinga z New York Knicks w meczu numer 6 półfinału Konferencji Wschodniej w 1994 roku. Wreszcie to on pomógł postawić Toniemu Kukočowi kropkę nad i w finałach z Utah Jazz w 1997 roku. Sukcesy Jego Powietrzności i Chicago Bulls w ostatniej dekadzie XX wieku były nierozerwalnie związane z koszykarzem zakładającym trykot z numerem 33.


Bohater, który nie nosił peleryny, po ponad trzydziestu latach postanowił szczerze opowiedzieć o karierze w NBA i podzielić się z czytelnikami anegdotami z szatni Chicago Bulls. Odniósł się również do swoich relacji z Michaelem Jordanem, Philem Jacksonem, Dennisem Rodmanem i innymi zawodnikami Byków. Co więcej, nie pozostawił suchej nitki na bijącym rekordy oglądalności na Netflixie serialu dokumentalnym Ostatni taniec.


Czy Scottie Pippen spalił za sobą mosty? A może ujawnił niewygodną prawdę na temat Michela Jordana i Phila Jacksona? Odpowiedź na to pytanie znajdziecie w książce pt. Scottie Pippen. Bez krycia. 


Opinie o książce ""Scottie Pippen. Bez krycia"":


„Świetnie się stało, że historia wielkiej drużyny Chicago Bulls doczekała się opowieści z punktu widzenia Scottiego Pippena. W ostatnich latach była przedstawiana publicznie głównie oczami Michaela Jordana, a przecież ten duet wygrywał tylko razem. Jest ciekawie, jest kontrowersyjnie, ale to dobrze!""
Jakub Wojczyński, „Przegląd Sportowy”


„Historia NBA opiera się na legendach. Ale legendy nie osiągnęłyby wiele, gdyby nie ich pomocnicy. Bez krycia to książka o byciu „wiecznie drugim”, ewolucji z pomocnika legendy NBA do jednego z najlepszych obrońców w historii NBA. To opowieść człowieka, który odegrał niepowtarzalną rolę w sukcesach Bulls w złotych latach 90. To też solidny kawałek anegdot niezwiązanych z parkietem, ale mówiących o tym, kim jest Scottie Pippen.""
Michał Górny, Podcast Specjalny / Świat Koszykówki


„Kultowy już dokument Ostatni taniec przyniósł nie tylko ekscytację i powrót do magicznych lat 90., ale i sporą porcję negatywnych emocji. Scottie Pippen w bardzo bezpośredni sposób przedstawia nie tylko swoją historię, ale i ciemne, momentami przykre momenty pięknej dynastii Chicago Bulls. Ta książka w sposób bezpośredni opisuje czytelnikowi, że sukces Byków, to nie tylko sześć mistrzowskich pierścieni, ale też dziesiątki popełnionych błędów, żal i rozczarowanie.""
Marcin Więckowski, Chicago Bulls Polska


„Jeśli kiedykolwiek myśleliśmy, że Scottie Pippen z dumą nosił miano drugiej najważniejszej persony mistrzowskiej ekipy Chicago Bulls, to ta książka wyprowadzi nas z błędu. Bez krycia to opowieść człowieka, którego praca nigdy nie została w pełni doceniona.""
Łukasz Szwonder, KEEPTHEBEAT


„Nie jest to bynajmniej Mistrz i Małgorzata, ale tak samo jak w dziele Bułhakowa mamy tu do czynienia z kilkupoziomową opowieścią, którą warto czytać „między wierszami”. Ciekawi, śmieszy, czasami aż chce się przekląć na niektóre tezy Scottiego. W gruncie rzeczy to bolesna historia człowieka dotkniętego przez życie, wybitnego koszykarza, arcyważnej postaci sześciu mistrzowskich drużyn Bulls, który nie do końca umiał pokierować sobą samym w życiu prywatnym.""
Karol Śliwa, Karol Mówi


„Podpora Chicago Bulls opowiada wszystko – a nawet więcej. Pippen sprawiedliwie opisuje również świat poza koszykówką: »Niezależnie od tego, ile zdobyłem tytułów mistrzowskich i ile milionów zarobiłem, nigdy nie zapomnę o tym, jaki mam kolor skóry, i o tym, że niektórzy ludzie właśnie z tego powodu mnie nienawidzą«”
Kirkus


„Pippen przedstawia intrygującą wersję historii jednej z największych dynastii w NBA, swojej młodości jako jednego z dwanaściorga rodzeństwa w rodzinie naznaczonej tragedią oraz nieprawdopodobnej wspinaczki na koszykarski szczyt. Możecie się spodziewać, że wszyscy dziennikarze sportowi zapłaczą rzewnymi łzami, kiedy ta książka trafi w końcu na półki.""
Booklist


Biogram 
Scottie Pippen
:


Rozegrał 17 sezonów w NBA, zdobył sześć tytułów mistrzowskich i dwa złote medale olimpijskie. W 1996 roku został uhonorowany wyborem do panteonu 50 najlepszych koszykarzy w historii NBA, a w 2021 roku do grona 75 najlepszych. Jest jedynym koszykarzem, który dwukrotnie w tym samym roku zdobywał mistrzostwo NBA i olimpijskie złoto. W 2010 roku został wybrany do koszykarskiej Galerii Sław imienia Naismitha. Mieszka dziś w okolicy Los Angeles, możecie go śledzić na Facebooku, Instagramie i Twitterze: @ScottiePippen.
Biogram 
Michael Arkush
:


Napisał albo był współautorem 15 książek, między innymi bestsellerów „New York Timesa” 
Za trzy
 (razem z Rayem Allenem) i 
The Big Fight
 (razem z Sugar Rayem Leonardem). Wcześniej pracował jako dziennikarz w „Los Angeles Timesie”. Mieszka z żoną, Paulettą Walsh, w Oak View w Kalifornii.


 


Szczegóły:


Autor: 
Michael Arkush Scottie Pippen
Tytuł polskiego wydania: Scottie Pippen. Bez krycia
Tytuł oryginału: Unguarded
Autor książki: Scottie Pippen, Michael Arkush
Tłumaczenie: Michał Rutkowski, Tymon Rutkowski
ISBN: 9788382106107
Format: 145 x 205 mm
Data wydania: 23 lutego 2022
Liczba stron: 464
Okładka Twarda"
Akcesoria koszykarskie,Książki o koszykówce;1;Książka Ray Allen. Za trzy. Moja podróż przez życie i grę, którą kocham;Wydawnictwo SQN;35.00;1;100;https://sklepkoszykarski.pl/userdata/public/gfx/6279/Ksiazka-Ray-Allen.-Za-trzy.-Moja-podroz-przez-zycie-i-gre%2C-ktora-kocham.jpg;"W książce sportowej „Za trzy” znajdziesz:


- zabawne historie i anegdoty z parkietów NBA;
- sekrety treningu Raya Allena i wielu innych kapitalnych koszykarzy;
- przepis na pozostanie normalnym człowiekiem wśród gwiazd.


Ray Allen to nie tylko wybitny koszykarz, dwukrotny mistrz NBA i absolutny mistrz rzutów za trzy punkty, ale także aktor, przedsiębiorca, a przede wszystkim wspaniały człowiek, inteligentny i z niezwykłą kulturą pracy.


W swojej autobiografii były zawodnik Boston Celtics, Miami Heat, Milwaukee Bucks czy Seattle Supersonics pokazuje swoją prawdziwą twarz. Na przykładzie legendy NBA doskonale widać, że do 
Hall of Fame
 nie trafia się przypadkowo. Tysiące godzin spędzone na treningach i odpowiednio ułożone priorytety pozwoliły mu osiągnąć szczyt.


W „Za trzy” Allen nie tylko zdradza tajemnice swojego treningu, ale też opowiada zabawne anegdoty z osiemnastu długich lat spędzonych w NBA wśród największych gwiazd, zarówno jeśli chodzi o wybitnych zawodników, jak i charyzmatycznych trenerów.


Przy tej książce nie da się nudzić!


 


Opis z okładki książki sportowej:


Świat NBA według Raya Allena. Poznaj historię rekordzisty w rzutach za trzy punkty!


Grając w NBA przez osiemnaście lat, zdobywał mistrzostwa w barwach Boston Celtics i Miami Heat. Dzięki swojej ciężkiej pracy i zmysłowi do trafiania z dystansu zdobył także coś znacznie cenniejszego – szacunek fanów koszykówki na całym świecie.


W swojej autobiografii Ray Allen pochyla się nad własnym życiem i karierą, opowiadając zakulisowe historie i dzieląc się przemyśleniami na temat gry, która pochłonęła go bez reszty. Z tej książki dowiesz się między innymi o jego złodziejskim wybryku, panicznym strachu trenera Bucks przed jednym z zawodników czy zachowaniu Kevina Garnetta wobec młodych zawodników.


Ray-Ray trafiał „trójki” z niespotykaną skutecznością. Jako autor „Za trzy” na pewno trafi też do ciebie.


 


Opinie o książce koszykarskiej:




Podczas mojej gry w NBA miałem okazję podziwiać jego nieustępliwość i chłodną głowę, a także mądrość i niezwykły profesjonalizm. Jeden z najlepszych zawodników, którzy kiedykolwiek grali w koszykówkę. Ta książka pokazuje, jaki był naprawdę. Pozycja obowiązkowa!
Maciej Lampe


 


Ray Allen to zawodnik, przeciwko któremu miałem okazję grać podczas studiów w Providence College, a raczej on grał, a ja podziwiałem jego wielki talent, niezawodną rękę i mocną psychikę. Jako fan Boston Celtics bardzo cieszyłem się grą Raya w zielonej koszulce z numerem 20! Dzięki tej wspaniałej książce poznacie życie i karierę tego wielkiego gracza, a także lepiej zrozumiecie koszykówkę. Zdecydowanie polecam!
Maciej Zieliński


 


Ta książka przywołała masę wspaniałych wspomnień. Występuje w niej wielu zawodników, z którymi miałem przyjemność dzielić szatnię podczas swojej przygody w NBA. Z Rayem Allenem spotkałem się na parkiecie, gdy moja drużyna Phoenix Suns grała przeciwko jego Seattle SuperSonics. Sam mecz przegraliśmy, ale spotkanie z mistrzem rzutów za trzy punkty będę pamiętać do końca życia. Serdecznie polecam!
Cezary Trybański


 


„Życie i twórczość” człowieka, którego rzut był jedną z najdoskonalszych technicznie rzeczy, jakie pamięta historia koszykówki. Ray-Ray straszył przeciwników „trójkami”, kiedy jeszcze nie było to tak nagminne, jak w dzisiejszej NBA, i po dziś dzień jest liderem klasyfikacji wszech czasów, jeśli chodzi o liczbę celnych rzutów za trzy punkty. Ta książka to nie tylko opis drogi Allena do panteonu najlepszych snajperów w historii gry. To również przybliżenie jego życia poza parkietem, które często było nie mniej interesujące niż jego kariera w NBA!
Karol Śliwa i Michał Górny
Podcast Specjalny, blog Karol Mówi / blog Świat Koszykówki


 


Gdybyście kiedykolwiek spotkali Raya Allena, nie mówcie mu, że jego rzut jest darem od Boga. To zbyt duże uproszczenie. Ciężka praca, rutyna i perfekcjonizm. Oto ojcowie sukcesu dwukrotnego mistrza NBA i jednego z najbardziej skupionych i zimnokrwistych strzelców zza łuku w historii. Biografia przedstawia nie tylko przebieg jego kariery, ale i multum spostrzeżeń na temat koszykówki – oczywiście celnych.
Łukasz Szwonder, Keepthebeat


 


Po tym, jak Ray Allen oddał najważniejszy rzut w karierze i uratował Finały NBA dla Miami Heat, dziennikarze pytali go, o czym myślał. Allen nie myślał, on po prostu był gotowy. Przygotowywał się do tego rzutu przez całe życie. Wykazał się ogromną odwagą. Był gotowy wziąć na siebie odpowiedzialność. O tym właśnie jest ta książka – o braniu odpowiedzialności i byciu gotowym, kiedy przychodzi życiowa szansa.
Michał Pacuda, PROBASKET


 


Biogram autora:


Walter Ray Allen to amerykański koszykarz występujący na pozycji rzucającego obrońcy. Mistrz olimpijski z 2000 roku. Mistrz NBA wraz z Boston Celtics w sezonie 2007/2008 i z Miami Heat w sezonie 2012/2013. Karierę w NBA zaczynał w Milwaukee Bucks, a oprócz Celtics i Heat, reprezentował jeszcze barwy Seattle Supersonics. W 2018 został włączony do Koszykarskiej Galerii Sławy im. Jamesa Naismitha. Otworzył fundację „Ray of Hope”, która pomaga biednym i głodującym dzieciom.


Michael Arkush jest nagradzanym dziennikarzem sportowym, który ma na swoim koncie 13 wydanych książek, między innymi o NBA, boksie czy popkulturze.


 


Autor: 
Ray Allen Michael Arkush
Tytuł polskiego wydania: Ray Allen. Za trzy
Tytuł oryginału: From the outside: My Journey Through Life and the Game I Love
Autor książki: Ray Allen, Michael Arkush
Tłumaczenie: Michał Rutkowski
ISBN: 978-83-8129-324-2
Data wydania: 24 kwietnia 2019
Format: 150 x 215 mm
Okładka miękka
Liczba stron: 328 tekst"
Akcesoria koszykarskie,Książki o koszykówce;1;LeBron S.A. Sportowiec wart miliard dolarów;Wydawnictwo SQN;44.90;1;100;https://sklepkoszykarski.pl/userdata/public/gfx/6280/LeBron-S.A.-Sportowiec-wart-miliard-dolarow.jpg;"W książce sportowej „Za trzy” znajdziesz:


- zabawne historie i anegdoty z parkietów NBA;
- sekrety treningu Raya Allena i wielu innych kapitalnych koszykarzy;
- przepis na pozostanie normalnym człowiekiem wśród gwiazd.


Ray Allen to nie tylko wybitny koszykarz, dwukrotny mistrz NBA i absolutny mistrz rzutów za trzy punkty, ale także aktor, przedsiębiorca, a przede wszystkim wspaniały człowiek, inteligentny i z niezwykłą kulturą pracy.


W swojej autobiografii były zawodnik Boston Celtics, Miami Heat, Milwaukee Bucks czy Seattle Supersonics pokazuje swoją prawdziwą twarz. Na przykładzie legendy NBA doskonale widać, że do 
Hall of Fame
 nie trafia się przypadkowo. Tysiące godzin spędzone na treningach i odpowiednio ułożone priorytety pozwoliły mu osiągnąć szczyt.


W „Za trzy” Allen nie tylko zdradza tajemnice swojego treningu, ale też opowiada zabawne anegdoty z osiemnastu długich lat spędzonych w NBA wśród największych gwiazd, zarówno jeśli chodzi o wybitnych zawodników, jak i charyzmatycznych trenerów.


Przy tej książce nie da się nudzić!


 


Opis z okładki książki sportowej:


Świat NBA według Raya Allena. Poznaj historię rekordzisty w rzutach za trzy punkty!


Grając w NBA przez osiemnaście lat, zdobywał mistrzostwa w barwach Boston Celtics i Miami Heat. Dzięki swojej ciężkiej pracy i zmysłowi do trafiania z dystansu zdobył także coś znacznie cenniejszego – szacunek fanów koszykówki na całym świecie.


W swojej autobiografii Ray Allen pochyla się nad własnym życiem i karierą, opowiadając zakulisowe historie i dzieląc się przemyśleniami na temat gry, która pochłonęła go bez reszty. Z tej książki dowiesz się między innymi o jego złodziejskim wybryku, panicznym strachu trenera Bucks przed jednym z zawodników czy zachowaniu Kevina Garnetta wobec młodych zawodników.


Ray-Ray trafiał „trójki” z niespotykaną skutecznością. Jako autor „Za trzy” na pewno trafi też do ciebie.


 


Opinie o książce koszykarskiej:




Podczas mojej gry w NBA miałem okazję podziwiać jego nieustępliwość i chłodną głowę, a także mądrość i niezwykły profesjonalizm. Jeden z najlepszych zawodników, którzy kiedykolwiek grali w koszykówkę. Ta książka pokazuje, jaki był naprawdę. Pozycja obowiązkowa!
Maciej Lampe


 


Ray Allen to zawodnik, przeciwko któremu miałem okazję grać podczas studiów w Providence College, a raczej on grał, a ja podziwiałem jego wielki talent, niezawodną rękę i mocną psychikę. Jako fan Boston Celtics bardzo cieszyłem się grą Raya w zielonej koszulce z numerem 20! Dzięki tej wspaniałej książce poznacie życie i karierę tego wielkiego gracza, a także lepiej zrozumiecie koszykówkę. Zdecydowanie polecam!
Maciej Zieliński


 


Ta książka przywołała masę wspaniałych wspomnień. Występuje w niej wielu zawodników, z którymi miałem przyjemność dzielić szatnię podczas swojej przygody w NBA. Z Rayem Allenem spotkałem się na parkiecie, gdy moja drużyna Phoenix Suns grała przeciwko jego Seattle SuperSonics. Sam mecz przegraliśmy, ale spotkanie z mistrzem rzutów za trzy punkty będę pamiętać do końca życia. Serdecznie polecam!
Cezary Trybański


 


„Życie i twórczość” człowieka, którego rzut był jedną z najdoskonalszych technicznie rzeczy, jakie pamięta historia koszykówki. Ray-Ray straszył przeciwników „trójkami”, kiedy jeszcze nie było to tak nagminne, jak w dzisiejszej NBA, i po dziś dzień jest liderem klasyfikacji wszech czasów, jeśli chodzi o liczbę celnych rzutów za trzy punkty. Ta książka to nie tylko opis drogi Allena do panteonu najlepszych snajperów w historii gry. To również przybliżenie jego życia poza parkietem, które często było nie mniej interesujące niż jego kariera w NBA!
Karol Śliwa i Michał Górny
Podcast Specjalny, blog Karol Mówi / blog Świat Koszykówki


 


Gdybyście kiedykolwiek spotkali Raya Allena, nie mówcie mu, że jego rzut jest darem od Boga. To zbyt duże uproszczenie. Ciężka praca, rutyna i perfekcjonizm. Oto ojcowie sukcesu dwukrotnego mistrza NBA i jednego z najbardziej skupionych i zimnokrwistych strzelców zza łuku w historii. Biografia przedstawia nie tylko przebieg jego kariery, ale i multum spostrzeżeń na temat koszykówki – oczywiście celnych.
Łukasz Szwonder, Keepthebeat


 


Po tym, jak Ray Allen oddał najważniejszy rzut w karierze i uratował Finały NBA dla Miami Heat, dziennikarze pytali go, o czym myślał. Allen nie myślał, on po prostu był gotowy. Przygotowywał się do tego rzutu przez całe życie. Wykazał się ogromną odwagą. Był gotowy wziąć na siebie odpowiedzialność. O tym właśnie jest ta książka – o braniu odpowiedzialności i byciu gotowym, kiedy przychodzi życiowa szansa.
Michał Pacuda, PROBASKET


 


Biogram autora:


Walter Ray Allen to amerykański koszykarz występujący na pozycji rzucającego obrońcy. Mistrz olimpijski z 2000 roku. Mistrz NBA wraz z Boston Celtics w sezonie 2007/2008 i z Miami Heat w sezonie 2012/2013. Karierę w NBA zaczynał w Milwaukee Bucks, a oprócz Celtics i Heat, reprezentował jeszcze barwy Seattle Supersonics. W 2018 został włączony do Koszykarskiej Galerii Sławy im. Jamesa Naismitha. Otworzył fundację „Ray of Hope”, która pomaga biednym i głodującym dzieciom.


Michael Arkush jest nagradzanym dziennikarzem sportowym, który ma na swoim koncie 13 wydanych książek, między innymi o NBA, boksie czy popkulturze.


 


Autor: 
Ray Allen Michael Arkush
Tytuł polskiego wydania: Ray Allen. Za trzy
Tytuł oryginału: From the outside: My Journey Through Life and the Game I Love
Autor książki: Ray Allen, Michael Arkush
Tłumaczenie: Michał Rutkowski
ISBN: 978-83-8129-324-2
Data wydania: 24 kwietnia 2019
Format: 150 x 215 mm
Okładka miękka
Liczba stron: 328 tekst"
Akcesoria koszykarskie,Książki o koszykówce;1;Chicago Bulls. Historie prosto z szatni legendarnych Byków (wydanie II);Wydawnictwo SQN;37.90;1;100;https://sklepkoszykarski.pl/userdata/public/gfx/05d4951d7903c62f5d0096c217a720a5.jpg;"Historie prosto z szatni legendarnych Byków. 
Zajrzyj za kulisy najlepszej drużyny w historii NBA!


Wyobraź sobie, że znajdujesz się w szatni Chicago Bulls tuż po zdobyciu przez Byki mistrzostwa. Że w kasynie w Las Vegas grasz w kości z samym Dennisem Rodmanem. Że rozmawiasz przy piwie z Michaelem Jordanem, który przed chwilą zdobył 69 punktów. Że widzisz, jak Scottie Pippen w trakcie meczu rzuca krzesłem.


To wszystko przeżył autor tej książki. Jako akredytowany dziennikarz towarzyszył Bykom przez 11 lat – miał dostęp do ich szatni, spotykał się z zawodnikami prywatnie, z niektórymi nawet się zaprzyjaźnił. Stał się niemal częścią legendarnej drużyny, która w latach 1991–1998 aż sześć razy sięgała po mistrzostwo NBA i trwale zapisała się w historii koszykówki.


W tej książce Kent McDill dzieli się opowieściami, które nie ujrzały dotychczas światła dziennego. Chicago Bulls. Gdyby ściany mogły mówić ukazuje legendarny zespół Chicago Bulls z zupełnie nowej, nieznanej perspektywy. I pozwala zrozumieć, na czym polegał jego fenomen.


Żaden fan koszykówki nie może przejść obok tej lektury obojętnie!


***


Wydawać by się mogło, że nic więcej nie da się napisać na temat czasów świetności drużyny z Wietrznego Miasta. Nic bardziej mylnego! Chicago Bulls. Gdyby ściany mogły mówić to książka pełna anegdot, ciekawostek i wszelkiego rodzaju smaczków, które mogą wprawić w osłupienie nawet najwierniejszych kibiców jednej z najbardziej rozpoznawalnych drużyn w historii NBA.
Michał Górny, „MVP Magazyn”


Wiele razy marzyłem o tym, by móc posłuchać rozmów koszykarzy Chicago Bulls w szatni. Chciałem się na własnej skórze przekonać, jak Michael Jordan ruga kolegów z drużyny. Byłem ciekaw, jak Phil Jackson motywuje swoich graczy.  Zastanawiałem się, jak można poskromić Dennisa Rodmana i jak Scottie Pippen znosił bycie w cieniu MJ-a. Książka Kenta McDilla dała wyczerpujące odpowiedzi na nurtujące mnie przez lata pytania. Nie przeczytać – grzech. Przeczytać – obowiązek.
Tomasz Gawędzki, NBAHistoria.pl


Ta książka stanie się świętością na półkach wielu kibiców NBA w Polsce. Bulls z Michaelem Jordanem byli zjawiskiem daleko wykraczającym poza sport.  Autor zabiera nas w niedostępne wcześniej miejsca, pokazuje kulisy zdarzeń, których echa docierały do nas przez lata. Do tej pory nie było publikacji, która wyszła spod pióra człowieka tak blisko związanego z tym klubem.
Karol Śliwa, blog Karol Mówi…


Kent McDill miał pracę marzeń – podróżował z drużyną NBA jako dziennikarz. Poznał zawodników i trenerów, zwyczaje oraz zasady panujące w najlepszej lidze świata. A 25 lat temu była ona zupełnie inna niż ta, którą znamy dziś z Facebooka i YouTube’a. Dzięki tej książce poznacie z bliska legendarny zespół Chicago Bulls i Michaela Jordana. Wielu z Was wrócą wspomnienia z lat dzieciństwa, kiedy tak pasjonowaliśmy się NBA.
Michał Pacuda, ProBasket


BIOGRAM
Kent McDill – dziennikarską przygodę rozpoczął w 1978 roku. Dziennikarz „Daily Herald” oddelegowany do pisania o Chicago Bulls, który w latach 1988–1999 miał codzienny dostęp do drużyny Byków. Jako jedyny był w tej roli świadkiem wszystkich sześciu mistrzowskich tytułów NBA, które drużyna Chicago Bulls zdobyła w latach 90.
Autor:
Kent McDill
Tytuł polskiego wydania: Chicago Bulls. Gdyby ściany mogły mówić
Tytuł oryginału: Chicago Bulls. If these Walls Could Talk
Autor książki: Kent McDill
Tłumaczenie: Michał Rutkowski
ISBN: 9788379245390
Format: 145 x 205 mm
Data wydania: 23 listopada 2016
Liczba stron: 320
Okładka Miękka"
Akcesoria koszykarskie,Książki o koszykówce;1;Grać i wygrać. Michael Jordan i świat NBA;Wydawnictwo SQN;37.50;1;100;https://sklepkoszykarski.pl/userdata/public/gfx/f2345dcc785239e4cc27d33287ce96dd.jpg;"Nowe, rozszerzone wydanie kultowej biografii 
Michaela Jordana
!


Kiedy Włodzimierz Szaranowicz wypowiadał słynne: „Hej, hej, tu NBA!”, na koszykarskich parkietach panowali Michael Jordan i jego Chicago Bulls. Przenieś się do magicznego świata lat 90. i przeżyj raz jeszcze wspaniałą erę Króla Koszykówki!
Skąd wziął się wysunięty język, który stał się znakiem rozpoznawczym Jego Powietrzności? Który z rywali wym
iotował na myśl o kryciu Jordana? Czy Pippen umyślnie przeciągał kontuzję? Którego zawodnika Krause nazwał „mięśniakiem z getta”?


David Halberstam przepytał setki osób, by jak najwierniej przedstawić historię MJ-a, jego kolegów, trenerów, rywali… Stworzył kompletny portret nie tylko najlepszego gracza w dziejach, ale także rosnącej w siłę NBA, idealnie oddając klimat opisywanych czasów. Wzbogacona o niepublikowane dotąd w Polsce fragmenty książka to pozycja obowiązkowa dla wszystkich, którzy z sentymentem wspominają TAMTĄ erę. Erę Michaela Jordana.


***
 
Fani koszykówki o Jordanie wiedzą wszystko, ale czy na pewno? Lektura tej książki pozwoliła mi poczuć się jak przyjaciel i powiernik idola początku mej komentatorskiej przygody. Prezentuje nie tylko sukcesy na parkiecie, ale i człowieka z jego problemami i nie zawsze przychylnym otoczeniem. Tego nie znajdziecie w internecie.
Ryszard Łabędź, TVP Sport


W 2014 roku Michael Jordan, najlepszy koszykarz w historii i największa sportowa osobowość wszech czasów, stał się pierwszym miliarderem wśród byłych zawodników NBA. Błyskotliwa biografia Davida Halberstama pozwoli nam zrozumieć, jak mogło do tego dojść. Grać i wygrać to obowiązkowa lektura nie tylko dla kibiców NBA, ale i dla adeptów biznesu i zarządzania.
 
Michał Rutkowski, Supergigant.pl


„Jego talent miał moc zmieniania sportu w rodzaj sztuki. Otrzymał dar stawiający go na równi z Michałem Aniołem”. David Halberstam zabiera nas w sentymentalną podróż do czasów, kiedy 20 lat temu podziwialiśmy Michaela Jordana. Dziś możemy spojrzeć na jego historię, ale także na nas samych, z innej perspektywy.
Michał Pacuda, PROBASKET


Książka jest niesamowitym wehikułem czasu, takim DeLoreanem z Powrotu do przyszłości, który zabierze Was w fascynującą podróż do świata NBA z lat 80. i 90. Ukazany został pełny obraz legendy Michaela Jordana, najlepszego zawodnika w historii koszykówki. Krok po kroku możemy prześledzić, jak wielki wpływ miał MJ na rozwój ligi i profesjonalny sport w USA. Nie może tej pozycji zabraknąć na półce fana NBA.
Tomasz Gawędzki, NBAHistoria.pl


David Halberstam, legenda amerykańskiego dziennikarstwa, zaprasza nas w sentymentalną podróż w czasie do świata z raczkującym internetem, bez mediów społecznościowych. Ta książka napisana jest w innym stylu niż dzisiejsze biografie. To stara, dobra szkoła dziennikarstwa, którą trzeba poznać.
 
Karol Śliwa, blog Karol Mówi…"
Akcesoria koszykarskie,Książki o koszykówce;1;Iverson. Życie to nie gra;Wydawnictwo SQN;37.90;1;100;https://sklepkoszykarski.pl/userdata/public/gfx/f2d7f10f2b3c7fbe0722e8d033bbbb0c.jpg;"Niesamowity sukces i niewiarygodny upadek złotego dziecka koszykówki.


Syn alkoholiczki i recydywisty, który życia uczył się na niebezpiecznych ulicach Wirginii. Nie miał łatwego dzieciństwa, miał za to coś innego – wyjątkowy talent do koszykówki.


Był sportowym fenomenem. Unikał ciężkich treningów i przedmeczowych rozgrzewek, a w szatni zajadał się stekiem z frytkami, popijając je sprite’em. A potem wychodził na parkiet i zdobywał 50 punktów, ośmieszając przy tym samego Michaela Jordana.


Biografia Allena Iversona, jednego z najlepszych koszykarzy NBA przełomu wieków, to opowieść o tym, jak z dna dostać się na sam szczyt. I trafić z powrotem do piekła, przepuszczając po drodze ponad 150 milionów dolarów.


***


Iversona podziwiałem jako dziecko. Wszyscy chcieli robić „crossovery” tak jak on. Dlatego sięgnąłem po jego biografię sportową – i choć wszystkie historie gwiazd NBA są ciekawe, to ta jest po prostu niepowtarzalna. Gorąco polecam!
Adam Waczyński


Na boisku Allen Iverson wkręcał rywali zwodami, w życiu to on dał się wkręcić. Bo życie to nie gra, co świetnie opisał Kent Babb. 
Łukasz Cegliński,
dziennikarz sportowy


Allen Iverson to z pewnością jeden z najbardziej utalentowanych koszykarzy przełomu wieków, ale jednocześnie postać tragiczna. Pozostaje nam gdybać, jak wielkim zostałby zawodnikiem, gdyby lepiej poradził sobie z własnym sukcesem. Historia jego upadku jest równie interesująca, jak historia jego drogi na szczyt.
Jakub Wojczyński, „Przegląd Sportowy”


Mordercze treningi? Ciężka praca? Zapomnijcie! Allen Iverson grał w kosza i żył według własnych zasad. Tylko jego upadek był podobny do wielu innych. „Życie to nie gra” to opowieść o jednym z najlepszych koszykarzy NBA, który poza parkietem pozostał zagubionym dzieciakiem.
 
Krzysztof Sendecki, dziennikarz radia TOK FM


Autor w bezkompromisowy i niewygodny dla wielu ludzi sposób odsłania kulisy życia koszykarza, który miał wielkie serce do gry i za wszelką cenę chciał być najlepszym i zwyciężać. Nie można było ignorować Allena Iversona, ani na parkiecie, ani poza nim, nie można też zignorować tej książki.
Szczepan Radzki, dziennikarz sportowy, twórca bloga kolekcjonerbutow.pl
 
Szczera, wręcz intymna opowieść o jednym z najbardziej znanych i kontrowersyjnych zawodników NBA. Nawet jeśli Allen Iverson nie jest Twoim ulubionym koszykarzem, to książka Kenta Babba pomoże ci zrozumieć, co w czasie swojej zawodowej kariery i po jej zakończeniu przeszedł AI.
 
Michał Górny, „MVP Magazyn”


BIOGRAM


Allen Iverson (ur. 7 czerwca 1975 r.)
Amerykański koszykarz występujący na pozycji rzucającego obrońcy lub rozgrywającego. W latach 1996–2007 zawodnik Philadelphia 76ers, później występował w Denver Nuggets, Detroit Pistons i Memphis Grizzlies. MVP sezonu zasadniczego NBA w 2001 r., jedenastokrotny uczestnik i dwukrotny MVP Meczu Gwiazd NBA. W sezonie 2009/2010 powrócił do Filadelfii, by rok później wyjechać do Turcji, gdzie w barwach Beşiktaşu rozegrał swoje ostatnie spotkania w zawodowej karierze. 30 października 2013 r. ogłosił zakończenie przygody z koszykówką.


Kent Babb
 
Dziennikarz sportowy piszący dla „Washington Post”. Nagradzany osiem razy przez Associated Press Sports Editors. Jego tekst o warunkach pracy w głównym biurze drużyny NFL Kansas City Chiefs w 2013 r. otrzymał nominację w plebiscycie The Best American Sports Writing."
Akcesoria koszykarskie,Książki o koszykówce;1;Książka Adam Wójcik - Rzut bardzo osobisty;Wydawnictwo SQN;37.90;1;100;https://sklepkoszykarski.pl/userdata/public/gfx/588f6a8f25d65dd9c6aeb7836fd4d6c9.jpg;"Adam Wójcik. Rzut bardzo osobisty
Autor:
  Jacek Antczak
Liczba stron:
  384 + wkładka zdjęciowa
Data wydania:
 11 września 2013
ISBN:
 978-83-7924-072-2


Adamie Wójciku
, pt. 
Rzut bardzo osobisty
. Autorem jest wrocławski dziennikarz i autor książek – 
Jacek Antczak
. 
Adam Wójcik zasłużył na swoją biografię bardziej niż którykolwiek polski koszykarz. Był pierwszym Polakiem, który mógł zagrać w NBA, wielokrotnie reprezentował nasz kraj, a jako zawodowy koszykarz grał w trzynastu klubach w Polsce i zagranicą. 
Rzut bardzo osobisty
 to jednak nie tylko opis wydarzeń z boisk i chronologiczna biografia zawodnika, ale przede wszystkim doskonały reportaż z koszykówką w tle. 


Gdy z reprezentacją Polski byliśmy na Tajwanie, próbowaliśmy porwać autobus i pojechać do miasta. W Śląsku Wrocław, gdy któregoś z nas rywal sfaulował, karę za kolegę zawsze wymierzał gościowi ten drugi - czyli Adam lub ja
.
 
– Maciej Zieliński, prezes WKS Śląsk Wrocław, były koszykarz
.


Pierwsza biografia polskiego koszykarza to niezwykła opowieść o karierze i życiu tego wspaniałego sportowca. To „książka – mecz”, zawierający mnóstwo anegdot barwny reportaż, w którym o 30 latach kariery ikony polskiego basketu opowiada sam Adam Wójcik, jego najbliżsi, przyjaciele, kibice, dziennikarze, wspaniali koszykarze i najlepsi trenerzy. To niezwykła, pełna przygód podróż z PRL-u do wolnej Polski, z Oławy do Wrocławia przez Stany Zjednoczone, Hiszpanię, Grecję i Włochy. To dziesiątki opisów dramatycznych meczów, które przeszły do historii, i szczere opowieści o kulisach, wzlotach, triumfach oraz upadkach i porażkach legendy polskiej koszykówki.


Adam Wójcik -
 (ur. w 1970 w roku w Oławie), były koszykarz. Karierę rozpoczął w Gwardii Wrocław, w latach 1987-2012 reprezentował barwy trzynastu czołowych klubów w Polsce i zagranicą (Belgia, Grecja, Hiszpania, Włochy). W prestiżowej Eurolidze grał 8 lat z pięcioma klubami a zadebiutował w tych rozgrywkach, jako pierwszy Polak, w 1996 r. ze Spirou Charleroi. Barwy narodowe reprezentował 149 razy, cztery razy był uczestnikiem mistrzostw Europy, zdobył osiem tytułów Mistrza Polski i mistrzostwo Belgii, wielokrotnie nagradzany tytułem MVP polskiej ekstraklasy, 11-krotnie wybierany do Meczu Gwiazd. Najlepszy strzelec w historii Polskiej Ligi Koszykówki z wynikiem 10087 punktów. W roku 2012 zakończył karierę w barwach Śląska Wrocław. Obecnie jest asystentem trenera reprezentacji Polski.


Informacja o autorze:


Jacek Antczak – 
reporter, felietonista, autor piosenek, maratończyk. Wrocławianin urodzony w Kaliszu, o kilka miesięcy starszy od Adama Wójcika. Zaczynał w „Gazecie Wyborczej”, był reporterem Radia Kolor, Telewizji Wrocław i „Słowa Polskiego”, obecnie pracuje w „Gazecie Wrocławskiej”. Za swoje reportaże otrzymał wiele wyróżnień, w tym prestiżową nagrodę Stowarzyszenia Dziennikarzy Polskich (1999). W 2010 roku został uhonorowany Nagrodą im. Tadeusza Szweda dla Dziennikarza Roku na Dolnym Śląsku, a w 2011 nominowany do nagrody Grand Press. Jego reportaże ukazały się w zbiorze 
W Radwanicach najlepiej idą romanse
 (2004). Opublikował też książkę 
Reporterka
. 
Rozmowy z Hanną Krall
 (2007). W 2008 roku ukazał się zbiór wywiadów 
Wrocławianie
 (współautor Anna Fluder).
 




Fragment książki


3 lutego 2010 roku. Sala Kolumnowa w Sejmie. Stenogram z przesłuchania byłego wicepremiera rządu Rzeczypospolitej Polskiej. 


Poseł Jarosław Urbaniak (Platforma Obywatelska)
: Panie premierze, szef CBA, zeznając przed komisją, mówił, że część gości, która spędzała sylwestra w pensjonacie Szarotka w Zieleńcu, było zaproszonych przez pańską małżonkę. Mógłby się pan do tego ustosunkować?


Świadek Grzegorz Schetyna
: (…) Chodziło o Adama Wójcika, znanego koszykarza, kapitana reprezentacji Polski, wiele lat grającego w Śląsku Wrocław. I szkoda, że nikt z CBA nie sprawdził w Google, kto to jest Adam Wójcik, bo jeżeli spróbowałby to zrobić, toby wiedział, że to nie jest lokalny polityk, ale może wszystko przed nim. Na razie jest koszykarzem, który jest bardzo znany, jest najsłynniejszym polskim koszykarzem. 


Poseł Bartosz Arłukowicz (Lewica)
: I ten pan Wój… ten koszykarz, on chciał precyzyjnie jechać do tego ośrodka?


Grzegorz Schetyna
: Adam Wójcik. W związku z tym, że synowie państwa Wójcików jeździli na nartach, zależało im, żeby być w miejscu, które jest blisko wyciągu. I dlatego była prośba, że jeżeli zwolniłoby się miejsce, żeby zadzwonić do Adama Wójcika – to jest osoba powszechnie znana nie tylko we Wrocławiu, ale w Polsce, znany, najsłynniejszy polski koszykarz.


Poseł Beata Kempa (Prawo i Sprawiedliwość): 
Pani Wójcikowa poprosiła o taką interwencję, tak?


Grzegorz Schetyna
: Nie jest tak, że ktoś tu coś załatwiał, bo moja żona poprosiła, powiedziała o sprawie, a Adam Wójcik to jest…


Poseł Beata Kempa
: No tak, ale pan Wójcik nie interweniował w recepcji (…).


Grzegorz Schetyna
: Może ja bym powiedział tak, wie pani, Adam Wójcik jest kultową postacią i kultowym sportowcem…


Poseł Beata Kempa
: To wiemy…


Grzegorz Schetyna
: Ale proszę o jeszcze zdanie, jeśli pani pozwoli…


Poseł Beata Kempa
: … chylimy czoła.


Grzegorz Schetyna
: Przekażę…


 


1. RZUT OSOBISTY. URODZONY KOSZYKARZ (Wołyń, Dolny Śląsk, Oława, 1941–1970)


2 czerwca 1981 roku, Czechosłowacja. Mistrzostwa Europy, Polska wygrywa z Francją 102:90. Przeciwnicy są bezradni, Mieczysław Młynarski po prostu dziurawi kosz, zdobywając 33 punkty, Eugeniusz Kijewski dorzuca 20, Jerzy Binkowski 13, a Dariusz Zelig 6.


Adaśkowi nic te nazwiska nie mówią. Mimo to, choć w radzieckim rubinie, jak to w rubinie, trochę śnieży, siedzi przed telewizorem rozemocjonowany i z rozdziawioną buzią. To pierwszy mecz koszykówki, jaki widzi w życiu.


Podczas tamtych mistrzostw Polska przegrała z ZSRR, z Jugosławią oraz najważniejsze spotkanie – z Włochami – a po zwycięstwie z Francją, w meczu, który oglądał jedenastoletni Adam Wójcik, zajęła siódme miejsce.


Adaśkowi – jak nazywali go kumple z podwórka bloku przy ulicy Kasprowicza 14 w Oławie – nawet nie mogło przemknąć przez myśl, że niebawem ci sami zawodnicy, największe gwiazdy polskiego basketu, będą jego kolegami z koszykarskich parkietów: w klubach, w reprezentacji czy zespołach gwiazd. Że wkrótce dla Binkowskiego będzie robił zasłony, Zeliga blokował (albo Zelig jego) i że z Eugeniuszem Kijewskim najpierw będzie walczył o mistrzostwo Polski w jego ostatnim meczu w karierze, a potem przez kilkanaście lat będzie wykonywał jego polecenia w reprezentacji, Prokomie Treflu Sopot i w końcu w PBG Baskecie Poznań, gdzie przy nim pobije jego punktowy rekord Polski.
 


W czerwcu 1981 roku, tuż przed wakacjami, czwartoklasista z Szkoły Podstawowej nr 2 im. Jakuba Sobieskiego nie ma nawet pojęcia, że położony trzydzieści kilometrów od jego domu Wrocław jest stolicą dyscypliny sportu, która tak mu się spodobała. Nie przypuszcza również, że choć w jego rodzinnej Oławie nie ma żadnej drużyny koszykówki, to w pobliskiej metropolii grają najlepsi. Adaśko nie wie, że działa tam Wojskowy Klub Sportowy Śląsk Wrocław i próbująca mu dotrzymać kroku milicyjna „Gwardia”. Ba, nie wie nawet, że istnieje wielki, wybudowany w 1913 roku przez Niemców budynek o nazwie Hala Ludowa – świadek wystąpień Hitlera i Bieruta, koncertu Marleny Dietrich i popisów Harlem Globetrotters, a przede wszystkim największego sukcesu koszykówki męskiej – zdobycia srebrnego medalu mistrzostw Europy w 1963 roku. Adaśko nie ma pojęcia, że w tej samej Hali Ludowej już niebawem będzie grał i trenował, za kilka lat, w 1989 roku, po raz pierwszy wysłucha Mazurka Dąbrowskiego, a przez następne dwie dekady tysiące gardeł rozentuzjazmowanych kibiców wielokrotnie będzie skandowało jego imię i nazwisko – nawet wtedy, gdy nie pojawi się na parkiecie, lecz zasiądzie na trybunach z synkami i żoną. I tak będzie już zawsze, z apogeum w 2009 roku, gdy wybiegnie na parkiet jako „grająca legenda koszykówki”, a przy okazji kapitan reprezentacji podczas kolejnych mistrzostw Europy, rozgrywanych we Wrocławiu.


Ale na razie wciąż jest czerwiec 1981, Adam Wójcik jest Adaśkiem, a nie „Legendą”, „Air Oławą” czy „El Proffesore”. Jest Adaśkiem, który z kolegami z podwórka ogląda w domu mecz z Francją. I wcale nie myśli, że zostanie koszykarzem. „Zupełnie nie przyszło mi to do głowy. Za to po tym meczu oświadczyłem wszem i wobec, że mnie też będą pokazywać w telewizji. Tylko nie zdecydowałem jeszcze, czy jako piłkarza, kolarza, siatkarza czy może jednak koszykarza”, wspomina Adam Wójcik trzydzieści jeden lat później.


 


Jest luty 2012 roku, właśnie wrócił z treningu i w salonie swojego podwrocławskiego domu, na pięćdziesięciocalowym telewizorze, który zdecydowanie nie śnieży, ogląda mecz, a właściwie mecze. Najpierw Śląsk Wrocław – Legia Warszawa. Wraz z kolegami z koszykarskiego Śląska był zaproszony na trybuny nowego stadionu wybudowanego na Euro 2012, ale miał intuicję, że wyjazd nie jest najlepszym pomysłem. Został w domu i nie widział klęski wrocławian (0:4). A teraz jak zwykle, popijając kawę, zerka na potyczkę Prokomu Gdynia z Anwilem Włocławek. To silni skrzydłowi lubią najbardziej. Za chwilę może zagrać z którymś z tych zespołów w ostatnich w życiu play offach.


Adama w lutym 2012 roku akurat rzadko pokazują w telewizji, bo Śląsk Wrocław gra o play offy w dolnej połówce Tauron Basket Ligi, a takie mecze są mało interesujące zarówno dla stacji telewizyjnych, jak i dla kibiców, o czym „ośmiokrotny mistrz Polski, stuczterdziestodziewięciokrotny reprezentant Polski” napisał właśnie na swoim blogu w serwisie Tomasza Lisa. Ale to cisza przed burzą, bo kolejny, wielki, ale ostatni medialny festiwal Adama Wójcika rozpocznie się już za kilka dni, gdy będzie przekraczał granicę 10 000 punktów zdobytych w polskiej ekstraklasie. 


Kwiecień 1970 roku. Wybrzeże Gdańsk – Śląsk Wrocław – 69:68, Spójnia – Śląsk 81:83. Te wyniki w ostatnich meczach sezonu oznaczają, że wrocławska drużyna po raz drugi w historii została mistrzem Polski. Świętująca akurat dwudziestolecie istnienia Gwardia Wrocław kończy ten sezon w połowie stawki II ligi. Chwilę później reprezentacja Polski stawia duży opór w meczu towarzyskim z Jugosławią, która zaraz potem zostaje mistrzem świata.


W tym samym czasie, a dokładniej 20 kwietnia 1970 roku, o godzinie 8:15 w szpitalu powiatowym w Oławie na świat przychodzi Adam Wójcik. Jego mama, Helena, wówczas dwudziestodwuletnia, i tato Jerzy, który miał lat dwadzieścia dziewięć, ciepło wspominają tamten dzień, tym bardziej że, jak wynika z książeczki zdrowia Adama Wójcika, „przebieg okresu noworodkowego był prawidłowy”, a „stan dziecka po urodzeniu – dobry”.


„Adam jest oławianinem, ja urodziłam się 1 lipca 1948 roku w wiosce Chwarstnica pod Gryfinem, w województwie szczecińskim”, opowiada Helena Wójcik, z domu Baraniecka.


Dziadkowie Adama ze strony mamy przenieśli się tam po II wojnie światowej z miejscowości Obertyn w województwie stanisławowskim, czyli z Wołynia. „Do dzisiaj się ze mnie śmieją, że jestem szlachcianką z zagrody, bo, jak często chwalił się dziadek Adama, pochodzimy ze szlachty zaściankowej”, mówi Helena Wójcik.


W latach sześćdziesiątych Baranieccy przenieśli się z Chwarstnicy do podoławskiej wioski Siedlce. Nastoletnia Hela grała w szkolnej drużynie piłki ręcznej. „Bez sukcesów, ale jakieś kontakty ze sportem miałam, nawet przyjeżdżałyśmy z Siedlec na mecze do Oławy”. Kariery jednak nie kontynuowała.


Bardzo chciała się wyrwać z domu. Ojciec drugi raz się ożenił, mieli dziewięciohektarowe gospodarstwo i Helę wciąż gonili do roboty na roli. Chodziła do zawodówki rolniczej, ale nie widziała przed sobą perspektyw. „Myślałam o kontynuowaniu nauki, ale to były czasy, kiedy rodzice nie patrzyli na to przychylnym okiem”, wspomina. W 1965 roku była druhną na weselu kolegi. I wpadł jej w oko drużba – Jurek Wójcik, chłopak z Oławy. „Przystojny, wysoki, starszy ode mnie o siedem lat. Na dodatek miał pracę, no i przede wszystkim był z miasta. Pomyślałam sobie, że się mną zaopiekuje, zabierze do Oławy i będę panią. Do dzisiaj nie wiem, czy się zakochał, czy tylko chciał z tych Siedlec wyzwolić. Jurek, jak było?”, śmieje się Helena Wójcik. „I się zakochał, i chciał wyzwolić”, odpowiada mąż.


Jerzy, tato Adama, przyszedł na świat 18 lutego 1941 roku w Józefinie, wiosce w gminie Korzec w powiecie rówieńskim w województwie wołyńskim. Tuż po wojnie jego rodzice przyjechali na Dolny Śląsk, mieszkał więc w Oławie od czwartego roku życia.


W listopadzie 1965 roku, czyli pół roku po ślubie, na którym druhna Hela i drużba Jurek się poznali, sami zostali małżeństwem. Zamieszkali na sublokatorce, w pokoiku przy ulicy Nowej 3. Nie było lekko, więc Helena, gdy tylko skończyła osiemnaście lat, poszła do pracy. Trafiła do Zakładów Przetwórstwa Chemicznego „Erg”. Jerzy pracował jako spawacz w PKP Oława – aż do emerytury.


1 lipca 1967 roku urodził im się syn Marian, a dwa i pół roku później drugi – Adam. Po urodzeniu mierzył 53 centymetry i ważył 3600 gramów.


Kiedy zaczął trenować koszykówkę, w wieku trzynastu lat, miał 174 centymetry wzrostu. Z założonej wówczas już we Wrocławiu karty zdrowia sportowca wynika, że co trzy miesiące przybywało mu około 2 centymetrów. Na wadze przybierał jednak wolniej. W styczniu 1973 roku był już „metrowym chłopcem”, a w lipcu 1983, kiedy zaczął grać w koszykówkę, mierzył 175 centymetrów przy wadze zaledwie 48,7 kilograma. W kwietniu 1984, w dniu swoich czternastych urodzin, osiągnął 180 centymetrów i był cięższy o 5 kilo, co nadal nie było imponującym wynikiem. Gdy, jako piętnastolatka, mierzono Adama w Poradni Sportowo-Lekarskiej przy Alei Olimpijskiej 35 we Wrocławiu, miał już metr dziewięćdziesiąt. Ważył 64,3 kilograma. „Nie ma co ukrywać, był z niego straszny patyk”, przyznaje pierwszy trener Adama Krzysztof Walonis. „I dziwnie przy tym wyglądał, były nogi, a potem głowa, tułowia prawie nie miał”, dodają koledzy z pierwszej drużyny, w której grał.


„To fizjologia – mówi doktor Andrzej Czamara, rektor Wyższej Szkoły Fizjoterapii. – To się potem przerodziło w idealne jak dla koszykarza proporcje ciała Adama. Czamara dokładnie wymierzył koszykarza, bo przez dwadzieścia lat kilkanaście razy czuwał nad jego rehabilitacją i doprowadzał go do pełnej sprawności po wszelkich urazach i kontuzjach.


Dwumetrowym dryblasem Wójcik stał się jeszcze przed osiemnastymi urodzinami. Myli się jednak ten, komu wydaje się, że w końcu zatrzymał się przy najczęściej podawanych 208 centymetrach. W zależności od ustaleń klubów, w których akurat grał, Wójcik później malał – najczęściej do 206 centymetrów, ale czasem aż do 204 – lub rósł do 209 (wystarczy spojrzeć choćby na oficjalną stronę reprezentacji lub sprawdzić w Wikipedii). W ostatnim roku, gdy grał w Śląsku Wrocław, na papierze mierzył aż 210 centymetrów. „Czyli po amerykańsku, bo w NBA mierzą w butach i to jest oficjalny pomiar. Ale na boso, czyli według polskich przepisów, mam jednak dwa osiem”, przyznaje Wójcik. Jego żona Krystyna poznała Adama w 1990 roku jako młodzieńca o oficjalnym wzroście 201 centymetrów, ale po paru miesiącach na obozie kadry ustalono, że ma 204 i tak właśnie przez kilka lat wpisywano w protokoły, chociaż Adam nadal rósł, by osiągnąć swój dzisiejszy wzrost w wieku dwudziestu trzech lat.


Adam chodzi w butach o europejskim numerze 50 i nosi ubrania w rozmiarze XXL. Z biegiem czasu wreszcie „przytył” i przez prawie dwie dekady, aż do końca kariery, bez problemu trzymał wagę między 105 a 110 kilogramów. I to mimo że zawsze jadł, co chciał. Nie tył nawet, gdy objadał się jednym ze swoich ulubionych dań: frytkami z majonezem."
Akcesoria koszykarskie,Książki o koszykówce;1;Książka Jack McCallum - Dream Team;Wydawnictwo SQN;37.90;1;100;https://sklepkoszykarski.pl/userdata/public/gfx/47373bb2af5d0713db0a75ba6b7aac82.jpg;"Dream Team
Dream Team
 
Autor:
  Jack McCallum
Tłumaczenie:
 Michał Rutkowski
Język oryginału:
 angielski
Wydawnictwo:
 SQN
Liczba stron:
 352 + 8 stron wkładki kolor
Data wydania:
 4 grudnia 2013
ISBN:
 978-83-7924-096-8


Michael Jordan
, 
Magic Johnson
, 
Larry Bird
, 
Charles Barkley
, 
Scottie Pippen
 – ludzie, którzy zapisali się w historii koszykówki wielkim zgłoskami. Mało kto nie słyszał o piątce słynnych koszykarzy tworzących trzon najlepszej drużyny? 


Idealna książka, idealny temat, idealny pisarz. Dream Team to jedna 
 z najlepszych książek sportowych, jakie czytałem – porywające spojrzenie od wewnątrz na wyjątkową drużynę działającą w wyjąt­kowych czasach. Jack McCallum napisał arcydzieło. 
- Jeff Pearlman, dziennikarz „New York Timesa


Opis książki:
 


W ciągu dwudziestu dwóch lat, odkąd DREAM TEAM zawładnął światową opinią publiczną, otacza­jąca go aura tajemniczości tylko się spotęgowała, podobnie jak wpływ, jaki wywarł on na koszykówkę. Książka doskonale odtwarza tamte chwile – kiedy dwunastu wybitnych zawod­ników połączyło siły, osiągnęło sukces, który przerósł wszelkie oczekiwania, i jednym błyskawicznym kontrata­kiem ukształtowało całą przyszłość sportu.


Prowadzeni przez autora zasiadamy z koszykarzami do nocnych partyjek pokera, a także przysłuchujemy się ich roz­mowom na temat ukochanej dyscypliny, sławy i wzajemnych relacji. Wisienką na torcie jest szczegółowe sprawozdanie 
 z legendarnego sparingu rozegranego w lipcu 1992 roku, w którym przeciwko sobie stanęli najlepsi zawodnicy DREAM TEAMU – być może był to najlepszy mecz i najwspanialszy pokaz trashtalkingu w historii.


Dream Team
 opowiada nieznaną dotąd historię najlepszej drużyny wszech czasów: koszykarskiej reprezentacji olimpijskiej Stanów Zjednoczonych z 1992 roku, która urzekła świat, rozbudziła sportowe marzenia dzieciaków i sprawiła, że NBA stała się międzynarodową sensacją.


McCallum przez całe igrzyska spędzał czas, grał w golfa, a także pił drinki 
 z najlepszymi koszykarzami: Magikiem Johnsonem, który mimo niedawnej diagnozy o zarażeniu HIV stał się niekwestionowanym liderem drużyny; Michaelem Jorda­nem znajdującym się wówczas u szczytu sporto­wych 
 i marketingowych możliwości; Charlesem Barkleyem, którego wypowiedzi mogły doprowadzić do konfliktu międzynarodo­wego… Na czele najsłynniejszej drużyny świata stał Chuck Daly, którego podejście pozwoliło wykorzystać potencjał takich gwiazd jak Larry Bird, Patrick Ewing czy Scottie Pippen.
 




O autorze:


JACK MCCALLUM 
jest autorem dwóch doskonale ocenianych książek 
 o koszykówce – Unfinished Business i Seven Seconds or Less. Każda z nich stanowi zapis pojedynczego sezonu danej drużyny NBA – w pierwszym przypadku jest to sezon 1990/91 Boston Celtics, a w drugim 2005/06 Phoenix Suns. W 2005 McCallum roku zdobył nagrodę przyznawaną przez Koszykarską Galerię Sławy. Przez 30 lat związany był ze „Sports Illustrated”.




Fragment Książki


ZANIM ZACZĘŁY SIĘ MARZENIA


ROZDZIAŁ 1. INSPEKTOR DO SPRAW KONTROLI JAKOŚCI MIĘSA


Zawodowcy na olimpiadzie? 


To jego pomysł i niech nikt nie waży się twierdzić, że było inaczej


Do Stanów przyjechał w styczniu 1974 roku, miał się tu uczyć amerykańskiej koszykówki. Nie mówił po angielsku, nie znał lokalnych obyczajów, zamieszkał w osiedlu koszykarskim w Billings w Montanie, bo tylko tam udało mu się załatwić darmowe lokum dla swojej jugosłowiańskiej rodziny.


Obcokrajowiec w obcym kraju nazywał się Boris Stanković. Za pół roku miał skończyć czterdzieści dziewięć lat i przyjechał do Stanów z ramienia FIBA. W tamtych czasach tylko kilku Amerykanów wiedziało, że FIBA to skrót od międzynarodowej federacji koszykówki (Fédération Internationale de Basketball), nikt nie miał pojęcia, gdzie mieści się jej siedziba (wtedy w Monachium, potem przeniesiono ją do Genewy) i czym się to cholerstwo zajmuje (zarządzało amatorską koszykówką na całym świecie za wyjątkiem Stanów Zjednoczonych). „Nie zrozumiesz koszykówki, jeśli nie zapoznasz się z tym, jak wygląda ona w Stanach”, powiedział Stankoviciowi R. William Jones, który jako sekretarz generalny zarządzał FIBA twardą pięścią, niczym dyktator, zawsze w muszce i z zapalonym cygarem w dłoni. Stanković wsiadł w samolot i po przylocie z miejsca zakochał się w oglądanych na żywo meczach koszykówki uniwersyteckiej w wykonaniu fenomenalnej drużyny UCLA – jego ulubionym koszykarzem stał się Bill Walton – no i w transmitowanych w telewizji rozgrywkach NBA.


Przez większość dorosłego życia Stanković był inspektorem odpowiedzialnym za kontrolę mięsa w Belgradzie. „Moja praca polegała na sprawdzaniu jakości mięsa i sera oraz na ich stemplowaniu”, powiedział, kiedy robiłem z nim wywiad w Stambule latem 2010 roku. Obecnie jest już na emeryturze, ale wciąż pojawia się na wielu imprezach jako szara eminencja światowej koszykówki. W 1945 roku ukończył studia weterynaryjne na Uniwersytecie w Belgradzie. „W naszym kraju było to naturalne, że weterynarz sprawdza jakość mięsa i sera, w końcu ma to coś wspólnego ze zwierzętami, prawda?”


Tym, co Stanković lubił sprawdzać najbardziej, były skóry wykorzystywane do produkcji piłek do koszykówki. Nawet kiedy wstawał o piątej rano, zakładał biały fartuch i brał do ręki stempel, to w głębi duszy myślał przede wszystkim o koszykówce. Był twardo stąpającym po ziemi skrzydłowym, który w barwach reprezentacji Jugosławii rozegrał trzydzieści sześć spotkań. Z wielką dumą wspominał grę dla swojego kraju podczas pierwszych mistrzostw świata organizowanych przez FIBA, które odbyły się w Argentynie w 1950 roku. „Zajęliśmy dziewiąte miejsce – wspomina ze śmiechem – na dziewięć drużyn”. Jedną z rzeczy, których żałuje najbardziej, jest to, że nigdy nie wystąpił na igrzyskach olimpijskich.


Jugosłowianie byli wysocy, twardzi i szczupli, zahartowały ich dwie wojny światowe oraz liczne domowe. W bałkańskiej części Jugosławii, gdzie urodził się Stanković, ludzie nie dzielili dni na czas wojny i czas pokoju, ale na czas wojny i nie-wojny. Kiedy Boris miał dziewiętnaście lat, razem ze swoim ojcem Vassiljem, prawnikiem, który walczył o serbską niezależność, trafił do sowieckiego więzienia. Po dwóch miesiącach wyszedł na wolność, ale Vassilje został rozstrzelany i pochowany w zbiorowej mogile – Stanković do dziś nie wie gdzie. Boris trafił na czarną listę, przez co nie mógł zostać – tak jak zamierzał – lekarzem, więc żeby mieć jakikolwiek kontakt z medycyną, poszedł do szkoły weterynaryjnej. Jak wielu swoich rówieśników identyfikował się z serbskimi bojownikami, którzy od pięciu stuleci cierpieli pod obcym panowaniem. „Mieszkaliśmy w grupach, dorastając, uczyliśmy się współpracy i wzajemnej pomocy. Mieliśmy to we krwi. My, Serbowie, nigdy nie odnosiliśmy wielu sukcesów w sportach indywidualnych, ale w dyscyplinach zespołowych byliśmy bardzo, bardzo mocni. Mamy smykałkę do dyscyplin, które wymagają wzorowej współpracy”. Dzięki wiedzy na temat koszykówki oraz nieprzeciętnej inteligencji – każdy, kto go zna, zwraca uwagę na tę jego cechę – Boris rozwijał się jako trener i działacz koszykarski. W wieku trzydziestu lat był najważniejszym byłym graczem w koszykówce jugosłowiańskiej, choć działalność okołosportową wciąż łączył z posadą kontrolera jakości mięsa. Zaczął też udzielać się w FIBA.


W 1966 roku Stanković otrzymał propozycję objęcia posady trenera Oransoda Cantù, drużyny należącej do zawodowej ligi włoskiej, i wyjechał z kraju. „Wyjechałem za chlebem, liga włoska była najbogatsza”, tłumaczy po latach. Wielu Włochów krytykowało tę decyzję, ale wszyscy szybko go pokochali, jak to zazwyczaj dzieje się ze zwycięzcami – jego drużyna sięgnęła po tytuł mistrzowski w 1968 roku. Wtedy skusił go R. William Jones, który uznał, że przyszłość FIBA to właśnie Boris Stanković. 


Jones – który zmarł w 1981 roku, kilka miesięcy po tym, jak podczas igrzysk olimpijskich w Moskwie dostał wylewu, jedząc obiad – był facetem, którego jedni podziwiali, a inni nie znosili. Urodził się w Rzymie jako syn Brytyjczyka i Francuzki. Ukończył Springfield College, gdzie twórca koszykówki, doktor James Naismith, zawiesił swój pierwszy kosz. Zdaniem Stankovicia Jones był „typem bardzo międzynarodowym”, dzięki czemu miał predyspozycje, by stać się prawdziwym wizjonerem koszykówki. Równocześnie był typowym baronem sportu amatorskiego – żądnym władzy i niepoddającym się kontroli. Fani koszykówki w Stanach pamiętają go przede wszystkim dzięki temu, że 9 września 1972 roku dał Rosjanom dodatkową szansę na zdobycie złotego medalu w finałowym meczu przeciwko Amerykanom podczas igrzysk olimpijskich w Monachium. Stanković, kiedy w 1974 roku przybył do Stanów na przeszpiegi, nie był typem przywódcy, lecz zwykłym outsiderem, który próbował zgłębić tajniki koszykówki amerykańskiej, przy okazji ucząc się różnych innych przydatnych rzeczy, na przykład jak zamówić hamburgera. O dziwo, udało mu się załatwić audiencję u Johna Woodena. „Rozmawialiśmy o koszykówce, więc nie było problemów z komunikacją – mówi Boris, który był przede wszystkim zdany na samego siebie. Szybko się zresztą okazało, że to, co widzi i słyszy, nie ma nic wspólnego z europejską koszykówką. – To było jak inna dyscyplina sportu. Szybsza, ale oparta na solidnych fundamentach. Patrzyłeś na przykład przez minutę na Billa Waltona i bardzo szybko docierało do ciebie, że facet jest na nieporównywalnie wyższym poziomie niż ktokolwiek, kogo widziałeś do tej pory w Europie”.


Przepisy FIBA zabraniały wówczas zawodowcom gry pod sztandarami FIBA, a zasady uznawane przez tę organizację były również przepisami olimpijskimi. Tak było zawsze i wszyscy byli przekonani, że tak już pozostanie. Hipokryzja polegała na tym, że i tak grali tam zawodowcy – w barwach reprezentacji narodowych zawsze występowali najlepsi koszykarze w kraju, nawet jeśli w rubryce „zawód” mieli wpisane „żołnierz” albo „policjant”.


Nikomu, za wyjątkiem Stankovicia, specjalnie nie zależało na tym, żeby Amerykanie z NBA zagrali na igrzyskach, zwłaszcza że nawet amerykańscy studenci niepodzielnie dominowali na olimpijskich parkietach, nie licząc roku 1972. Poza tym częścią amerykańskiego etosu sportowego było to, że na igrzyska jeździli najlepsi zawodnicy z uniwersytetów. NBA i igrzyska olimpijskie były planetami z zupełnie odmiennych układów słonecznych.


Ale kontroler jakości mięsa miał na ten temat inne zdanie. Kiedy oglądał w telewizji największe gwiazdy z lat siedemdziesiątych, między innymi Oscara Robertsona, Jerry’ego Westa i swoich ulubieńców – Walta Fraziera i Pete’a Maravicha – zaczęło go gryźć, że ci naprawdę najlepsi nigdy nie biorą udziału w igrzyskach. „Dotarło do mnie, jaka to hipokryzja – mówił Stanković. – Ale istniała również strona praktyczna: zależało mi na tym, żeby koszykówka była coraz silniejsza, żeby się rozwijała, bo mieliśmy do czynienia z istnym absurdem. Nie mogłem się z tym pogodzić”.


Stanković mógł w tym mieć też swój interes. Widział w sobie mesjasza koszykówki, człowieka, który sprawi, że dyscyplina ta stanie się popularniejsza nawet od królewskiego futbolu. Poza tym irytowało go, że jego własna organizacja, która uzurpowała sobie prawo do wszystkiego co najważniejsze w świecie koszykówki, z punktu widzenia NBA była nic nieznaczącym pionkiem.


Tak czy owak wrócił do Monachium i powiedział Jonesowi, że rezygnacja z olimpijskiej klauzuli „tylko dla amatorów”, która otworzyłaby najlepszym koszykarzom amerykańskim drogę do rywalizacji olimpijskiej, powinna się stać najważniejszym celem FIBA. Pomysł wydawał się dość oderwany od realiów, zwłaszcza biorąc pod uwagę ówczesne uwarunkowania społeczno-polityczne. Czasy może i się zmieniały, ale nie w Międzynarodowym Komitecie Olimpijskim (MKOl), gdzie rządził Avery Brundage, wyjątkowa kreatura, być może największy despota w historii sportu, a przede wszystkim obrońca idei fikcyjnego amatorstwa.


Stanković nie jest do końca pewien, co tak naprawdę Jones sądził na temat jego pomysłu, ale instrukcje bossa były jasne: „Powiedział: »Zapomnij o tym. W ogóle się tym nie zajmuj«”, wspomina Stanković. I rzeczywiście, przez najbliższe kilkanaście lat nikt poza Borisem Stankoviciem się tym nie zajmował.


Jak o wielu wpływowych ludziach w historii często zapominamy o inspektorze zajmującym się kontrolą jakości mięsa. Nigdy nie poznał ani Magica Johnsona, ani Larry’ego Birda, a Michaela Jordana spotkał tylko raz, przy okazji igrzysk w 1984 roku, na wiele lat przed powstaniem Dream Teamu. Fakty są jednak takie, że to Boris Stanković był autorem idei Dream Teamu. Jego narodziny nie miały nic wspólnego z tajnym planem wypromowania koszykówki uknutym przez Davida Sterna. Nie stały się wynikiem wielkiej krucjaty marketingowej NBA, mającej na celu sprzedaż koszulek w Europie po dwieście dolarów za jedną, choć przecież w efekcie tak to właśnie wygląda. Nie były też owocem frustracji wynikającej z tego, że coraz częściej podawano w wątpliwość amerykańską dominację w świecie koszykówki.


Pomysł zrodził się w głowie inspektora kontroli jakości mięsa z Belgradu (...)"
Akcesoria koszykarskie,Książki o koszykówce;1;Książka Kobe Bryant - Showman (wydanie II);Wydawnictwo SQN;49.00;1;100;https://sklepkoszykarski.pl/userdata/public/gfx/25224c6313ecd4a3ac5584e8145ce1b9.jpg;"Główne atuty:


- jedyna tak kompletna biografia kontrowersyjnego zawodnika


- nieznane fakty z życia koszykarza


- wypowiedzi najbliższych osób z życia Bryanta


Opis książki:


„Tylko jeden chłopiec na milion trafia do NBA”
 
– zwrócił mu uwagę wychowawca. „Ale ja właśnie będę tym jednym z miliona” – odparł spokojnie 11-letni Kobe.


Do najlepszej koszykarskiej ligi świata wdarł się niczym błyskawica w wieku zaledwie 17 lat. Chicago Bulls zdobyli właśnie czwarte mistrzostwo, kończąc sezon zasadniczy z rekordowym bilansem 72-10, a on mówił o Jordanie: „Zamierzam być lepszy od niego. – I dodawał: – Rodman by mnie nie zatrzymał!”.


Jeszcze zanim trafił do NBA, podpisał z Adidasem kontrakt na 10 milionów dolarów. I choć początki nie były łatwe, to właśnie Kobe Bryant stał się nowym Królem Koszykówki, pomimo izolacji w drużynie Lakers, konfliktu z Shaquille’em O’Nealem, oskarżenia o gwałt i zerwania kontaktów z rodziną.


To opowieść nie tylko o osiąganiu sukcesów pomimo przeciwności, ale także o trudnym dorastaniu, poszukiwaniu siebie i samotności w świetle jupiterów. Choć przedstawia życie niezwykłego człowieka, czytelnicy szybko się z nim utożsamią.


Żaden inny autor nie opowiedziałby tej historii lepiej niż Roland Lazenby. Twórca bestsellera Michael Jordan. Życie postanowił prześwietlić kolejną gwiazdę koszykówki. I znów napisał biografię-arcydzieło. Usiądźcie wygodnie w fotelach. Zaczynamy przedstawienie. It’s showtime!


Opinie o książce:


Można było go kochać albo nienawidzić. Ambiwalencję tę dobrze wyraził Steve Nash, który – poproszony o kilka słów najlepiej określających Bryanta – po krótkim namyśle powiedział: „Pier***ony dupek”. Kobemu się to spodobało, nawet bardzo, bo był ordynarnie pewnym siebie zwycięzcą. Ta wciągająca książka dokładnie wyjaśnia dlaczego.


Łukasz Cegliński, PolskiKosz.pl


 


To książka, którą powinni przeczytać nie tylko fani, ale i krytycy Kobego Bryanta. Roland Lazenby stworzył istną ściągę z kariery Czarnej Mamby, którą doceni każdy kibic koszykówki, niezależnie od tego, jaki ma stosunek do Los Angeles Lakers. To wyjątkowa historia jeszcze bardziej wyjątkowego zawodnika, jednego z najlepszych graczy w historii tego sportu.


Michał Górny, MVP Magazyn


 


Już w wieku ośmiu lat wiedział, kim chce być i przede wszystkim, że chce być najlepszy! Kobe Bryant – zawzięty, nienawidzący przegrywać perfekcjonista, którego sukcesy i porażki obserwował cały świat. Roland Lazenby prowadzi nas przez życie Czarnej Mamby. Pokazując jego zalety i wady, tłumaczy, jak narodziła się legenda koszykówki. Ta biografia powinna znaleźć się na półce każdego fana NBA!


Krzysztof Sendecki, TOK FM


 


Jako sierota po Michaelu Jordanie nie cierpiałem go przez lata. Był za cwany, za dobry, za młody. Potem zrozumiałem, że to właśnie on był Jordanem dla pokolenia, które nie mogło oglądać tego pierwszego. „Mamba Mentality” jest inspiracją, że nie wolno bać się marzyć, ale marzenia należy poprzeć ciężką pracą. Ta książka zabiera nas do świata jednej z najbardziej zagadkowych i tajemniczych postaci w historii NBA. Jej się nie czyta, ją się chłonie.


Karol Śliwa, blog Karol Mówi…"
Akcesoria koszykarskie,Książki o koszykówce;1;Książka LeBron James. Król jest tylko jeden?;Wydawnictwo SQN;37.90;1;100;https://sklepkoszykarski.pl/userdata/public/gfx/8aa6ccf14ae117252201aea999277a77.jpg;"Książka LeBron James. 
Król jest tylko jeden?
Autor:  
Marcin Harasimowicz
Wydawnictwo: 
SQN
Liczba stron: 
304
Data wydania: 
Wydanie II, rok 2015
ISBN
: 
978-83-7924-178-1


Nasz sklep poleca książkę wydaną przez wydawnictwo SQN II wydanie uzupełnione o część, w której LeBron przenosi się z powrotem do swojego rodzinnego klubu Cleveland Cavaliers! 
daje możliwość poznania czołowego gracza
 Cavaliers 
i godnego następcy legendarnego
 Michaela Jordana. Książka LeBron James. Król jest tylko jeden? 
to sprawnie napisana dziennikarska praca
 Marcina Harasimowicza - 
jedynego Polaka akredytowanego przez NBA
.


Jego idolem zawsze był Michael Jordan. Teraz sam jest idolem wielu nastolatków. LeBron James to niekwestionowana gwiazda NBA. Wciąż gra, wciąż zdobywa punkty, wciąż bije kolejne rekordy.


Książka LeBron James. Król jest tylko jeden jest jedyną oficjalnie wspieraną przez zespół Miami Heat biografią LeBrona Jamesa, którą polecamy każdemu fanu Miami Heat, żeby nie powiedzieć, że jest wręcz pozycją obowiązkową.


Żaden polski dziennikarz nie jest bliżej NBA i samego LeBrona niż autor tej książki.


- Marcin Gortat


Marcin (Harasimowicz) zawsze powtarzał, że LeBron James wejdzie na sam szczyt NBA – był o tym przekonany nawet we wczesnych etapach jego kariery, kiedy tak wielu dziennikarzy zwątpiło w jego wielkość.


- Eric Pincus,  „Los Angeles Times”


Znamy się 15 lat, razem śledziliśmy w USA debiut LeBrona Jamesa. Przez wiele lat z prawdziwą pasją czytałem jego korespondencję z parkietów NBA, ale to, co najlepsze - ta książka - było dopiero przede mną.
- Michał Pol, redaktor naczeplny ""Przeglądu Sportowego"".


 


 


Opis książki:


Zarobił 100 milionów dolarów, zanim zdążył oddać pierwszy rzut w NBA. Żadnemu debiutowi w historii sportu nie towarzyszyły tak wyśrubowane do maksimum oczekiwania. On jednak poradził sobie z tą prawie niemożliwą do udźwignięcia presją.


Dziś ma na swoim koncie już dwa mistrzowskie pierścienie, poprawia kolejne rekordy nie do pobicia i należy do trójki najlepiej rozpoznawalnych sportowców świata. Ale jego droga na szczyt nie była usłana różami: dzieciństwo w slumsach, trudne lata w Cleveland, przegrane kluczowe mecze, zarzuty o „brak genu wygrywania” i nienawiść fanów po ogłoszeniu The Decision o przejściu do Miami.


Wyjątkowa biografia autorstwa jedynego akredytowanego przy NBA polskiego dziennikarza – owoc wielu lat pracy oraz kilkudziesięciu ekskluzywnych wywiadów z samym LeBronem, z jego najbliższymi, przyjaciółmi, kolegami z parkietu i współpracownikami.
 


Fragment książki
 


ROZDZIAŁ 1


Trudne DOJRZEWANIE


Akron to niewielka miejscowość w stanie Ohio, położona na południowy wschód od Cleveland, w której mieszka, według oficjalnych statystyk, dokładnie dwieście tysięcy osób – czyli tyle co w Częstochowie, Radomiu albo Krośnie. Do niedawna uchodziła za „światową stolicę przemysłu gumiarskiego”, teraz jest jednak znana jako miejsce, gdzie na świat przyszedł jeden z najsłynniejszych koszykarzy w historii.


Tożsamość biologicznego ojca LeBrona nie jest dokładnie znana. Przynajmniej kilka osób zgłaszało pretensje do tego miana, w tym jeden z lokatorów więzienia stanowego w Ohio. Długo krążyła plotka, że jest nim Roland Bivins, który grał w koszykówkę w Akron Central-Hower, ale został zastrzelony niedługo po ukończeniu szkoły średniej. Sam LeBron nigdy nie poznał ojca, unika również jakichkolwiek wypowiedzi na ten temat. Miał za to „ojca zastępczego” w osobie Eddiego Jacksona, przyjaciela Glorii, jego matki, który wspierał ją w procesie wychowawczym, a później nawet pomagał jemu samemu w wynegocjowaniu pierwszego kontraktu z firmą obuwniczą. Gdy LeBron przyszedł na świat w 1984 roku, jego matka miała zaledwie szesnaście lat. Mieszkała wtedy w domu wynajmowanym wspólnie z czterema innymi rodzinami na Hickory Street, w pobliżu torów kolejowych oraz centralnej części Akron. Po urodzeniu dziecka wróciła do szkoły średniej, by kontynuować edukację, a noworodkiem zajmowała się jej matka Freda. Niestety w kolejnych miesiącach doszło do dwóch tragedii, które zmieniły życie rodziny Jamesów. Najpierw zmarła babcia Glorii, a następnie – w Boże Narodzenie 1987 roku – Freda nagle dostała ataku serca i również odeszła. Od tego momentu wszystko bardzo się skomplikowało. Gloria wraz z dwójką braci, Curtem i Terrym, starała się zatrzymać dom, ale nie było ich stać na ogrzewanie starego budynku. Sąsiadka, która odwiedziła ich tej zimy, wspominała po latach na łamach magazynu „ESPN”: „Dom był zaniedbany, z brudnymi naczyniami walającymi się w zlewie oraz wielką dziurą w podłodze w salonie. Powiedziałam im, że tutaj nie jest bezpiecznie”. Wanda Reaves, bo tak nazywała się sąsiadka, zaprosiła Glorię z LeBronem do siebie. Jamesowie przybyli z jedną walizką i wypchanym, błękitnym słonikiem, aby wspólnie zająć miejsce na kanapie w pokoju gościnnym. Tak przemieszkali kilka miesięcy. Później przeprowadzili się do kuzyna Glorii, a następnie do jednego z jej chłopaków. W 1993 roku w ciągu trzech miesięcy przenosili się aż pięciokrotnie. Nieustannie żyli na walizkach. „Miałem swój plecak, a w nim wszystko, czego potrzebowałem. Mówiłem sobie to, co zawsze – czas w drogę!”, wspomina LeBron. W tym czasie Gloria, mocno nadwerężając limit dobrej woli ze strony znajomych, ciągle czekała z nadzieją na przyznanie jej jednego z dotowanych przez miasto mieszkań dla ubogich rodzin. Rozpoczynając naukę w czwartej klasie, LeBron nadal spał na kanapie w jednopokojowym mieszkaniu należącym do znajomego Glorii – lub raczej „kolejnego na długiej liście znajomych”. Jego matka właśnie rzuciła robotę w Payless Shoes. W budynku ciągle odbywały się huczne imprezy, regularnie musiała interweniować policja. Chłopakowi trudno było..."
Akcesoria koszykarskie,Książki o koszykówce;1;Książka limitowana 75 lat NBA;Wydawnictwo SQN;69.00;1;100;https://sklepkoszykarski.pl/userdata/public/gfx/6284/Ksiazka-limitowana-75-lat-NBA.jpg, https://sklepkoszykarski.pl/userdata/public/gfx/6285/Ksiazka-limitowana-75-lat-NBA.jpg;"Dlaczego warto przeczytać książkę ""75 lat NBA. Ilustrowana historia najlepszej koszykarskiej ligi świata"":


- Unikalna pozycja na rynku wydawniczym – ponad 150 archiwalnych zdjęć prezentujących historię NBA. Takiej książki jeszcze nie było!;
- Doskonały prezent dla ludzi pozytywnie wkręconych w basket w najlepszym wydaniu;
- Kronika 75 lat najlepszej koszykarskiej ligi świata.


 


Opis z okładki książki ""75 lat NBA. Ilustrowana historia najlepszej koszykarskiej ligi świata"":


Najwspanialsza koszykarska liga świata ma już 75 lat!
 Przeżyj wielkie święto NBA, wczytując się w kronikę rozgrywek, pełną anegdot i statystyk, 
zilustrowaną ponad 150 archiwalnymi zdjęciami
. To album, który przypomni ci o najlepszych zawodnikach, legendarnych spotkaniach i wielkich aferach.


Jak wyglądał pierwszy mecz zawodowej koszykówki pomiędzy New York Knicks i Toronto Huskies? Dlaczego ograniczono czas na oddanie rzutu do 24 sekund? Z jakiego powodu w końcówce lat 70. Finały NBA były w USA nadawane tylko z odtworzenia? Poznaj odpowiedzi na nurtujące pytania i przeczytaj o legendarnych pojedynkach Wilta Chamberlaina z Billem Russellem, niezapomnianej rywalizacji Larry’ego Birda z Magikiem Johnsonem oraz kosmicznej ekipie Chicago Bulls z Michaelem Jordanem.


Odkryj też 
kontrowersyjne i mroczne oblicze ligi
: wczesne problemy z rasistowskim fanatyzmem, skandal z obstawianiem meczów czy tragiczną śmierć Lena Biasa zaraz po drafcie.


75 lat NBA. Ilustrowana historia najlepszej koszykarskiej ligi świata
 to unikalne kompendium wiedzy – od zamierzchłych czasów, kiedy NBA była jeszcze cyrkiem objazdowym, aż do wielomiliardowego biznesu, jakim stała się dzisiaj. To książka idealna dla każdego, kto chce dowiedzieć się więcej o ukochanej koszykówce i poznać historie, o których nie miał pojęcia.


Opis przygotowany przez Sklep Koszykarski:


National Basketball Association, czyli najlepsza koszykarska liga świata. To właśnie na jej parkietach grały takie tuzy, jak choćby George Mikan, Bob Cousy, Bill Russell, Wilt Chamberlain, Jerry West, Oscar Robertson, Kareem Abdul-Jabbar, Earvin „Magic” Johnson, Larry Bird, Hakeem Olajuwon, Michael Jordan, Kobe Bryant czy Tim Duncan. Jej 75-letnia historia jest pasjonująca i pokazuje, że każde pokolenie graczy potrafi kreować gwiazdy zdolne przeprowadzić koszykarską rewolucję.


W swojej najnowszej książce pt. 75 lat NBA. Ilustrowana historia najlepszej koszykarskiej ligi świata Dave Zarum przedstawia najważniejsze wydarzenia w dziejach NBA. Autor opisuje pierwszy mecz zawodowej koszykówki pomiędzy New York Knicks a Toronto Huskies, narodziny pierwszej gwiazdy NBA – George’a Mikana, legendarne pojedynki Billa Russella z Wiltem Chamberlainem, opisuje losy wielkiego pechowca, jakim był Elgin Baylor, loty Juliusa Ervinga nad obręczą, elektryzującą rywalizację „Magica” Johnsona z Larrym Birdem, która uratowała NBA, Dream Team z igrzysk olimpijskich w Barcelonie w 1992 roku, dynastię Chicago Bulls z charyzmatycznym „Air” Jordanem, 81-punktowy mecz Kobego Bryanta przeciwko Raptors, drogę do wielkości LeBrona Jamesa i popisy strzeleckie Stephena Curry’ego. Każda epoka w NBA ilustrowana jest kultowymi oficjalnymi zdjęciami. Nie brakuje też cennych statystyk i anegdot o nieco już zapomnianych zawodnikach.


Mnóstwo spektakularnych wsadów, najsłynniejsze rzuty równo z syreną, najbardziej ekscytujące finały, opowieści o niespełnionych talentach, zmarnowanych szansach i współczesnych atletach, którzy za wszelką cenę pragną znaleźć się na liście koszykarzy wszech czasów. Innymi słowy, historia ligi NBA w pigułce i najwięcej nostalgicznych wspomnień w jednym miejscu.


Idealna lektura zarówno dla koneserów koszykówki, jak i ludzi dopiero zaczynających przygodę z basketem. Nie ma lepszego prezentu z okazji 75. rocznicy powstania NBA niż 75 lat NBA. Ilustrowana historia najlepszej koszykarskiej ligi świata.


 


Opinie o książce ""75 lat NBA. Ilustrowana historia najlepszej koszykarskiej ligi świata"":


NBA to magia i zachwyt, które nie przemijają. To najlepsze widowisko świata! W dodatku opisane nazwiskami wielkich gwiazd i historią najlepszych klubów.
Włodzimierz Szaranowicz


Koszykówka to coś więcej niż sport, a ten album to coś znacznie więcej niż chronologiczne przedstawienie 75 lat historii basketu. Pozycja obowiązkowa!
Jakub Roskosz, MVP Magazyn


Ten album wyjątkowa mieszanka zdjęć, historii i opowieści związanych z najważniejszymi wydarzeniami i postaciami w historii najlepszej ligi świata. To też świadectwo tego, jak długą drogę przebyła NBA na przestrzeni trzech czwartych stulecia, by być tym, czym jest teraz – jedną z najlepiej prosperujących organizacji sportowych i marzeniem dla każdego koszykarza!
Michał Górny, Podcast Specjalny


75 lat historii NBA skondensowane w jednej książce? Czy można zgromadzić tyle narracji, opowieści i faktów w jednym miejscu? To karkołomne zadanie, ale autor albumu 75 lat NBA udowadnia, że z kronikarskim zacięciem oraz lekkim piórem da się przedstawić chronologię najlepszej ligi koszykówki na świecie w przystępny i interesujący sposób.
Łukasz Szwonder, Keepthebeat


Tę książkę można pochłonąć na jeden raz! To kapitalna baza pod zbudowanie sobie mocnych podstaw z wiedzy o historii NBA, które w przyszłości można pogłębiać i rozszerzać publikacjami dotyczącymi konkretnych sezonów, graczy, drużyn czy wydarzeń. Żeby rozumieć mechanizmy funkcjonowania współczesnej NBA, warto poznać kontekst historyczny powstawania i rozwoju tej ligi.
Karol Śliwa, Karol Mówi


Fabryka gwiazd, maszynka do zarabiania pieniędzy i dostarczycielka niezapomnianych emocji. Taka jest właśnie NBA. Żadna inna liga na świecie nie stworzyła tylu wybitnych atletów i charyzmatycznych postaci. Wilt Chamberlain, ""Magic"" Johnson, Larry Bird, Michael Jordan, Kobe Bryant i LeBron James to tylko przykłady. Wspaniałe dynastie, wielkie rywalizacje, najdramatyczniejsze finały, najbardziej ikoniczne rzuty i wsady. To wszystko znajduje się w kultowym dziele Dave'a Zaruma. Pozycja obowiązkowa dla każdego zagorzałego fana NBA.
Marcin Mendelski, Nieobiektywny kibic


Gruntownie przebadana Ilustrowana historia NBA. Pełna wspaniałych bohaterów i rozpoznawalnych od razu twarzy. Zarum opisuje wzloty i upadki ligi, o których często zapominano… Wzbogaca swoje historie ciekawostkami i niesamowitymi pełnymi dynamizmu zdjęciami. To idealne źródło wiedzy dla wszystkich kibiców koszykówki.
Publishers Weekly


Autor: 
Dave Zarum
Tytuł polskiego wydania: 75 lat NBA. Ilustrowana historia najlepszej koszykarskiej ligi świata
Tytuł oryginału: NBA 75. The Definitive History
Autor książki: Dave Zarum
ISBN: 9788382102673
Tłumaczenie: Michał Rutkowski, Tymon Rutkowski
Format: 230 x 280 mm
Data wydania: 10 listopada 2021
Liczba stron: 272
Okładka Twarda"
Akcesoria koszykarskie,Książki o koszykówce;1;Książka Phil Jackson - 11 pierścieni;Wydawnictwo SQN;37.90;1;100;https://sklepkoszykarski.pl/userdata/public/gfx/1497f74dbc61b6b249b5117a1c3085c6.jpg;"Autor: 
Phil Jacskon
 i Hugh Delehanty
Tytuł oryginału: Eleven Rings: The Soul of Success
Tłumaczenie: Michał Rutkowski i Paweł Wujec
Data wydania: 10 września 2014
Cena okładkowa: 39,90 zł
Format: 150 x 215 mm
Liczba stron: 368
ISBN: 978-83-7924-239-9


Jedna z najbardziej oczekiwanych książek, napisana przez samego Phila Jacksona o jego pracy i tworzeniu zespołu z udziałem Michaela Jordana z Chicago Bulls i Kobe Bryanta z Los Angeles Lakers, o którym otwarcie mówi, że jest samolubny i często nie podaje do kolegów. Przeczytaj co dokładnie mówi o tych 2 legendach sam Phil Jackson i w jaki sposób udało mu się zdobyć aż 11 tytułów mistrzowskich NBA. Książka dla każdego fana koszykówki NBA.




Fragment książki:


KRĄG MIŁOŚCI


Życie jest jak podróż. Czas jest jak rzeka. Drzwi są uchylone. 


Jim Butcher


 


Cecil B. DeMille byłby tą chwilą zachwycony. Siedziałem w limuzynie na podjeździe przed halą Los Angeles Memorial Coliseum, czekając na przybycie swojej drużyny, podczas gdy rozentuzjazmowany tłum ponad 95 tysięcy kibiców, poubieranych we wszystkie możliwe kombinacje fioletowo-złotych barw Lakers, maszerował na stadion. Kobiety w spódniczkach baletowych, mężczyźni poprzebierani za szturmowców z 
Gwiezdnych wojen
, dzieciaki wymachujące transparentami z napisem „Kobe Diem”
[1]
… Ale pomimo całego szaleństwa w tym starożytnym rytuale w scenerii Los Angeles było coś inspirującego. Jeff Weiss, dziennikarz z „LA Weekly”, opisał to tak: „Mogliśmy przez chwilę poczuć się jak rzymskie legiony powracające do domu po podbiciu Galii”.


Prawdę mówiąc, nigdy nie czułem się komfortowo, celebrując zwycięstwa, co, biorąc pod uwagę zawód, jaki sobie wybrałem, może się wydawać trochę dziwne. Po pierwsze – boję się tłumów. Podczas meczów mi to nie przeszkadza, ale w sytuacjach, których nie kontroluję, miewam mdłości. Nigdy też nie lubiłem być w centrum zainteresowania. Może to moja wrodzona skromność, a może efekt wychowania. Oboje moi rodzice byli pastorami. Uważali, że zwyciężanie jest w porządku – mama była zresztą jedną z najbardziej walecznych osób, jakie znałem – ale nie powinno się go przesadnie świętować, bo to obraża Boga. Mówili tak: „Chwała należy do Niego”.


Tyle że w tej celebracji nie chodziło o mnie. Chodziło o niesamowitą przemianę, która stała się udziałem zawodników kroczących po mistrzostwo NBA w 2009 roku. Widać to było na ich twarzach, kiedy tak schodzili po długich, purpurowo-złotych schodach, w czapeczkach z daszkiem i okolicznościowych mistrzowskich T-shirtach, śmiejąc się, rozpychając, promieniejąc radością, ku uciesze wiwatujących tłumów. To oni byli w tym momencie władcami koszykarskiego wszechświata. Niektórzy trenerzy mają obsesję na punkcie wygrywania kolejnych trofeów, inni uwielbiają widzieć swoją twarz na ekranach telewizorów. Ale na mnie największe wrażenie robi widok młodych ludzi, których łączy potężna więź, którzy tworzą wspólną magię, pojawiającą się tylko wtedy, kiedy są w pełni skoncentrowani – całym sercem i całą duszą – na czymś więcej niż tylko na sobie. Wystarczy, że raz tego doświadczysz, a już nigdy nie zapomnisz tego uczucia.


 


Symbolem jest pierścień.


W NBA pierścień jest symbolem statusu i władzy. Może i jest wieśniacki, może nieporęczny, ale to właśnie marzenie, żeby go wygrać, jest tym, co motywuje do przetrwania trudów długiego sezonu NBA. Jerry Krause, były menedżer Chicago Bulls, rozumiał to doskonale. Kiedy w 1987 roku dołączyłem do drużyny jako asystent trenera, poprosił, żebym nosił jeden z dwóch pierścieni mistrzowskich, które zdobyłem jeszcze jako zawodnik w New York Knicks. Chciał w ten sposób zmotywować młodych zawodników Bulls do cięższej pracy. Zdarzało mi się to robić podczas playoffów, kiedy jeszcze pracowałem jako trener w Continental Basketball Association, ale wydawało mi się, że pomysł, żeby codziennie zakładać na palec to ciężkie błyszczące żelastwo, to lekka przesada. Pewnego dnia, przy okazji obiadu, który jadłem w restauracji Bennigan’s w Chicago, główna część pierścienia odpadła i nie udało się jej odzyskać. Od tamtego czasu znowu nosiłem pierścienie już tylko podczas playoffów i przy specjalnych okazjach, takich jak tamten triumfalny marsz w koloseum.


Z psychologicznego punktu widzenia pierścień jest symbolem czegoś zupełnego: walki o odzyskanie spokoju, harmonii, więzi i spełnienia. Na przykład w rodzimej kulturze amerykańskiej jednocząca siła kręgu była tak znacząca, że całe narody łączyły się niczym seria połączonych pierścieni (albo obrączek). Indiańskie tipi miało kształt pierścienia, podobnie jak ognisko, jak wioska i jak układ całego narodu – kręgi wewnątrz kręgów, niemające początku ani końca.


Większość moich podopiecznych nie była oczywiście obeznana z tymi niuansami, ale podświadomie rozumieli głębsze znaczenie słowa „pierścień”. Już na początku sezonu spontanicznie stworzyli okrzyk, który powtarzali przed rozpoczęciem każdego meczu, stojąc w kółku i trzymając się za ręce: „Raz, dwa, trzy – PIERŚCIEŃ!”.


Kiedy już zawodnicy zajęli swoje miejsca na scenie – czyli przenośnym parkiecie z hali Staples Center – stanąłem przed nimi i przemówiłem do tłumu. „Co było mottem naszej drużyny? Pierścień! – powiedziałem, pokazując swoje wyróżnienie z ostatniego sezonu mistrzowskiego, w 2002 roku. – Pierścień. To właśnie było naszym mottem. To nie jest tylko kawałek złota. To krąg, który zbudował więź pomiędzy zawodnikami. Krąg wielkiej wzajemnej miłości”.


Krąg miłości.


Większość kibiców koszykówki nie myśli o swojej dyscyplinie sportu w ten sposób. Ale po ponad 40 latach spędzonych wokół koszykówki na najwyższym poziomie, zarówno w roli zawodnika, jak i trenera, nie potrafię znaleźć trafniejszej frazy określającej tajemniczą alchemię budującą więź pomiędzy koszykarzami i jednoczącą ich w pogoni za tym, co niemożliwe.


Oczywiście nie mówimy tu o żadnej romantycznej miłości ani nawet nie o miłości braterskiej w tradycyjnym sensie chrześcijańskim. Najlepszą analogią, która przychodzi mi do głowy, jest intensywna więź emocjonalna, którą odczuwają bojownicy podczas bitwy.


Kilka lat temu dziennikarz Sebastian Junger spędził dużo czasu z plutonem żołnierzy amerykańskich stacjonujących w jednej z najbardziej niebezpiecznych części Afganistanu, po to, żeby zrozumieć, co sprawia, że ci niezwykle odważni młodzi ludzie są w stanie walczyć w tak okropnych warunkach. Swoje odkrycia i przemyślenia opisał w książce 
War 
(„Wojna”). Jego zdaniem odwagi niezbędnej do podjęcia niezłomnej walki nie da się oddzielić od miłości. Dzięki silnemu poczuciu braterstwa, które uformowało się wśród żołnierzy, bardziej martwili się oni o to, co może spotkać ich kumpli, niż o to, co spotka ich samych. Junger wspomina, jak jeden z żołnierzy opowiadał mu, że mógłby rzucić się na odbezpieczony granat, żeby ratować każdego ze współtowarzyszy, choć przecież nie wszystkich lubił czy cenił. Kiedy Junger spytał dlaczego, żołnierz odpowiedział: „Ja naprawdę kocham swoich braci. Tak, jesteśmy jak bracia. I to, że możemy komuś uratować życie, sprawić, że ten ktoś nie zginie, daje nam ogromną satysfakcję. Każdy z nich to samo zrobiłby dla mnie”.


I to właśnie ten rodzaj więzi, którego praktycznie nie da się skopiować w życiu cywilnym, jest zdaniem Jungera krytycznym czyn-
 nikiem sukcesu – bo oto wszystko staje się możliwe.


Oczywiście nie zamierzam iść w tej analogii za daleko. Koszykarze nie ryzykują codziennie swoim życiem jak żołnierze w Afganistanie, ale przecież zasady, które ich dotyczą, są podobne. Nie sięgniesz po mistrzostwo NBA bez kilku czynników krytycznych, takich jak właściwa kombinacja talentu, kreatywności, inteligencji, twardości, no i oczywiście szczęścia. Ale jeśli w drużynie nie ma najbardziej istotnego składnika – miłości – to wszystkie pozostałe przestają mieć znaczenie.


Budowanie takiej świadomości nie odbywa się oczywiście z dnia na dzień. Zachęcanie młodych sportowców, żeby porzucili przywiązanie do własnego ego i w pełni zaangażowali się w doświadczanie życia grupy, może trwać latami. Zwłaszcza że NBA nie jest najlepszym środowiskiem do nauki bezinteresowności. Bo choć dyscyplina sportu jako taka jest pięcioosobowa, to otaczająca ją kultura wspiera zachowania egoistyczne i przedkłada osiągnięcia indywidualne ponad więź w drużynie. Kiedy zaczynałem grać w koszykówkę w Knicks w 1967 roku, było inaczej. Większość zawodników zarabiała wtedy w granicach zdrowego rozsądku i latem musiała brać się do dodatkowych zajęć, żeby móc związać koniec z końcem. Mecze rzadko bywały transmitowane i nikt z nas nie słyszał o skrótach z najlepszych akcji, że o Twitterze nie wspomnę.


Wszystko zmieniło się w latach 80., głównie pod wpływem rosnącego zainteresowania rywalizacją Magica Johnsona z Larrym Birdem i pojawienia się w NBA globalnego fenomenu – Michaela Jordana. Dziś koszykówka to przemysł wart miliardy dolarów, z kibicami na całym świecie i z wyrafinowaną machiną medialną, która przez 24 godziny na dobę, przez siedem dni w tygodniu, transmituje wszystko to, co dzieje się na parkiecie i poza nim. Nieszczęsnym efektem ubocznym tego procesu jest napędzana przez marketing obsesja bycia supergwiazdą, która zainfekowała ego wielu koszykarzy i wprowadza zamęt w to, co przede wszystkim przyciąga kibiców do koszykówki: w przypisane do niej piękno.


Tak jak większość ekip mistrzowskich Lakers przez wiele lat walczyli, żeby z bezładnej zbieraniny koszykarzy napędzanych przez pragnienie pieniędzy i sławy przemienić się w bezinteresowną drużynę zjednoczoną w dążeniu do wspólnego celu. Nie był to może najbardziej wyjątkowy zespół, jaki trenowałem – ten honor przypada w udziale prowadzonym przez Michaela Jordana i Scottiego Pippena Chicago Bulls z sezonu 1995/96. Nie byli też na pewno tak utalentowani jak Lakers z sezonu 1999/2000 i naładowani strzelcami pokroju Shaquille’a O’Neala, Kobego Bryanta, Glena Rice’a, Roberta Horry’ego, Ricka Foxa albo Dereka Fishera. Ale Lakersi z sezonu 2008/09 mieli w swoim DNA kiełkującą wielkość. Już podczas obozu treningowego przed rozpoczęciem sezonu, w sierpniu 2008 roku, wyglądali na bardziej głodnych sukcesu niż kiedykolwiek wcześniej. Na zakończenie poprzedniego sezonu wykonali cudowny marsz do finałów przeciwko Celtics, tylko po to, żeby zostać w Bostonie upokorzeni porażką różnicą 39 punktów w decydującym szóstym meczu.


Lanie, które zebraliśmy wtedy z rąk Kevina Garnetta i spółki – nie wspominając o koszmarnej drodze do hotelu, którą musieliśmy potem pokonać, mijając tłumy rozradowanych kibiców Celtics – było z pewnością koszmarnym doświadczeniem, zwłaszcza dla młodych koszykarzy, którzy nie mieli wcześniej okazji posmakować bostońskiego jadu. Niektóre drużyny się po takich porażkach nie podnoszą i rozpadają, ale tamci chłopcy dostali tylko dodatkowego kopa, choć zaraz po tym, jak znaleźli się o krok od ostatecznej nagrody, zaliczyli bolesny upadek w potyczce z silniejszym, twardszym i budzącym grozę przeciwnikiem. Kobe, który dostał wtedy nagrodę dla najbardziej wartościowego koszykarza NBA (MVP), był skoncentrowany wyjątkowo. Zawsze pozostawałem pod wrażeniem jego odporności i pancernej pewności siebie. W przeciwieństwie do Shaqa, który często miewał wątpliwości co do swojej wartości, Kobe nigdy by nie pozwolił, żeby coś takiego przeszło mu przez myśl. Jeśli ktoś zawiesiłby poprzeczkę na wysokości trzech metrów, on skoczyłby na trzy trzydzieści, nawet jeśli nikt przed nim czegoś takiego nie dokonał. I właśnie z takim nastawieniem pojawił się na tamtym obozie treningowym, co miało niebagatelny wpływ na resztę drużyny.


Ale to nie bezlitosna determinacja Kobego zrobiła wtedy na mnie największe wrażenie, lecz jego zmieniająca się relacja z kolegami. Zniknął arogancki młody człowiek, tak skupiony na dążeniu do bycia najlepszym koszykarzem na świecie, że był w stanie wyssać radość z gry w koszykówkę ze wszystkich innych. Nowy Kobe, który się wtedy narodził, wziął sobie do serca swoją funkcję: lidera drużyny. Wiele lat wcześniej, kiedy po raz pierwszy przyjechałem do Los Angeles, musiałem zachęcać Kobego, żeby spędzał z kolegami więcej czasu, zamiast się chować w hotelu i studiować kasety z nagraniami meczów. Ale on się wtedy tylko naśmiewał, mówił, że ci goście interesują się tylko panienkami i samochodami. Teraz naprawdę się starał, żeby się zbliżyć do pozostałych, zrozumieć, jak uczynić z nich bardziej jednolitą ekipę.


 


[1]
 Gra słów nawiązująca do 
carpe diem
, łacińskiej sentencji Horacego, oznaczającej „chwytaj dzień” (wszystkie przypisy pochodzą od tłumacza)."
Akcesoria koszykarskie,Książki o koszykówce;1;Książka Rodman - powinienem być już martwy;Wydawnictwo SQN;37.90;1;100;https://sklepkoszykarski.pl/userdata/public/gfx/6e9a8987de52c10c2689ff92735dbf39.jpg;"Dennis Rodman. Powinienem już być martwy
Denis Rodman: I Should Be Dead by Now
Autor:
  Dennis Rodman, Jack Isenhour
Tłumaczenie:
  Michał Rutkowski
Język oryginału:
 angielski
Liczba stron:
 352
Data wydania:
 17 kwietnia 2013
ISBN:
 978-83-63248-87-1


Dennis Rodman powrócił na pierwsze strony gazet dzięki skandalom - pokazał się na premierze swojej autobiografii w sukni ślubnej i makijażu, oraz chwalił się znajomością z północnokoreańskim przywódcą. Bez wątpienia może być uznany za celebrytę, ale nie można zapomnieć, że jest również jednym z najbardziej utytułowanych koszykarzy NBA.


Dennis był zdecydowanie tym typem człowieka, którego w walce chciało się mieć po swojej stronie 
– Michael Jordan


Powinienem być już martwy 
to szczera, czasem skandalizująca, kronika Rodmana, która trzyma czytelnika w napięciu niczym dobry thriller. To także historia człowieka, którego życie pełne było niespodziewanych zwrotów akcji.


Rodman zwierza się ze swoich myśli samobójczych, opowiada o wewnętrznej przemianie na parkingu pod halą Detroit Pistons, o szaleństwach w San Antonio Spurs, najlepszych latach kariery w Chicago Bulls, nieudanych epizodach w Los Angeles Lakers i Dallas Mavericks, i o marzeniach o powrocie do NBA. Książka opisuje także toksyczne relacje z matką i siostrami, romans z Madonną, nieudane małżeństwo z Carmen Elektrą i trudny związek z Michelle Rodman.


Jasne, był impulsywny i niemądry. Tak, nie cierpiał treningów i pracy zgodnie z harmonogramem. Kiedy jednak rozpoczynała się gra, nikt nie rywalizował z większą zaciętością. Ostatecznie Rodman zakończył karierę z pięcioma mistrzowskimi pierścieniami. 
– 
Charley Rosen, FoxSports.com




Informacja o autorze:


Dennis Rodman 
siedem razy zdobył tytuł najlepiej zbierającego zawodnika i został włączony do Koszykarskiej Galerii Sławy im. Naismitha. W swojej czternastoletniej karierze wywalczył pięć mistrzowskich pierścieni NBA (w roku 1989 i 1990 z Detroit Pistons, a w latach 1996–1998 z Chicago Bulls). Dwukrotnie został wybrany Obrońcą Roku (1990, 1991). Rozegrał ponad 900 spotkań w lidze NBA ze średnią liczbą punktów na mecz wynoszącą 7, a zbiórek 13.


JACK ISENHOUR
 ukończył West Point i został odznaczony jako weteran wojny w Wietnamie. Jako student Akademii Wojskowej grał w pierwszym składzie drużyny Boba Knighta. Doświadczenie to opisał w swej pierwszej książce. Po opuszczeniu armii zdobył tytuł magistra komunikacji społecznej na Uniwersytecie Tennessee, a później rozpoczął karierę dziennikarza telewizyjnego."
Akcesoria koszykarskie,Książki o koszykówce;1;Książka Shaq bez cenzury;Wydawnictwo SQN;37.90;1;100;https://sklepkoszykarski.pl/userdata/public/gfx/e153ae851df75c04774aac1200bc5860.jpg;"Shaq bez cenzury
Shaq Uncut
Autor:
  Shaquille O’Neal, Jackie MacMullan
Tłumaczenie:
  Michał Rutkowski
Język oryginału:
 angielski
Wydawnictwo:
 SQN
Liczba stron:
  270
Data wydania:
  3 października 2012
ISBN:
 978-83-63248-41-3


Książka „Shaq bez cenzury”


Shaquille O’Neal, Jackie MacMullan


W imieniu 
Wydawnictwa SQN
 mam przyjemność poinformować o naszym nowym, sportowym tytule, który 
3 października 2012 roku
 pojawi się w księgarniach.


Tym razem postawiliśmy na koszykówkę i to w najlepszym wydaniu. 
„Shaq bez cenzury”
 to nie tylko grzeczna biografia, ale przede wszystkim spory zbiór anegdot, kontrowersji, konfliktów zza kulis NBA. Shaq opowiada o swoim życiu i karierze, ale przede wszystkim obnaża NBA.


Shaq to wspaniała osoba, a do tego był jednym z najlepszych zawodników na świecie. Rozumiał grę; radził sobie z fanami i prasą…
Świetny gracz, świetna osobowość 
– Charles Barkley."
Akcesoria koszykarskie,Książki o koszykówce;1;Larry vs Magic. Kiedy rządziliśmy NBA;Wydawnictwo SQN;37.90;1;100;https://sklepkoszykarski.pl/userdata/public/gfx/c7ebe0b662cb9602090248c4246772c9.jpg;"Autor:
 Jackie MacMullan Larry Bird Earvin Magic Johnson
Tytuł oryginału:
 When the Game Was Ours
ISBN:
 9788379244911
Format:
 150 x 215 mm
Liczba stron:
 592 tekst i 2x8 zdjęcia
Okładka MIękka


Różniło ich niemal wszystko – charakter, pochodzenie, sposób gry, a nawet kolor skóry. Łączyło jedno: perfekcjonizm i niepohamowana żądza zwyciężania. Moment, w którym po raz pierwszy stanęli naprzeciwko siebie, wyznaczył nową erę koszykówki. Ich wzajemna rywalizacja stała się symbolem lat 80., odmieniając zdruzgotany narkotykowymi skandalami wizerunek NBA.


Larry Bird kontra Earvin „Magic” Johnson, Celtics kontra Lakers, Wschód kontra Zachód, siła kontra finezja, Old School kontra Showtime… Kiedy rządziliśmy NBA to niezwykle osobisty portret najsłynniejszego duetu rywali w historii koszykówki. Od pierwszego finału w lidze uniwersyteckiej, przez zacięte boje o mistrzowskie pierścienie, po wsparcie w najtrudniejszych momentach.


Kiedy zaczynali, byli największymi wrogami. Skończyli jako przyjaciele na całe życie.


***


Byli różni jak Yin i Yang, dlatego tak perfekcyjnie do siebie pasowali. Bez Magica i Larry’ego nie byłoby współczesnej NBA. To oni kształtowali tożsamość ligi, to oni wznieśli grę na wyżyny. Kiedy rządziliśmy NBA to ucieleśnienie słowa rywalizacja. Czytając tę książkę, miałem ciarki na plecach.
Maciej Zieliński


Niewiele sportowych pojedynków dwóch wielkich gwiazd miało tak wielkie znaczenie dla dyscypliny. Rywalizacja, pasja, zaangażowanie, poświęcenie oraz, wydawałoby się, niemożliwa przyjaźń Larry’ego Birda i Earvina „Magica” Johnsona sprawiają, że od książki trudno się oderwać.
Michał Owczarek, Sport.pl


Kiedy jako 14-latek grałem swój pierwszy turniej w jakiejś wrocławskiej szkole, Magic i Larry rozgrywali najbardziej ekscytujące finały NBA w latach 80. Kiedy trzy lata później walczyłem o mistrzostwo Polski juniorów, cały świat znów oglądał ich rywalizację. Wtedy umacniali swoje rządy nad emocjami kibiców na całym świecie. Nawet jako reprezentant kraju ekscytowałem się jak dziecko pojedynkami tych dwóch zawodników. Historię Magica i Larry’ego trzeba poznać, bo bez nich koszykówka nie byłaby tym, czym jest dziś.
Adam Wójcik


Czytałem wiele biografii sportowców, ale takiej jeszcze nie. Magic Johnson i Larry Bird są bardzo dobrymi materiałami na książkę. Jest świetna!
Jakub Wojczyński, „Przegląd Sportowy”


BIOGRAM


Earvin „Magic” Johnson
 – pięciokrotny zwycięzca NBA, trzykrotny MVP finałów i trzykrotny MVP całych rozgrywek. W 1991 roku ogłosił, że jest zarażony wirusem HIV i kończy karierę. Poleciał jednak na igrzyska olimpijskie do Barcelony, gdzie wraz z Dream Teamem sięgnął po złoty medal. Następnie został trenerem Lakers i wrócił na parkiet w sezonie 1995/96, ale po nim definitywnie zakończył karierę sportową.


Larry Joe Bird
 – trzykrotny zwycięzca NBA, dwukrotny MVP finałów i trzykrotny MVP ligi. Złoty medalista olimpijski z Barcelony ze słynnym Dream Teamem. Po zakończeniu czynnej kariery prowadził zespół Indiana Pacers, został Trenerem Roku 1998 w NBA. Od 2003 roku pełni w tym klubie funkcję prezesa ds. operacji koszykarskich.


Jackie MacMullan
 – uznawana za czołową autorkę książek poświęconych koszykówce. Stale zaznacza swoją obecność w ESPN, amerykańskiej sportowej stacji telewizyjnej, a publikuje m.in. w „Sports Illustrated” i „Boston Globe”."
Akcesoria koszykarskie,Książki o koszykówce;1;Los Angeles Lakers. Złota historia NBA;Wydawnictwo SQN;37.90;1;100;https://sklepkoszykarski.pl/userdata/public/gfx/23830c073e404e73ee981ba83c814529.jpg;"Autor:
 Marcin Harasimowicz
Format:
 150 x 215 mm
Liczba stron:
 336 tekst 8 (wkładka zdjęciowa)
ISBN:
 978-83-7924-365-5


Głęboko fascynująca książka, która spodoba się nie tylko fanom Lakers, ale każdemu, kto kocha sport. Marcin Harasimowicz dobrze zna się na rzeczy i dostarcza wielu ciekawych historii o fantastycznym zespole z Los Angeles.
Roland Lazenby, autor książki Michael Jordan. Życie


Historia NBA pisana purpurowo-złotymi zgłoskami.


Legendarni zawodnicy:
 Kobe Bryant, Shaquille O’Neal, Magic Johnson, Kareem Abdul-Jabbar, Wilt Chamberlain, Jerry West, George Mikan. Wspaniali trenerzy: Pat Riley i Phil Jackson. 16 tytułów mistrzowskich i rekordowe 31 występów w wielkim finale. A wszystko to dzięki pieniądzom biznesmena z Ostrowca Świętokrzyskiego…


Świat koszykówki nie byłby tak fascynujący bez blisko 70-letniej historii Los Angeles Lakers. Marcin Harasimowicz towarzyszył drużynie przez kilka ostatnich sezonów. Stworzył pełną anegdot opowieść o dziejach zespołu, jego gwiazdach i największych rywalach.


Dlaczego do George’a Mikana strzelano podczas meczu? Jak to możliwe, że jeden z zawodników Boston Celtics brał narkotyki, nawet siedząc na ławce rezerwowych? Który z Jeziorowców dorabiał, pracując w kancelarii prawniczej, a który miał stanąć do walki w ringu z samym Muhammadem Alim?


Ekscytująca podróż za kulisy wielkiego świata NBA. Ekskluzywne wywiady z legendami Lakers i czołowymi dziennikarzami sportowymi ze Stanów Zjednoczonych. I liczne, często zaskakujące, polskie wątki. Pozycja obowiązkowa dla każdego fana koszykówki!


***


Harasimowicz. Niegdyś starał się u mnie o pracę. Mówię, żeby przysłał mailem ze trzy pomysły tekstów. Już za godzinę dostałem… trzydzieści. To taki mój własny, mały Kolumb, który zapragnął odkryć i zdobyć świat. I zrobił to. A to dopiero jego pierwszy krok w chmurach.
Paweł Zarzeczny, „Polska The Times”


Już w podstawówce na ścianie mojego pokoju wisiał plakat, na którym oprócz reżysera i wykonawców porywającego Showtime, pięknych Laker Girls i Jacka Nicholsona było jednoczące te postacie logo klubu z L.A. Marcin Harasimowicz poznał tak wtedy niedostępny i magiczny świat Lakersów podczas setek godzin rozmów z tymi, którzy w niego wniknęli, i dziesiątków wizyt w Staples Center. Dziś chce powitać Was w tej koszykarskiej rzeczywistości. Warto przyjąć zaproszenie.
Żelisław Żyżyński, nc+


U mnie w domu obowiązuje jedno hasło: Beat L.A.! Nie może być inaczej, skoro jestem fanem Boston Celtics. Doskonale wiem jednak, że NBA bez Los Angeles Lakers nie byłaby taka sama. Ten zespół to nieodłączny element koszykarskiego świata. Warto znać jego historię i mieć świadomość, jak wielcy zawodnicy go reprezentowali.
Maciej Zieliński, legenda koszykarskiego Śląska Wrocław


Marcin Harasimowicz spędził wiele lat na gromadzeniu materiałów i pracy nad książką. Obejrzał setki meczów, przeczytał dziesiątki książek i tysiące wywiadów, sam przeprowadził setki rozmów. Szczegółowo opisał całą bogatą historię drużyny, dokopując się w dziejach Lakers nawet do polskich wątków.
Michał Rutkowski, „MVP Magazyn”


Marcin Harasimowicz
 – dziennikarz sportowy, pisarz komediowy, aktor, producent i gospodarz hitowych w południowej Kalifornii stand-up shows. Autor książki LeBron James. Król jest tylko jeden? oraz dziennikarz akredytowany na mecze Lakers i Clippers. Publikował między innymi na łamach „Przeglądu Sportowego”, „MVP”, „Playboya” i „Daily Mail”, pracował też dla BBC Sports oraz światowej edycji „Four Four Two”. Jest współgospodarzem popularnego podcastu komediowo-sportowego Soccer Comics. Mieszka w Los Angeles. Można go śledzić na Twitterze: @martinwharris."
Prezent dla koszykarza;1;Notatnik Wilson NBA Padfolio A4;Wilson;129.00;1;100;https://sklepkoszykarski.pl/userdata/public/gfx/7006/Notatnik-Wilson-NBA-Padfolio-A4.jpg;"Oficjalny notes NBA Wilson
, służący również jako podkładka przy notowaniu bezpośrednio na notesie. Twarda oprawa wykonana z wysokiej jakości materiałów. Powierzchnia 
notatnika Wilson NBA Padfolio
 wykonana została na podobieństwo piłki do koszykówki, wykonana z prawdziwej skóry kompozytowej. W środku znajduje się notes NBA, a na lewym skrzydle przegródki na długopis, wizytówki oraz przegródka na pojedyncze kartki A4. Idealny prezent dla trenera i wszystkich fanów koszykówki NBA."
Prezent dla koszykarza;1;Brelok do kluczy Wilson z logo NBA  ze skóry naturalnej;Wilson;74.90;1;100;https://sklepkoszykarski.pl/userdata/public/gfx/8188/Brelok-do-kluczy-Wilson-z-logo-NBA-ze-skory-naturalnej.jpg, https://sklepkoszykarski.pl/userdata/public/gfx/8189/Brelok-do-kluczy-Wilson-z-logo-NBA.jpg;"Brelok do kluczy Wilson z logo NBA
 to stylowy dodatek, który podkreśli Twoją pasję do koszykówki? 
Brelok do kluczy Wilson z logo NBA
 to drobiazg, który robi wrażenie. Wykonany z naturalnej skóry – tej samej, co w oficjalnej piłce meczowej NBA – zachwyca jakością i sportowym charakterem.


To świetny 
prezent dla koszykarza
, 
fana koszykówki
 lub po prostu dla siebie – jeśli szukasz praktycznego i stylowego akcentu do kluczy lub plecaka. Elegancki, trwały i nienachalny – ten brelok mówi więcej niż tysiąc słów."
Piłki do siatkówki,Piłki do siatkówki Wilson;1;Piłka do siatkówki plażowej Wilson AVP PXL;Wilson;69.90;1;100;https://sklepkoszykarski.pl/userdata/public/gfx/8212/Najlepsza-pilka-do-siatkowki-plazowej-Wilson-AVP-PXL-na-plaze--detale-paneli.jpg, https://sklepkoszykarski.pl/userdata/public/gfx/8209/Profesjonalna-pilka-do-siatkowki-plazowej-Wilson-AVP-PXL--struktura-powierzchni.jpg;"Piłka do siatkówki plażowej Wilson AVP PXL
 łączy w sobie wyjątkowy design z najwyższą jakością wykonania. Stworzona z myślą o plażowej grze, wyróżnia się kolorystyką inspirowaną naturalnym klimatem wybrzeża oraz solidną konstrukcją: szytym pokryciem z recyklingowanego TPU i uszczelnionym pęcherzem Pressure Lock. 
Piłka do siatkówki plażowej Wilson AVP PXL
 to nie tylko styl, ale i trwałość, której oczekuje każdy siatkarz. Jeśli szukasz piłki idealnej 
dla siatkarza
 i pasującej 
do siatkówki plażowej
 — właśnie ją znalazłeś!


 


Rozmiar: 5
Materiał: Recyklingowane TPU
Przeznaczenie: Siatkówka plażowa
Szyta: Ręcznie"
Piłki do siatkówki,Piłki do siatkówki Wilson;1;Piłka do siatkówki plażowej Wilson Graffiti Peace;Wilson;105.00;1;100;https://sklepkoszykarski.pl/userdata/public/gfx/8191/Pilka-do-siatkowki-Wilson-Graffiti-Peace.jpg, https://sklepkoszykarski.pl/userdata/public/gfx/8192/Kolorowa-pilka-do-siatkowki-Wilson-Graffiti-Peace--stylowy-wybor-na-plaze-lub-hale.jpg;"Piłka do siatkówki plażowej Wilson Graffiti Peace
 została zaprojektowana z myślą o grze pełnej stylu i pasji. Jej dynamiczny wzór, inspirowany szkicownikiem artysty, doskonale oddaje ducha 
siatkówki plażowej
 , a ekologiczne wykonanie z recyklingowanego TPU wspiera zrównoważone wybory.


Dzięki piankowej warstwie i szczelnemu pęcherzowi Pressure Lock, 
p
iłka do siatkówki plażowej Wilson Graffiti Peace 
zapewnia świetne czucie i trwałość na każdej nawierzchni. To idealny wybór do 
siatkówki plażowej
, zarówno dla amatorów, jak i profesjonalnych graczy. Jeśli szukasz wyjątkowej 
piłki do plażówki
 – właśnie ją znalazłeś.


Rozmiar: 5
Przeznaczenie: Siatkówka plażowa"
Piłki do siatkówki,Piłki do siatkówki Wilson;1;Piłka do siatkówki plażowej Wilson Shoreline Soft Gen green;Wilson;89.00;1;100;https://sklepkoszykarski.pl/userdata/public/gfx/8187/Wilson-Shoreline-Soft--stylowa-pilka-do-siatkowki-z-delikatnym-wzorem-fal.jpg, https://sklepkoszykarski.pl/userdata/public/gfx/8186/Wilson-Shoreline-Soft--zielona-pilka-plazowa-z-ekologicznym-akcentem.jpg;"Piłka do siatkówki plażowej Wilson Shoreline Soft Gen green
 to połączenie stylu, trwałości i komfortu użytkowania – idealna 
dla siatkarza
, który ceni jakość zarówno na treningu, jak i podczas rekreacyjnych rozgrywek. Zaprojektowana z myślą o graczach oczekujących więcej, świetnie sprawdzi się na każdym rodzaju piasku.


Dzięki miękkiej powierzchni zapewnia wyjątkową wygodę przy odbiciach, a solidna konstrukcja gwarantuje trwałość nawet przy intensywnym użytkowaniu. Posiada oficjalny 
rozmiar piłki do siatkówki plażowej
, co czyni ją idealnym wyborem 
do siatkówki
 na poziomie amatorskim i półprofesjonalnym.


To również doskonały pomysł na 
prezent dla siatkarza
 – zarówno młodego adepta, jak i doświadczonego zawodnika, który ceni sobie funkcjonalność i estetykę sprzętu.




Cechy 
piłki do siatkówki plażowej Wilson Shoreline Soft Gen green
:




- Oficjalny rozmiar i waga piłki plażowej


- Stylowy, przyciągający wzrok design


- Świetna przyczepność i kontrola w każdych warunkach


Zamów już teraz i przekonaj się, jak wiele radości może dać gra, w której siatkówka plażowa piłka na plażę od Wilson staje się nieodłącznym towarzyszem!"
Piłki do siatkówki,Piłki do siatkówki Wilson;1;Piłka do siatkówki Wilson AVP Soft Play - biała;Wilson;75.00;1;100;https://sklepkoszykarski.pl/userdata/public/gfx/7938/Pilka-do-siatkowki-Wilson-AVP-Soft-Play---biala.webp, https://sklepkoszykarski.pl/userdata/public/gfx/7939/Idealna-do-rekreacyjnej-gry-pilka-siatkowa-Wilson-AVP-Soft-Play-w-kolorze-bialym.webp;"Piłka do siatkówki Wilson AVP Soft Play - biała
 to idealny wybór dla graczy ceniących komfort i wysoką jakość. Ta miękka piłka do siatkówki wykonana z pianki i 18-panelowej konstrukcji szytej maszynowo doskonale sprawdza się zarówno na plaży, jak i w hali, oferując świetne wrażenia z gry.


Wyposażona w butylową dętkę, piłka utrzymuje stałe ciśnienie przez długi czas, co czyni ją odpowiednią piłka do siatkówki dla początkujących, jest to odpowiednia piłka siatkowa również dla dzieci jak i rekreacyjnych graczy. Klasyczny design w białym kolorze dodaje elegancji, a miękkość sprawia, że jest bezpieczna dla dłoni, idealna dla dzieci i młodzieży.


Piłka do siatkówki Wilson AVP Soft Play - biała
 przeznaczona jest do gry na piasku i hali, ta miękka piłka do siatkówki plażowej łączy trwałość z komfortem, będąc doskonałym wyborem dla amatorów oraz profesjonalistów. 


Rozmiar:
 Piłka do siatkówki rozmiar 5
Materiał:
 Skóra syntetyczna
Przeznaczenie:
 Siatkówka plażowa"
Piłki do siatkówki,Piłki do siatkówki Wilson;1;Piłka do siatkówki Wilson AVP Soft Play - niebieska;Wilson;75.00;1;100;https://sklepkoszykarski.pl/userdata/public/gfx/7946/Pilka-do-siatkowki-Wilson-AVP-Soft-Play---niebieska.webp, https://sklepkoszykarski.pl/userdata/public/gfx/7942/Pilka-do-siatkowki-Wilson-AVP-Soft-Play---niebieska%2C-widok-boczny%2C-miekka-pilka-idealna-na-plaze-i-hale..webp;"Piłka do siatkówki Wilson AVP Soft Play - niebieska
 to świetny wybór dla osób poszukujących komfortu i trwałości. 
Miękka piłka do siatkówki
 stworzona została z 18-panelowej konstrukcji szytej maszynowo, gwarantuje doskonałe wrażenia z gry zarówno na plaży, jak i w hali.


Dzięki wyjątkowej miękkości, ten model piłki jest przyjazny dla dłoni, co czyni go idealnym dla początkujących graczy, dzieci i młodzieży, a siatkówka plażowa przyjemnością. Lekka konstrukcja oraz wysokiej jakości butylowa dętka utrzymująca stałe ciśnienie sprawiają, że jest to produkt o wysokiej funkcjonalności i niezrównanym komforcie gry.


Piłka do siatkówki Wilson AVP Soft Play - niebieska
 została zaprojektowana z myślą o grze na piasku i w halach sportowych, jednak nie nadaje się do użytkowania na twardych nawierzchniach jak beton czy asfalt. Jej elegancki, niebieski design sprawia, że wyróżnia się na każdym boisku, oferując jednocześnie jakość, której oczekuje się od marki Wilson.








Rozmiar


Piłka do siatkówki rozmiar 5






Przeznaczenie


Siatkówka plażowa






Materiał


Skóra syntetyczna"
Piłki do siatkówki,Piłki do siatkówki Wilson;1;Piłka do siatkówki Wilson AVP Soft Play - różowa;Wilson;75.00;1;100;https://sklepkoszykarski.pl/userdata/public/gfx/7951/Pilka-do-siatkowki-Wilson-AVP-Soft-Play---rozowa.webp, https://sklepkoszykarski.pl/userdata/public/gfx/7948/Pilka-do-siatkowki-Wilson-AVP-Soft-Play---rozowa%2C-widok-z-gory-z-detalami-konstrukcji-18-panelowej..webp;"Piłka do siatkówki Wilson AVP Soft Play
 - różowa to idealny wybór dla osób ceniących komfort gry i solidne wykonanie. Dzięki 18-panelowej konstrukcji szytej maszynowo oraz miękkiej piankowej powierzchni, piłka zapewnia wyjątkowy dotyk, trwałość i wygodę użytkowania.


Ta
 miękka piłka do siatkówki
 przeznaczona zarówno na plażę, jak i halę jest doskonała dla dzieci, młodzieży, początkujących oraz amatorów, oferując bezpieczną i przyjemną grę. Jest to model piłki siatkowej, który posiada estetyczny różowy design, co dodaje jej unikalnego charakteru, wyróżniając ją spośród innych modeli.


Stworzona z myślą o rekreacyjnych graczach, piłka gwarantuje niezawodność i komfort, ale nie zaleca się jej używania na twardych nawierzchniach, takich jak beton. 
Piłka do siatkówki Wilson AVP Soft Play - różowa
 to idealny wybór jeśli chodzi o piłki do siatkówki dla dzieci i dla tych, którzy szukają wysokiej jakości, funkcjonalności i pięknego wyglądu w jednym produkcie.








Rozmiar


5






Przeznaczenie


Siatkówka plażowa






Materiał


Miękka skóra syntetyczna"
Piłki do siatkówki,Piłki do siatkówki Wilson;1;Piłka do siatkówki Wilson Mr Castaway;Wilson;74.00;1;100;https://sklepkoszykarski.pl/userdata/public/gfx/7696/Pilka-do-siatkowki-Wilson-Mr-Castaway.jpg, https://sklepkoszykarski.pl/userdata/public/gfx/7654/Pilka-do-siatkowki-Wilson-Mr-Castaway.jpg;"Piłka do siatkówki Wilson Mr Castaway
 inspirowana jest tą z filmu ""Cast Away - Poza Światem"" z Tomem Hanksem. Wyposażona w 18-panelową konstrukcję szytą maszynowo oraz wykonaną z wysokiej jakości skóry syntetycznej, zapewnia doskonałą wytrzymałość. Ta 
pilka do siatkówki
 Doskonale sprawdzi się zarówno w siatkówce halowej, jak i plażowej. Butylowa dętka gwarantuje długotrwałe utrzymanie ciśnienia. 
Piłka do siatkówki Wilson Mr Castaway
 jest idealna do gry na twardych nawierzchniach. Piłka do siatkówki ma oficjalny rozmiar i wagę, co czyni ją odpowiednią dla osób powyżej 13 roku życia, posiada również homologację AVP.


Rozmiar:5
Materiał: skóra syntetyczna"
Piłki do siatkówki,Piłki do siatkówki Wilson;1;Piłka do siatkówki Wilson Nova Light;;149.00;1;100;https://sklepkoszykarski.pl/userdata/public/gfx/8313/Pilka-do-siatkowki-Wilson-Nova-Light--kolorowa%2C-dobrze-widoczna-i-komfortowa-w-odbiciach.jpg, https://sklepkoszykarski.pl/userdata/public/gfx/8308/Wilson-Nova-Light--pilka-do-siatkowki-rozmiar-5-o-lekkiej-konstrukcji-dla-mlodziezy-i-amatorow.jpg;"Piłka do siatkówki Wilson Nova Light
 została stworzona z myślą o młodszych graczach i początkujących, którzy potrzebują lekkiego i dobrze wyważonego modelu. Jej waga to zaledwie 8 uncji, co sprawia, że gra staje się łatwiejsza i bardziej komfortowa. Wysokiej jakości mikrokompozytowa skóra, laminowana powierzchnia i solidna dętka typu Pressure Lock gwarantują długą żywotność. To klasyczna 
piłka do siatkówki rozmiar 5
, odpowiadająca oficjalnym standardom rozmiarów piłek do siatkówki.
 Piłka do siatkówki Wilson Nova Light
 świetnie sprawdza się w hali – do siatkówki rekreacyjnej i treningowej. Wybierz model, który wspiera rozwój techniki już od pierwszych odbić.


Rozmiar: 5
Przeznaczenie: siatkówka halowa
Łączenia: laminowane"
Piłki do siatkówki,Piłki do siatkówki Wilson;1;Piłka do siatkówki Wilson OPTX AVP Official Game Ball;Wilson;289.00;1;100;https://sklepkoszykarski.pl/userdata/public/gfx/7935/Pilka-do-siatkowki-Wilson-OPTX-AVP-Official-Game-Ball.webp, https://sklepkoszykarski.pl/userdata/public/gfx/7927/Detal-wzoru-i-kolorystyki-pilki-Wilson-OPTX-AVP-Official-Game-Ball.webp;"Piłka do siatkówki Wilson OPTX AVP Official Game Ball
 to rewolucyjny model, który został zaprojektowany z myślą o najbardziej wymagających graczach siatkówki plażowej. Ten wysokiej jakości produkt stworzony przez renomowaną 
markę Wilson
 wyróżnia się wyjątkowym designem piłek do siatkówki Wilson oraz zastosowaniem najnowszych technologii, oferując niezwykły komfort gry i precyzję, której oczekują profesjonaliści.


Dzięki 
technologii VST™
 (Visual Spin Technology) piłka ta gwarantuje rewolucyjną możliwość wizualnego śledzenia ruchu. Intensywne kolory i 
grafika Optic Flow
 zostały zaprojektowane tak, aby piłka była maksymalnie widoczna w każdych warunkach – od jasnego słońca, przez piasek, aż po tłumy pełne kolorowych ubrań. To innowacyjne podejście do gry w siatkówkę sprawia, że gracze zawsze zyskują przewagę na boisku.


Ten model bazuje na sprawdzonej 18-panelowej konstrukcji, znanej z oryginalnych piłek AVP. 
Wykonana z wysokiej jakości materiałów, a dokładnie mieszanki mikrofibry i syntetycznej skóry, piłka zapewnia nie tylko trwałość i odporność na zmienne warunki atmosferyczne, ale również optymalny chwyt.
 Jak wszystkie oficjalne piłki AVP, ten model dostarcza maksymalną wydajność, niezależnie od tego, czy grasz rekreacyjnie, czy rywalizujesz na profesjonalnym poziomie.


Piłka do siatkówki Wilson OPTX AVP Official Game Ball
 to nie tylko przełomowy wygląd, marka Wilson zadbała także niezawodną wydajność. Zaprojektowana z myślą o graczach ceniących profesjonalne piłki do siatkówki plażowej i precyzyjne wykonanie, ta Wilson piłka siatkowa jest doskonałym wyborem do rywalizacji na najwyższym poziomie.








Rozmiar


Piłka do siatkówki rozmiar 5, odpowiedni dla osób od 13 roku życia wzwyż






Konstrukcja


18-panelowa konstrukcja gwarantująca trwałość i optymalne parametry gry






Przeznaczenie




Siatkówka plażowa








Waga


Zgodna z oficjalnymi standardami dla profesjonalnych rozgrywek"
Piłki do siatkówki,Piłki do siatkówki Wilson;1;Piłka do siatkówki Wilson OPTX AVP Replica;Wilson;129.00;1;100;https://sklepkoszykarski.pl/userdata/public/gfx/7924/Pilka-do-siatkowki-Wilson-OPTX-AVP-Replica.png, https://sklepkoszykarski.pl/userdata/public/gfx/7925/Pilka-do-siatkowki-plazowej-Wilson-OPTX-AVP-Replica.png;"Piłka do siatkówki Wilson OPTX AVP Replica
 – idealna dla entuzjastów siatkówki, zarówno plażowej, jak i halowej. Stworzona przez markę Wilson, ta piłka wyróżnia się precyzyjnym wykonaniem, wysoką jakością materiałów i nowoczesnym designem.


Jej 18-panelowa konstrukcja, szyta maszynowo, zapewnia doskonałą wytrzymałość i odporność na intensywne użytkowanie, zarówno w amatorskich, jak i profesjonalnych rozgrywkach. Wykonana z wysokiej jakości skóry syntetycznej, piłka oferuje wyjątkowy komfort gry i świetny chwyt, niezależnie od warunków atmosferycznych. To doskonały wybór dla każdego, kto szuka oficjalnej piłki z homologacją AVP, która zachwyca trwałością i stylowym wyglądem.


Dzięki zastosowaniu butylowego pęcherza, piłka dłużej utrzymuje odpowiednie ciśnienie, co minimalizuje konieczność częstego pompowania i pozwala w pełni skupić się na grze. Rozmiar piłki to standardowy rozmiar 5, co sprawia, że idealnie nadaje się do profesjonalnych rozgrywek oraz rekreacyjnej zabawy na plaży.


Wilson OPTX AVP Replica
 to produkt, który idealnie oddaje design piłek do siatkówki Wilson, łącząc nowoczesny wygląd z funkcjonalnością. Jeżeli cenisz piłki siatkowe stworzone z myślą o najwyższych standardach, to właśnie ten model jest dla Ciebie. Polecany dla wszystkich graczy, którzy szukają profesjonalnych piłek do siatkówki, gwarantujących niezrównaną jakość i komfort gry.


Ta
 piłka do siatkówki plażowej
 jest świetnym wyborem zarówno dla amatorów, jak i profesjonalistów.


Ciesz się grą na najwyższym poziomie z wysokiej jakości piłkami Wilson!


 








Materiał


skóra syntetyczna






Rozmiar


5






Przeznaczenie


Siatkówka plażowa






Ilość paneli


18






Szycie
 


maszynowe"
Piłki do siatkówki,Piłki do siatkówki Wilson;1;Piłka do siatkówki Wilson PRO Tour;Wilson;99.00;1;100;https://sklepkoszykarski.pl/userdata/public/gfx/7969/Pilka-do-siatkowki-halowej-Wilson-PRO.png, https://sklepkoszykarski.pl/userdata/public/gfx/7963/Pilka-do-siatkowki-Wilson-PRO-Tour.png;"Piłka do siatkówki Wilson PRO Tour
 jest idealnym wyborem jeśli szukasz świetnej jakości 
piłki siatkowej
, która łączy w sobie precyzyjne wykonanie, wysoką jakość materiałów, oraz oficjalne parametry. 
Piłka Wilson PRO Tour
 wyróżnia się pokryciem ze skóry syntetycznej, które zapewnia miękkość w dotyku, a jednocześnie długotrwałą wytrzymałość. Dzięki 18-panelowej osłonie i szwom V-Tec, piłka zachowuje optymalny okrągły kształt, nawet po wielu meczach. Butylowy pęcherz blokuje utratę ciśnienia, co sprawia, że 
Wilson piłka siatkowa
 doskonale sprawdzi się podczas intensywnych treningów i rozgrywek. Piłka została zaprojektowana specjalnie do gry w pomieszczeniach, oferując oficjalny rozmiar i wagę, co czyni ją idealnym wyborem dla osób 
od 13. roku życia
. Profesjonalna grafika i innowacyjna konstrukcja to nie tylko estetyczny design, ale również wysokiej jakości piłki .


Dlaczego warto wybrać piłkę Wilson PRO Tour?








Wysokiej jakości materiały


Skóra syntetyczna i wzmocniona konstrukcja.






Precyzyjne wykonanie


Osłona z 18 paneli zapewnia perfekcyjny kształt.






Długotrwała trwałość


Butylowy pęcherz utrzymuje ciśnienie przez dłuższy czas.






Rozmiar


5








Wilson to renomowany producent sprzętu sportowego, który od lat dostarcza wysokiej jakości piłki siatkowe i akcesoria, spełniając oczekiwania graczy na całym świecie. 
Piłka do siatkówki Wilson PRO Tour
 to doskonały przykład tego, jak marka dba o komfort, wszechstronność i trwałość swoich produktów.


Nie zwlekaj – wybierz Piłkę Wilson PRO Tour i doświadcz profesjonalizmu na każdym meczu! Piłki wysyłamy nienapompowane – zadbaj o odpowiednie pompowanie piłki, aby cieszyć się jej doskonałymi właściwościami już od pierwszej gry."
Piłki do siatkówki,Piłki do siatkówki Wilson;1;Piłka do siatkówki Wilson Pro Tour multicolor;Wilson;89.00;1;100;https://sklepkoszykarski.pl/userdata/public/gfx/8144/Pilka-do-siatkowki-Wilson-Pro-Tour-multicolor--profesjonalna-pilka-halowa-rozmiar-5..jpg, https://sklepkoszykarski.pl/userdata/public/gfx/8145/Wilson-Pro-Tour-multicolor--trwala-pilka-do-siatkowki-halowej-w-oficjalnym-rozmiarze..jpg;"Piłka do siatkówki Wilson Pro Tour multicolor
 to doskonały wybór 
dla siatkarza
, który ceni wysoką jakość i trwałość. Stworzona z myślą o grze na hali, ta 
piłka do siatkówki halowej
 wyróżnia się syntetyczną skórą, zapewniającą miękki kontakt i długą żywotność. Dzięki technologii V-Tec i laminowanej konstrukcji gwarantuje doskonałą kontrolę nad piłką oraz precyzyjne odbicia.


✔ 
Oficjalny rozmiar i waga
 – piłka do siatkówki rozmiar 5, idealna do gry rekreacyjnej i treningów.
✔ 
Trwałość i komfort
 – syntetyczna skóra i wzmocniona konstrukcja zwiększają odporność na zużycie.
✔ 
Precyzja gry
 – szwy V-Tec poprawiają aerodynamikę i kontrolę nad piłką.
✔ 
Do siatkówki halowej
 – zaprojektowana specjalnie do gry na zamkniętych obiektach.


Niezależnie od tego, czy grasz rekreacyjnie, czy doskonalisz swoje umiejętności, 
piłka do siatkówki Wilson Pro Tour multicolor
 zapewni Ci najlepsze wrażenia z gry. 


Prezentowana 
piłka do siatkówki halowej
 wyróżnia się dynamicznym, wielokolorowym designem, łączącym odcienie żółtego, niebieskiego, różowego, zielonego i białego, co nie tylko nadaje jej nowoczesny wygląd, ale także zwiększa widoczność podczas gry.


Rozmiar:
 5
Przeznaczenie:
 Siatkówka halowa
Materiał:
 Skóra syntetyczna"
Piłki do siatkówki,Piłki do siatkówki Wilson;1;Piłka do siatkówki Wilson Shoreline Eco;Wilson;64.00;1;100;https://sklepkoszykarski.pl/userdata/public/gfx/7962/Pilka-do-siatkowki-Wilson-Shoreline-Eco.png, https://sklepkoszykarski.pl/userdata/public/gfx/7960/Pilka-do-siatkowki-plazowej-Wilson-Shoreline-Eco-w-pudelku-ekologicznym.png;"Piłka do siatkówki Wilson Shoreline Eco
 to idealna piłka siatkarska dla entuzjastów siatkówki plażowej, którzy łączą sportową pasję z troską o środowisko naturalne. Wyprodukowana z 
biologicznej pianki EVA I'm green™
 od firmy Braskem, bazującej na odnawialnej trzcinie cukrowej, stanowi przykład zrównoważonego podejścia do tworzenia sprzętu sportowego.


Projektując tę piłkę siatkową, postawiono na harmonię z naturą. Jej wzór inspirowany falami oceanu nawiązuje do potrzeby ochrony naszej planety, a wytłoczone logo Wilson zostało wykonane w procesie wymagającym mniejszego zużycia wody, co podkreśla ekologiczne wartości produktu.


Ta piłka siatkarska plażowa charakteryzuje się trwałą, 18-panelową konstrukcją szytą maszynowo, która zapewnia optymalny kształt i wytrzymałość podczas intensywnych rozgrywek. Materiał, z którego wykonano wyściółkę, w 40% składa się z pianki EVA pochodzącej z trzciny cukrowej, co nie tylko redukuje wpływ na środowisko, ale także gwarantuje wysoki komfort użytkowania.


Dla osób, które cenią innowacyjne rozwiązania, ekologiczne materiały i nowoczesny design, 
Piłka do siatkówki Wilson Shoreline Eco
 to doskonały wybór. Należy do serii
 Gen Green
 – kolekcji stworzonej dla świadomych sportowców, którzy pragną grać w zgodzie z naturą.








Rozmiar 


Piłka do siatkówki rozmiar 5






Przeznaczenie 


Piłka do plażówki






Łączenie


Szyta 






Materiał 


Skóra syntetyczna"
Piłki do siatkówki,Piłki do siatkówki Wilson;1;Piłka do siatkówki Wilson Thrive;Wilson;289.00;1;100;https://sklepkoszykarski.pl/userdata/public/gfx/8306/Oficjalna-pilka-do-siatkowki-Wilson-Thrive--wytrzymala-i-dobrze-widoczna-pilka-do-siatkowki-rozmiar-5.jpg, https://sklepkoszykarski.pl/userdata/public/gfx/8302/Wilson-Thrive--dobra-pilka-do-siatkowki-rozmiar-5-w-kolorystyce-bialo-niebiesko-czerwonej.jpg;"Piłka do siatkówki Wilson Thrive
 została stworzona z myślą o maksymalnym komforcie gry. Jej miękka, mikrokompozytowa skóra pozwala na dokładne odbicia i płynne podania, ograniczając jednocześnie siłę uderzenia – idealna dla siatkarza ceniącego kontrolę. Wysokiej jakości wnętrze i konstrukcja V-tec™ gwarantują trwałość oraz stabilność na boisku. Wybierając 
piłkę do siatkówki rozmiar 5
, stawiasz na standardowy wymiar dopasowany do większości treningów i rozgrywek. 
Piłka do siatkówki Wilson Thrive
 to doskonały wybór do siatkówki halowej, który wyróżnia się jakością i komfortem gry wśród wielu dostępnych rozmiarów piłek do siatkówki.


Rozmiar: 5
Przeznaczenie: piłka do siatkówki halowej
Materiał: skóra mikro-fiber"
Piłki do siatkówki,Piłki do siatkówki Wilson;1;Piłka meczowa do siatkówki Wilson Helix;Wilson;289.00;1;100;https://sklepkoszykarski.pl/userdata/public/gfx/8324/Pilka-meczowa-do-siatkowki-Wilson-Helix.jpg;"Piłka meczowa do siatkówki Wilson Helix
 została zaprojektowana z myślą o graczach, którzy celują w perfekcję. Niezależnie od tego, czy jesteś młodym zawodnikiem, czy doświadczonym siatkarzem – ta 
piłka do siatkówki meczowa
 z pewnością spełni Twoje oczekiwania.


Wyposażona w 
rozmiar 5
 i oficjalną wagę, zapewnia zgodność z wymaganiami profesjonalnych rozgrywek. Jej wewnętrzna struktura i wykończenie ze skóry sprawiają, że to 
najlepsza piłka do siatkówki
, jeśli chodzi o wytrzymałość, kontrolę i dynamikę gry.


Wilson piłka do siatkówki
 to gwarancja niezawodności. Stworzona z materiałów najwyższej klasy, przystosowana do halowej gry, oferuje stabilność, której potrzebujesz podczas intensywnych treningów i ważnych spotkań.


Profesjonalna piłka do siatkówki Wilson Helix
 to więcej niż sprzęt – to pewność, że każde uderzenie będzie celne, a każdy set zakończony sukcesem.




Trwała, skórzana powłoka


Doskonała do gry halowej


Rozmiar 5 i waga zgodne z normami"
Piłki do siatkówki,Piłki do siatkówki Molten;1;Piłka do siatkówki Molten V5M5000 meczowa FIVB;Molten;258.00;1;100;https://sklepkoszykarski.pl/userdata/public/gfx/7232/Pilka-do-siatkowki-Molten-V5M5000-meczowa.jpg, https://sklepkoszykarski.pl/userdata/public/gfx/7233/Pilka-do-siatkowki-Molten-V5M5000-meczowa.jpg;"Piłka do siatkówki Molten V5M5000 meczowa 
FIVB to profesjonalny model zatwierdzony przez siatkarską organizację międzynarodową 
FIVB
 produkowany w rozmiarze 5. Dzięki innowacyjnemu układowi paneli i strukturze przypominającej plastry miodu, zapewnia stabilne odbicie, trwałość i wyjątkową miękkość. Technologia Flight Stability zapewnia doskonałą kontrolę lotu. Prezentowana 
piłka do siatkówki Molten
 ma pęcherz z butylowej gumy, podwójnie laminowany i wzmocniony nylonem, co gwarantuje nie tylko odpowiednie odbicie, ale także trwałość i długotrwałe zachowanie ciśnienia powietrza. Dzięki temu nie musisz martwić się częstym pompowaniem piłki. Oficjalna piłka do siatkówki Molten v5m5000 - meczowa to wybór mistrzowski, doceniany przez ligi siatkarskie na całym świecie, w tym w tym w Polsce. Jest to jeden z najczęściej wybieranych modeli piłki siatkowej przez kluby siatkarskie oraz szkoły.


Materiał: skóra syntetyczna
Rozmiar: 5
Przeznaczenie: siatkówka halowa"
Piłki do siatkówki,Piłki do siatkówki Molten;1;Piłka do siatkówki Molten V4M4500;Molten;189.00;1;100;https://sklepkoszykarski.pl/userdata/public/gfx/7136/Pilka-siatkowa-Molten-V4M4500.jpg;"Piłka siatkowa Molten V4M4500
 to doskonały wybór dla miłośników siatkówki halowej. Wykonana z miękkiej skóry kompozytowej, jest niezwykle delikatna w dotyku, a jednocześnie wytrzymała. Zapewnia precyzyjne odbicia i ataki, dzięki czemu doskonale sprawdza się w grze. Składająca się z 18 paneli 
piłka do siatkówki
 zapewnia niezawodność i doskonałą równowagę w locie. Ponadto, spełnia wszystkie wymogi FIVB. Dostępna w rozmiarze 4, jest idealnym wyborem do profesjonalnych rozgrywek siatkówki halowej.


Rozmiar: 4
Materiał: miękka skóra kompozytowa
Przeznaczenie: siatkówka halowa"
Piłki do siatkówki,Piłki do siatkówki Molten;1;Piłka do siatkówki Molten V5M4500;Molten;185.00;1;100;https://sklepkoszykarski.pl/userdata/public/gfx/7161/Pilka-do-siatkowki-Molten-V5M4500.jpg;"Piłka do siatkówki Molten V5M4500
 to piłka, która wyróżnia się niezwykłą lekkością, co pozwala na pełną swobodę ruchów oraz precyzję. Wykonana z najwyższej jakości materiału syntetycznego i starannie sklejona, gwarantuje wyjątkową trwałość, umożliwiając długie godziny gry bez obaw o jej stan. Konstrukcja 
piłki do siatkówki Molten
 składająca się z 18 paneli zapewnia doskonałą równowagę i stabilność w locie, co jest kluczowe w grze w siatkówkę. Dętka butylowa utrzymuje odpowiednie ciśnienie, eliminując konieczność nieustannego kontrolowania jej stanu przed rozpoczęciem gry. W rozmiarze 5, spełniającym standardy FIVB, 
Molten V5M4500
 jest zgodna z międzynarodowymi regulacjami, co zapewnia pełną zgodność z wymaganiami turniejowymi.


 


 


Rozmiar: 5
Materiał: skóra ekologiczna
Przeznaczenie: siatkówka halowa"
Piłki do siatkówki,Piłki do siatkówki Molten;1;Piłka do siatkówki Molten V5M4000;Molten;149.00;1;100;https://sklepkoszykarski.pl/userdata/public/gfx/7164/Pilka-do-siatkowki-Molten-V5M4000.jpg;"Piłka do siatkówki Molten V5M4000
 to profesjonalny wybór dla mistrzów siatkówki, gwarantujący przewagę na boisku. Zatwierdzona przez Międzynarodową Federację Piłki Siatkowej (FIVB). Prezentowana 
piłka siatkowa Molten V5M4000
 została stworzona z myślą o intensywności profesjonalnych meczów. Wykonana z miękkiej skóry kompozytowej, klejona, składająca się z 18 paneli, zapewnia niezwykłą miękkość w dotyku oraz trwałość. Piłka V5M4000 jest dedykowana grze na hali. Ten model 
Molten
 spełnia wszelkie wymagania Międzynarodowej Federacji Piłki Siatkowej (FIVB), potwierdzając swoją jakość i profesjonalizm.


 


Przeznaczenie: siatkówka halowa
Rozmiar 5
Materiał: skóra PU
Sposób łączenia: klejona
Liczba paneli: 18
Klasyfikacja: trening regularny / klubowy"
Piłki do siatkówki,Piłki do siatkówki Molten;1;Piłka do siatkówki Molten  V4M4000;Molten;149.00;1;100;https://sklepkoszykarski.pl/userdata/public/gfx/7143/Pilka-do-siatkowki-Molten-V4M4000.jpg;"Piłka do siatkówki Molten V4M4000
 stanowi doskonałą propozycję dla pasjonatów tej dyscypliny. Ta 
piłka siatkowa
 została stworzona z zastosowaniem klejonej miękkiej skóry kompozytowej, co sprawia, że jest ona niezwykle przyjemna w dotyku, a jednocześnie charakteryzuje się solidną wytrzymałością. Złożona z 18 paneli i mająca rozmiar 4, spełnia ona wszystkie normy ustalone przez FIVB, co gwarantuje wysoką jakość gry. Nie ważne, czy grasz na hali czy w innych warunkach, właściwości 
piłki Molten V4M4000
 sprawiają, że spełni oczekiwania nawet najbardziej wymagających graczy.


 


Rozmiar: 4
Przeznaczenie: siatkówka halowa
Materiał: skóra kompozytowa"
Piłki do siatkówki,Piłki do siatkówki Molten;1;Piłka do siatkówki Molten Soft Touch V5M2200;Molten;85.00;1;100;https://sklepkoszykarski.pl/userdata/public/gfx/7145/Pilka-do-siatkowki-Molten-Soft-V5M2200.jpg;"Piłka do siatkówki Molten Soft V5M2200
 to doskonały wybór dla osób, które dbają o komfort podczas gry. Ta piłka do siatki wykonana jest z miękkiej skóry PU i wyposażona w warstwę z pianki EVA, zapewnia wygodne chwytanie. Zbudowana z 18 klejonych paneli i laminowana, jest wytrzymała i odporna na intensywną grę. Dzięki dętce butylowej utrzymuje właściwe ciśnienie podczas rozgrywki. Standardowy rozmiar 5 sprawia, że jest idealna zarówno dla profesjonalnych graczy, jak i amatorów, niezależnie od poziomu zaawansowania.


 


Przeznaczenie: siatkówka halowa
Materiał: skóra syntetyczna SOFT TOUCH
Rozmiar: 5"
Piłki do siatkówki,Piłki do siatkówki Molten;1;Piłka do siatkówki Molten V5M2000;Molten;99.90;1;100;https://sklepkoszykarski.pl/userdata/public/gfx/7142/Pilka-do-siatkowki-Molten-V5M2000.jpg;"Piłka do siatkówki Molten V5M2000
 to doskonały wybór dla miłośników siatkówki, zarówno tych rozpoczynających swoją przygodę z grą, jak i tych, którzy cenią sobie rekreacyjny charakter rozgrywek. Ta 
piłka siatkowa
 wykonana została z wyjątkowej jakości skóry PU.


Składa się z 18 precyzyjnie uszytych paneli, które są kluczowe dla kontroli jej trajektorii lotu. Układ paneli jest starannie zaplanowany, dzięki czemu gracze mogą w pełni kontrolować piłkę podczas przyjmowania, uderzeń i bloków. Wewnętrzna dętka butylowa utrzymuje ciśnienie piłki na stabilnym poziomie, co gwarantuje niezawodność jej lotu.


 


Rozmiar: 5
Przeznaczenie: siatkówka halowa
Materiał: skóra PU"
Piłki do siatkówki,Piłki do siatkówki Molten;1;Piłka do siatkówki Molten V5M2500;Molten;89.00;1;100;https://sklepkoszykarski.pl/userdata/public/gfx/7141/Pilka-do-siatkowki-Molten-V5M2500.jpg;"Piłka do siatkówki Molten V5M2500
 to doskonały wybór dla miłośników siatkówki, szczególnie podczas rozgrywek halowych. Ta wyjątkowa piłka została stworzona z użyciem najwyższej jakości tworzyw sztucznych, co gwarantuje nie tylko jej trwałość, ale także nadaje jej wyjątkową miękkość dzięki dodatkowej warstwie pianki. Ta 
piłka siatkowa
 składa się z 18 paneli, co zapewnia precyzję i kontrolę podczas gry.


 


 


Rozmiar: 5
Przeznaczenie: Siatkówka halowa
Materiał: skóra syntetyczna"
Piłki do siatkówki,Piłki do siatkówki Molten;1;Piłka do siatkówki Molten 2000 light;Molten;99.00;1;100;https://sklepkoszykarski.pl/userdata/public/gfx/7703/pilka-do-siatkowki-molten-2000-light.gif, https://sklepkoszykarski.pl/userdata/public/gfx/7704/Pilka-do-siatkowki-Molten-2000-light.gif;"Piłka do siatkówki Molten 2000 light
 przeznaczona do gry na hali, jest doskonałym wyborem dla entuzjastów tego sportu. Ta 
piłka siatkowa
 jest wyprodukowana metodą maszynową z wysokiej jakości skóry PU, co zapewnia jej trwałość i doskonałą precyzję w odbiciach. Jej wykończenie składa się z 18 paneli, co gwarantuje stabilność w locie. Dętka butylowa natomiast utrzymuje właściwe ciśnienie przez długi okres czasu. Niezwykła lekkość tego modelu, 
Molten 2000 light
, wyróżnia go spośród tradycyjnych piłek, co pozwala na szybsze ruchy, wyższe skoki i bardziej efektywne ataki.


 


Rozmiar: 5
Materiał: wykonana z najwyższej jakości skóry PU
Przeznaczenie: siatkówka halowa"
Piłki do siatkówki,Piłki do siatkówki Molten;1;Piłka do siatkówki Molten V5M1900;Molten;78.00;1;100;https://sklepkoszykarski.pl/userdata/public/gfx/7163/Pilka-do-siatkowki-Molten-V5M1900.jpg;"Piłka do siatkówki Molten V5M1900
 to doskonały wybór dla osób chcących grać w siatkówkę na hali, zwłaszcza dla początkujących i tych, którzy uprawiają ten sport rekreacyjnie. Ta piłka została stworzona z wykorzystaniem wysokiej jakości tworzyw sztucznych, co gwarantuje jej trwałość i niezawodność. Dzięki 18 panelom i rozmiarowi 5, zapewnia doskonałą kontrolę podczas rozgrywek. Co więcej, piłka 
Molten V5M1900
 jest ręcznie szyta, co podkreśla jej staranne wykonanie i jakość. 


 


Rozmiar: 5
Materiał: skóra syntetyczna
Przeznaczenie: siatkówka halowa"
Piłki do siatkówki,Piłki do siatkówki Molten;1;Piłka do siatkówki Molten V4M1900;Molten;73.90;1;100;https://sklepkoszykarski.pl/userdata/public/gfx/7137/Pilka-siatkowa-Molten-V4M1900.jpg;"Piłka do siatkówki Molten V4M1900
 to doskonały wybór dla graczy siatkówki halowej. Ta wysokiej jakości piłka została wyprodukowana z najwyższej jakości tworzyw sztucznych i składa się z 18 paneli, które zostały zszyte ręcznie, co gwarantuje doskonałą precyzję i trwałość. Rozmiar 4 to standardowy wymiar stosowany w profesjonalnych rozgrywkach siatkówki halowej. To idealna 
piłka do siatkówki
 dla tych, którzy cenią sobie jakość i precyzję podczas gry na hali.


Rozmiar: 4
Przeznaczenie: Siatkówka halowa
Materiał: skóra ekologiczna / skóra PU"
Piłki do siatkówki,Piłki do siatkówki Molten;1;Piłka do siatkówki Molten V5M1500;Molten;59.00;1;100;https://sklepkoszykarski.pl/userdata/public/gfx/7672/Pilka-do-siatkowki-Molten-V5M1500.gif;"Piłka do siatkówki Molten V5M1500


Piłka do siatkówki Molten V5M1500
 została zaprojektowana specjalnie do gry na hali. Jest wykonana z wysokiej jakości materiałów syntetycznych i została starannie zszyta, zapewniając wyjątkową trwałość i precyzję. Składa się z 18 paneli, które tworzą jej idealnie okrągłą formę. Rozmiar piłki to standardowy numer 5, idealny do profesjonalnej gry i treningów.


Przeznaczenie: siatkówka halowa
Rozmiar: 5
Materiał: skóra syntetyczna
Sposób łączenia: szyta maszynowo
Gwarancja: 24 miesiące gwarancji producenta"
Piłki do siatkówki,Piłki do siatkówki Molten;1;Piłka do siatkówki Molten V4M1500;Molten;59.00;1;100;https://sklepkoszykarski.pl/userdata/public/gfx/7138/Pilka-siatkowa-Molten-V4M1500.jpg;"Piłka do siatkówki Molten V4M1500
 została specjalnie zaprojektowana z myślą o zawodnikach o wysokich wymaganiach. Wykorzystano najwyższej jakości tworzywa sztuczne, co zapewnia nie tylko trwałość, ale także precyzyjne odbicia. 
Piłka do siatkówki Molten
 składa się z 18 paneli, co zapewnia jej doskonałą stabilność w locie. Bez względu na rodzaj akcji - atak, blok czy zagrywka, ta piłka zapewnia pełną kontrolę nad grą. W rozmiarze 4 i wykonana z wysokiej jakości skóry syntetycznej, jest idealnym wyborem dla miłośników siatkówki halowej, którzy oczekują doskonałej jakości i precyzji.


 


Rozmiar: 4
Materiał: skóra syntetyczna
Przeznaczenie: siatkówka halowa"
Piłki do siatkówki,Piłki do siatkówki Molten;1;Piłka do siatkówki Molten 5000 Beach FIVB plażowa meczowa;Molten;239.00;1;100;https://sklepkoszykarski.pl/userdata/public/gfx/7156/Pilka-do-siatkowki-Molten-Beach-5000-FIVB-plazowa-meczowa.jpg, https://sklepkoszykarski.pl/userdata/public/gfx/7160/Pilka-do-siatkowki-Molten-Beach-5000-FIVB-plazowa-meczowa.jpg;"Piłka do siatkówki Molten 5000
 Beach FIVB plażowa meczowa to oficjalna piłka meczowa do rozgrywek siatkówki plażowej zatwierdzona przez FIVB. Ta piłka to prawdziwa gratka dla miłośników gry na plaży, zapewnia niezrównaną przyczepność i trwałość. Dzięki 40% mniejszemu wchłanianiu wody w porównaniu z poprzednim modelem, możesz śmiało kontynuować rozgrywkę nawet w wilgotnych warunkach. Dodatkowo, delikatna, bardzo miękka skóra syntetyczna 
Molten V5B5000
 umożliwia precyzyjne i kontrolowane uderzenia, jednocześnie zmniejszając zmęczenie dłoni. Bardzo dobre i trwałe wykonanie, skóra jest szyta między panelami, co daje jej dodatkowej wytrzymałości szczególnie przy kontakcie z ewentualną wilgocią. Oryginalna piłka do siatkówki Molten 5000 z logiem DVV Beach 1 dostępna w oficjalnej dystrybucji w naszym sklepie.


 


Rozmiar: 5
Materiał: skóra ekologiczna
Przeznaczenie: siatkówka plażowa"
Piłki do siatkówki,Piłki do siatkówki Molten;1;Piłka do siatkówki Molten Soft Volleyball - niebieska;Molten;59.00;1;100;https://sklepkoszykarski.pl/userdata/public/gfx/7146/Pilka-do-siatkowki-Molten-Soft-Volleyball.jpg, https://sklepkoszykarski.pl/userdata/public/gfx/7147/Pilka-do-siatkowki-Molten-Soft-Volleyball.jpg;"Piłka do siatkówki Molten Soft Volleyball
 to delikatna, elastyczna piłka wykonana z gumy. Stanowi doskonały wybór zarówno dla początkujących graczy, jak i fanów rekreacyjnej siatkówki w wodzie. Ten model piłki Molten doskonale sprawdza się podczas letnich spotkań na basenie lub na plaży.


Dzięki wodoodpornej konstrukcji, możesz teraz cieszyć się siatkówką nawet w wodzie, nie martwiąc się o jej trwałość. Elastyczna powierzchnia i faktura piłki zapewniają pewny chwyt i kontrolę, co jest idealne dla tych, którzy dopiero rozpoczynają swoją przygodę z tą dyscypliną sportu.


 


Waga: 160 g
Średnica: 21 cm
Przeznaczenie: siatkówka plażowa, soft volley, basen
Liczba paneli: jednolita konstrukcja"
Piłki do siatkówki,Piłki do siatkówki Molten;1;Piłka do siatkówki Molten Soft Volleyball Deluxe;Molten;65.00;1;100;https://sklepkoszykarski.pl/userdata/public/gfx/7152/Pilka-do-siatkowki-Molten-Soft-Volleyball-Deluxe.jpg, https://sklepkoszykarski.pl/userdata/public/gfx/7153/Pilka-do-siatkowki-Molten-Soft-Volleyball-Deluxe.jpg;"Piłka do siatkówki Molten Soft Volleyball Deluxe
 to elastyczna piłka z miękkiej gumy, która posiada odpowiednią fakturę na swojej powierzchni. Jej jakość wykonania jest znakomita, a konstrukcja wodoodporna sprawia, że jest idealna do gry w wodzie. Bez względu na to, czy decydujesz się na zabawę na basenie czy nad morzem podczas letnich dni, ta 
piłka do siatkówki
 będzie doskonałym wyborem. Odpowiednia zarówno dla rozgrywek z przyjaciółmi na plaży, jak i na organizowane turnieje w basenie. Stanowi doskonały wybór zarówno dla początkujących graczy, jak i tych, którzy chcą grać rekreacyjnie.


 


Waga: 155 g
Średnica: 20 cm
Przeznaczenie: siatkówka plażowa
Liczba paneli: jednolita konstrukcja
Kolor: zielona / niebieska / różowa"
Piłki do siatkówki,Piłki do siatkówki Molten;1;Piłka do siatkówki Molten V5M9000-T treningowa z gumką;Molten;269.00;1;100;https://sklepkoszykarski.pl/userdata/public/gfx/7155/Pilka-do-siatkowki-Molten-V5M9000-T-treningowa-z-gumka.jpg;"Piłka siatkowa Molten V5M9000-T treningowa z gumką
 to klasyczna piłka do siatkówki, idealna do indywidualnego treningu ataku. Ta wyjątkowa piłka zapewnia stabilne warunki treningowe i nieograniczoną liczbę powtórzeń. Wykonana z wysokiej jakości skóry syntetycznej, składa się z 18 paneli. Jej waga wynosi od 260 do 280 gramów, obwód to 65-67 cm, a długość gum do mocowania wynosi 200 cm. Dzięki podwójnie laminowanej butylo-gumowej dętce, nie ma potrzeby częstego pompowania prezentowanej 
piłki do siatkówki
. To idealny wybór dla entuzjastów siatkówki halowej.


 


Rozmiar: 5
Materiał: skóra syntetyczna
Przeznaczenie: siatkówka halowa"
Piłki do siatkówki,Piłki do siatkówki Molten;1;Piłka do siatkówki Molten V5M9000-M;Molten;192.00;1;100;https://sklepkoszykarski.pl/userdata/public/gfx/7604/pilka-do-siatkowki-molten-v5m9000-m.jpg;"Piłka do siatkówki Molten V5M9000-M
 stworzona jest z myślą o intensywnych treningach, szczególnie dedykowana dla rozgrywających, dzięki zwiększonemu do 400 g ciężarowi, który wzmacnia palce graczy. 
Piłka do siatkówki Molten
  wykonana z wysokiej jakości skóry syntetycznej oraz składająca się z 18 paneli, gwarantuje doskonałą trwałość i stabilność lotu. Jej standardowy rozmiar 5 oraz waga 400 g sprawiają, że jest idealna do treningów. Dzięki podwójnie laminowanej butylo-gumowej dętce, zapewniającej kompleksowe zabezpieczenie przed utratą powietrza, 
piłka do siatkówki Molten V5M9000-M
 jest gotowa na długotrwałe i intensywne użytkowanie na boisku.


 


Rozmiar: 5
Przeznaczenie: hala
Materiał: skóra syntetyczna"
Piłki do siatkówki,Piłki do siatkówki Molten;1;Piłka do siatkówki Molten Beach 1300;Molten;49.00;1;100;https://sklepkoszykarski.pl/userdata/public/gfx/7140/Pilka-siatkowa-Molten-Beach-1300.jpg, https://sklepkoszykarski.pl/userdata/public/gfx/7139/Pilka-siatkowa-Molten-Beach-1300.jpg;"Piłka do siatkówki Molten Beach 1300
 to doskonały wybór do gry na plaży. Ta piłka została stworzona z myślą o rekreacyjnych rozgrywkach na plaży. Wykonana z miękkiej skóry syntetycznej zapewnia komfortowy chwyt i kontrolę podczas gry. Jej wyjątkowa miękkość w dotyku odciąża palce, co jest szczególnie istotne, zwłaszcza na początku rozgrywki.
Model ten jest polecany zarówno dla graczy na poziomie podstawowym, jak i do treningów szkolnych. Co wyróżnia tę 
piłkę siatkową
? Jest szyta maszynowo, co gwarantuje jej solidność i trwałość. Dostępna jest w dwóch różnych wariantach kolorystycznych - czerwonym i niebieskim, oba z bardzo oryginalnymi wzorami. Niebieski wzór w kratkę nadaje piłce uroku, podczas gdy czerwony przyciąga uwagę kwiecistymi grafikami.


 


Rozmiar: 5
Przeznaczenie: siatka plażowa
Materiał: Miękka skóra syntetyczna"
Piłki do siatkówki,Piłki do siatkówki Molten;1;Piłka do siatkówki Molten Soft Volleyball - żółta;Molten;59.00;1;100;https://sklepkoszykarski.pl/userdata/public/gfx/8157/Pilka-do-siatkowki-Molten-Soft-Volleyball-zolta.jpg, https://sklepkoszykarski.pl/userdata/public/gfx/8156/Pilka-do-siatkowki-Molten-Soft-Volleyball-zolta---widok-z-boku.jpg;"Piłka do siatkówki Molten Soft Volleyball - żółta
 to piłka do siatkówki dla dzieci, doskonały wybór dla początkujących graczy i fanów aktywności na świeżym powietrzu. Ta 
piłka do siatkówki rozmiar 5
 została wykonana z miękkiego, gumowego materiału, dzięki czemu jest bezpieczna i przyjemna w dotyku.


Lekka konstrukcja (waży tylko 160 g) sprawia, że dzieci z łatwością mogą ją kontrolować, a dla siatkarza na początek nauki gry to zbawienie dla dłoni. Wodoodporna powierzchnia pozwala cieszyć się grą także w basenie czy nad jeziorem. 
Miękka piłka do siatkówki
 z teksturowaną fakturą zapewnia pewny chwyt i komfort podczas każdej zabawy. Jeśli szukasz wytrzymałej i funkcjonalnej piłki, to 
piłka do siatkówki Molten Soft Volleyball
 to ta lekka piłka do siatkówki od Molten spełni Twoje oczekiwania.


Waga: 160 g
Średnica: 21 cm
Przeznaczenie: siatkówka plażowa, soft volley, basen
Liczba paneli: jednolita konstrukcja"
Piłki do siatkówki,Piłki do siatkówki Molten;1;Piłka do siatkówki Molten Soft Volleyball - różowa;Molten;59.00;1;100;https://sklepkoszykarski.pl/userdata/public/gfx/8159/Pilka-do-siatkowki-Molten-Soft-Volleyball---rozowa.jpg, https://sklepkoszykarski.pl/userdata/public/gfx/8158/Pilka-do-siatkowki-Molten-Soft-Volleyball---widok-z-boku.jpg;"Piłka do siatkówki Molten Soft Volleyball - różowa
 to idealna propozycja dla dzieci, które dopiero zaczynają swoją przygodę z siatkówką. Dzięki wyjątkowo delikatnej, gumowej powierzchni nie powoduje otarć i świetnie leży w dłoni, co jest kluczowe dla młodszych graczy oraz 
dla siatkarza
, który dopiero zaczyna swoją przygodę z tym sportem. 


Ta 
piłka do siatkówki rozmiar 5
 została zaprojektowana z myślą o grze rekreacyjnej – zarówno na plaży, jak i w basenie. Jej wodoodporna konstrukcja sprawia, że nie nasiąka wodą, a 
lekka piłka do siatkówki
 o wadze 160 g i średnicy 21 cm to gwarancja komfortu i swobody w każdym uderzeniu. Wybierz piłki do siatkówki dla dzieci Molten i zadbaj o radość i bezpieczeństwo podczas każdej rozgrywki!


Piłka do siatkówki Molten Soft Volleyball:




Waga: tylko 160 g – perfekcyjna dla dziecięcych rączek


Średnica: 21 cm – optymalny rozmiar dla młodszych graczy


Zastosowanie: siatkówka plażowa, soft volley, zabawa w basenie"
Piłki do siatkówki,Piłki do siatkówki Molten;1;Piłka do siatkówki dla dzieci  Molten Softball;Molten;49.00;1;100;https://sklepkoszykarski.pl/userdata/public/gfx/8342/Pilka-do-siatkowki-dla-dzieci-Molten-Softball.jpg;"Piłka do siatkówki dla dzieci Molten Softball
 to bezpieczna i elastyczna piłka o miękkiej gumowej powierzchni Soft Touch, stworzona z myślą o dzieciach i osobach początkujących. Zapewnia wygodny chwyt i zmniejsza ryzyko urazów podczas gry.


Dzięki rozmiarowi 5 i średnicy 200 mm, doskonale sprawdza się w szkolnych treningach, zajęciach sportowych oraz podczas rekreacyjnej gry w domu lub na boisku. Ta 
miękka piłka do siatkówki dla dzieci
 wyróżnia się trwałością i łatwością w kontroli.


Piłka do siatkówki dla dzieci Molten Softball
 to świetny wybór do nauki techniki i rozwoju pasji do sportu.




Gumowa, miękka powierzchnia


Do gry w hali i na zewnątrz


Dla szkół, klubów i rodzin"
Piłki do siatkówki,Piłki do siatkówki Molten;1;Name Not Found;Molten;0.00;1;100;;
Piłki do siatkówki,Piłki do siatkówki Mikasa;1;Piłka do siatkówki Mikasa V200W;Mikasa;349.00;1;100;https://sklepkoszykarski.pl/userdata/public/gfx/7695/Pilka-do-siatkowki-Mikasa-V200W.jpg, https://sklepkoszykarski.pl/userdata/public/gfx/7169/Pilka-do-siatkowki-Mikasa-V200W.jpg;"Piłka do siatkówki Mikasa V200W
 została starannie zaprojektowana z myślą o grze na hali, zapewniając doskonałą kontrolę oraz wyjątkowy komfort podczas rozgrywek. Wykorzystując skórę syntetyczną oraz mikrofibrę, ta piłka do siatkówki osiąga idealny balans pomiędzy twardością a elastycznością, co przekłada się na doskonałe wrażenia podczas każdego zagrania.
Jej powierzchnia, wykonana z wysokiej jakości syntetycznej skóry, cechuje się porowatą strukturą z podwójnymi mikro-wgłębieniami, które skutecznie redukują opór powietrza, zapewniając stabilną trajektorię lotu i pewny chwyt piłki. Dzięki innowacyjnej 18-panelowej konstrukcji oraz szczelnej butylowej dętce, piłka utrzymuje idealnie okrągły kształt, co gwarantuje optymalną aerodynamikę na boisku.
Certyfikaty FIVB Approve oraz FIVB Official Game Ball, które posiada prezentowana piłka, świadczą o jej wysokiej jakości i zgodności z międzynarodowymi standardami, czyniąc ją idealnym wyborem zarówno dla profesjonalistów, jak i amatorów siatkówki.


 


Rozmiar: 5
Materiał: skóra syntetyczna
Przeznaczenie: siatkówka halowa"
Piłki do siatkówki,Piłki do siatkówki Mikasa;1;Piłka do siatkówki Mikasa V360W;Mikasa;89.00;1;100;https://sklepkoszykarski.pl/userdata/public/gfx/7698/Pilka-do-siatkowki-Mikasa-V360W.jpg, https://sklepkoszykarski.pl/userdata/public/gfx/7543/Pilka-do-siatkowki-Mikasa-V360W.jpg;"Piłka siatkowa Mikasa V360W
 została zaprojektowana z myślą o wszechstronnym użytkowaniu, doskonale sprawdzając się zarówno podczas treningów szkolnych, jak i podczas swobodnych rozgrywek z przyjaciółmi. Wykonana z wysokiej jakości syntetycznej skóry i szyta maszynowo, zapewnia trwałość i wytrzymałość na długie godziny gry. Jej innowacyjna konstrukcja oparta na zmienionym układzie paneli, w połączeniu z butylowym pęcherzem wewnątrz, gwarantuje stabilność lotu oraz precyzję podczas każdego zagrania. Certyfikat FIVB stanowi potwierdzenie doskonałej jakości tej 
piłki do siatkówki Mikasa
, zapewniając o profesjonalnym standardzie. Szczególną cechą modelu tej piłki siatkowej jest dętka butylowa, która utrzymuje stałe ciśnienie, dzięki czemu model ten doskonale sprawdza się na twardych nawierzchniach, zapewniając jednocześnie optymalną kontrolę i komfort gry.
Dzięki swoim właściwościom i solidnej konstrukcji, 
piłka Mikasa V360W w rozmiarze 5
 jest idealnym wyborem jako treningowa piłka na halę, spełniając najwyższe oczekiwania zarówno graczy amatorskich, jak i profesjonalistów.


 


Rozmiar: 5
Przeznaczenie: piłka treningowa na halę
Materiał: skóra syntetyczna"
Piłki do siatkówki,Piłki do siatkówki Mikasa;1;Piłka do siatkówki Mikasa VS220W;Mikasa;104.90;1;100;https://sklepkoszykarski.pl/userdata/public/gfx/7837/Pilka-do-siatkowki-Mikasa-VS220W-w-zolto-niebieskim-designie-z-logo-Mikasa..jpg, https://sklepkoszykarski.pl/userdata/public/gfx/7838/Mikasa-VS220W--oficjalna-pilka-do-siatkowki-w-kontrastowych-kolorach-zoltym-i-niebieskim..jpg;"Piłka do siatkówki Mikasa VS220W
 to doskonały wybór dla młodszych graczy. Ta 
piłka do siatkówki Mikasa
 posiada certyfikat FIVB. Świetnie nadaje się dla dzieci i młodzieży ze względu na komfort, który zapewnia lekka, ale wytrzymała pianka EVA na zewnętrznej powierzchni. Jej konstrukcja oparta na 18 panelach gwarantuje trwałość, podczas gdy wnętrze wypełnione butylową dętką utrzymuje stałe ciśnienie, eliminując potrzebę częstego pompowania. Dodatkowo, nylonowe włókna użyte w produkcji zapewniają zachowanie właściwości kulistych. Z wagą między 210 a 230 g i obwodem 64,5-66,5 cm, 
piłka Mikasa VS220W w rozmiarze 5
 jest idealnym wyborem dla dzieci w wieku szkolnym. Nie tylko spełnia najwyższe standardy jakości, ale także posiada certyfikat FIVB Inspected, potwierdzając jej odpowiedniość dla młodych graczy.


 


Rozmiar: 5
Przeznaczenie: siatkówka halowa"
Piłki do siatkówki,Piłki do siatkówki Mikasa;1;Piłka do siatkówki treningowa Mikasa V330W;Mikasa;155.00;1;100;https://sklepkoszykarski.pl/userdata/public/gfx/7174/Pilka-do-siatkowki-treningowa-Mikasa-V330W.jpg;"Piłka do siatkówki Mikasa V330W
 cechuje się precyzyjną konstrukcją, która składa się z 18 paneli. Prezentowana 
piłka do siatkówki
 zapewnia doskonałą aerodynamikę i wyważenie. Jej powierzchnia wykonana jest z miękkiej skóry syntetycznej, co gwarantuje optymalny chwyt i kontrolę nad piłką podczas gry. Wewnętrzny pęcherz butylowy utrzymuje kulisty kształt 
piłki do siatkówki Mikasa
 i zapewnia jej stabilny lot. Posiada certyfikat FIVB, co potwierdza spełnienie wysokich standardów jakościowych. Waga piłki mieści się w zakresie 260-280 g, a jej obwód wynosi 65-67 cm.


Rozmiar: 5
Przeznaczenie: siatkówka halowa
Materiał: skóra syntetyczna"
Piłki do siatkówki,Piłki do siatkówki Mikasa;1;Piłka siatkowa Mikasa V400W;Mikasa;289.99;1;100;https://sklepkoszykarski.pl/userdata/public/gfx/7558/Pilka-siatkowa-Mikasa-V400W.jpg;"Piłka siatkowa Mikasa V400W
  wykonana jest z najwyższej jakości materiałów, ta doskonale wyważona 
piłka siatkowa Mikasa
 zapewnia wytrzymałość na lata intensywnych rozgrywek. Dzięki solidnemu butylowemu pęcherzowi, utrzymanie optymalnego ciśnienia powietrza i doskonale okrągły kształt są gwarantowane, zapewniając niezrównaną precyzję podczas gry. Dodatkowo, wyraziste kontrastowe barwy ułatwiają śledzenie trajektorii lotu piłki, co umożliwia szybkie podejmowanie decyzji taktycznych i skuteczne prowadzenie drużyny do zwycięstwa.


 


Przeznaczenie: siatkówka halowa
Rozmiar: 4"
Piłki do siatkówki,Piłki do siatkówki Mikasa;1;Piłka siatkowa Mikasa V460W;Mikasa;89.00;1;100;https://sklepkoszykarski.pl/userdata/public/gfx/7844/Pilka-siatkowa-Mikasa-V460W-Mini.jpg, https://sklepkoszykarski.pl/userdata/public/gfx/7842/Mikasa-V460W-Mini--kompaktowa-pilka-do-siatkowki-z-charakterystycznym-niebiesko-zoltym-wzorem.-Lekka-i-miekka-pilka%2C-idealna-dla-mlodszych-graczy-oraz-do-cwiczen-w-pomieszczeniach..jpg;"Piłka siatkowa Mikasa V460W Mini


Piłka siatkowa Mikasa V460W Mini rozmiar 4
 to doskonały wybór dla najmłodszych, którzy chcą rozpocząć swoją przygodę z siatkówką. Idealna do gry w mini-siatkówkę i treningów, piłka została wykonana z miękkiej skóry syntetycznej, zapewniając wygodę oraz pewny chwyt podczas gry. Dzięki lekkiej konstrukcji dzieci mogą z łatwością kontrolować piłkę, ucząc się techniki i precyzji w odbiciach.


Prezentowana 
piłka do siatkówki
 wyposażona w 18 precyzyjnie połączonych paneli i butylowy pęcherz gwarantuje stabilny, kulisty kształt, co jest niezbędne w rozwijaniu podstawowych umiejętności gry w siatkówkę. Dodatkowo, jej kontrastowa kolorystyka pozwala na lepszą widoczność na boisku, a specjalna struktura zapewnia doskonałą przyczepność, nawet podczas dynamicznych ruchów. 
Zatwierdzona przez FIVB
, 
Mikasa V460W Mini
 spełnia wszystkie standardy dla piłek siatkarskich, będąc idealnym wyborem dla młodych graczy, którzy chcą rozwijać swoje umiejętności w sportowym świecie."
Piłki do siatkówki,Piłki do siatkówki Mikasa;1;Piłka do siatkówki Mikasa V333W;Mikasa;178.90;1;100;https://sklepkoszykarski.pl/userdata/public/gfx/8361/Pilka-siatkowa-Mikasa-V333W.jpg, https://sklepkoszykarski.pl/userdata/public/gfx/8359/Profesjonalna-pilka-siatkowa-Mikasa-V333W--pilka-do-siatkowki-rozmiar-5-dla-siatkarza.jpg;"Piłka do siatkówki Mikasa V333W
 to niezawodny model o oficjalnych parametrach rozmiaru 5, idealny do gry w hali. Jej lekka konstrukcja, 18-panelowa powierzchnia oraz świetna przyczepność sprawiają, że to znakomity wybór 
dla siatkarza
 szukającego jakości, komfortu i kontroli w każdej akcji.




Oficjalna piłka do siatkówki rozmiar 5


Bardzo dobra widoczność dzięki kontrastowej kolorystyce


Zatwierdzona przez FIVB i DVV


Miękki materiał i niska waga – komfortowa nawet podczas długich rozgrywek




Piłka do siatkówki Mikasa V333W 
dzięki butylowemu pęcherzowi długo utrzymuje sprężystość i kształt. Ta piłka siatkowa to świetna propozycja zarówno na treningi, jak i rekreacyjne mecze.


Rozmiar: 5
Rodzaj: rekreacyjna, treningowa, turniejowa, halowa
Przeznaczenie: siatkówka halowa"
Piłki do siatkówki,Piłki do siatkówki Mikasa;1;Piłka do siatkówki meczowa Mikasa V200W CEV;Mikasa;327.00;1;100;https://sklepkoszykarski.pl/userdata/public/gfx/7697/Pilka-do-siatkowki-meczowa-Mikasa-V200W-CEV.jpg, https://sklepkoszykarski.pl/userdata/public/gfx/7172/Pilka-do-siatkowki-meczowa-Mikasa-V200W-CEV.jpg;"Piłka meczową Mikasa V200W CEV
 powstała z myślą o najwyższych standardach europejskiej siatkówki. Prezentowana 
piłka siatkowa
 posiada certyfikaty CEV Official Game Ball oraz CEV Volleyball Champions League, co jest gwarancją profesjonalizmu i niezawodności. Jeśli więc intensywnie trenujesz, ta piłka spełni Twoje wymagania. Dzięki nowej konstrukcji, z mniejszą liczbą paneli i dziurkowaną powierzchnią, zapewnia stabilność w locie, a nowy materiał doskonale poprawia przyczepność i pewność chwytu.


 


Przeznaczenie: siatkówka halowa
Rozmiar: 5 (65-67 cm),
Waga w przedziale 260-280 g."
Piłki do siatkówki,Piłki do siatkówki Mikasa;1;Piłka do siatkówki Mikasa BV 550C Beach Pro;Mikasa;319.00;1;100;https://sklepkoszykarski.pl/userdata/public/gfx/7694/Pilka-do-siatkowki-Mikasa-BV-550C-Beach-Pro.jpg, https://sklepkoszykarski.pl/userdata/public/gfx/7179/Pilka-do-siatkowki-Mikasa-BV-550-C-Beach-Pro.jpg;"Piłka do siatkówki Mikasa BV 550C Beach Pro
 to model, który posiada specjalnie zaprojektowaną miękką powierzchnię z wygodnymi wgłębieniami, co gwarantuje doskonały chwyt i komfort trzymania. Prezentowana 
piłka do siatkówki
 posiada konstrukcję umożliwiającą precyzyjną kontrolę za pomocą opuszków palców. Dzięki zaawansowanej technologii Mikasa, minimalizujemy absorpcję wody przez szwy, co skutecznie ogranicza zmianę ciężaru piłki w porównaniu do tradycyjnych modeli. Dodatkowo, wbudowany zawór zapobiega przedostawaniu się piasku, eliminując problem przylegania mikropiasku do wentyla i potencjalne uszkodzenia zaworów. Prezentowany model jest dostępny w trzech świeżych kolorach (żółtym, niebieskim i czerwonym), co nie tylko zapewnia wyraźne kontrasty, ale także doskonałą widoczność piłki podczas gry.


Przeznaczenie: piłka plażowa
Rozmiar: 5
Certyfikat: FIVB Official Game Ball, FIVB Approved"
Piłki do siatkówki,Piłki do siatkówki Mikasa;1;Piłka do siatkówki Mikasa BV551C;Mikasa;219.99;1;100;https://sklepkoszykarski.pl/userdata/public/gfx/7183/Pilka-do-siatkowki-Mikasa-BV551C.jpg, https://sklepkoszykarski.pl/userdata/public/gfx/7184/Pilka-do-siatkowki-Mikasa-BV551C.jpg;"Piłka do siatkówki Mikasa BV551C
 to model, w który posiada nowe zestawienie kolorystyczne oraz zmieniony kształt jak i układ paneli. 
Piłka do siatkówki Mikasa
 BV551C prezentuje się wyjątkowo na tle piasku, zapewniając doskonałą widoczność podczas intensywnej gry. Wykorzystując opatentowaną technologię TwinStlock Stitching od renomowanej marki Mikasa, gwarantuje ona utrzymanie idealnie okrągłego kształtu oraz trwałość szwów na łączeniach paneli.


Liczba paneli: 10
Materiał: Wysokiej jakości skóra kompozytowa
Zastosowanie: do turniejów, jak i rekreacji oraz gry plażowej
Cechy: Wodoodporna w 100%, oficjalnie zatwierdzona przez FIVB, wykorzystuje innowacyjną technologię TwinStlock Stitching
Rozmiar: 5"
Piłki do siatkówki,Piłki do siatkówki Mikasa;1;Piłka do siatkówki Mikasa BV552C;Mikasa;89.90;1;100;https://sklepkoszykarski.pl/userdata/public/gfx/7186/Pilka-do-siatkowki-Mikasa-BV552C.jpg, https://sklepkoszykarski.pl/userdata/public/gfx/7187/pilka-do-siatkowki-mikasa-bv552c-2.jpg;"Piłka do siatkówki Mikasa BV552C
 stworzona została z myślą o doskonałym locie i trwałości. 
Piłka do siatkówki Mikasa rozmiar 5
 posiada innowacyjny układ 10 paneli, co oferuje idealną równowagę podczas lotu, zapewniając Ci pełną kontrolę na boisku. Jeśli masz dosyć słabych szwów to odpowiedzią jest technologia TwinStlock Stitching, która odpowiedzialna jest za solidność szwów, zapewniając długotrwałe użytkowanie. Nowoczesny design i odpowiedni układ paneli poprawiają widoczność na boisku. Spełniając rygorystyczne standardy Światowej Federacji Piłki Siatkowej (FIVB), ta 
piłka do siatkówki Mikasa
 jest gotowa do intensywnych rozgrywek na każdej plaży. Dodatkowo, dzięki systemowi ""No-Leak"" i specjalnemu wentylowi odpornemu na warunki atmosferyczne, możesz cieszyć się grą bez obaw o utratę ciśnienia, nawet przy ekstremalnych warunkach. Zastosowanie specjalnej gramatury zapewnia doskonałe czucie piłki. Prezentowana 
piłka siatkowa
 ma bardzo dobrą przyczepność na różnych nawierzchniach i niską wagę, co oczywiście ułatwia kontrolę nad nią.


Rozmiar: 5
Obwód: około 66-68 cm
Materiał: skóra kompozytowa
Wnętrze: butylowe
Przeznaczenie: siatkówka plażowa"
Piłki do siatkówki,Piłki do siatkówki Mikasa;1;Piłka do siatkówki Mikasa SBV;Mikasa;99.99;1;100;https://sklepkoszykarski.pl/userdata/public/gfx/7699/Pilka-do-siatkowki-Mikasa-SBV.jpg, https://sklepkoszykarski.pl/userdata/public/gfx/7700/Pilka-do-siatkowki-Mikasa-SBV.jpg;"Piłka do siatkówki Mikasa SBV
 jest idealna zarówno dla początkujących graczy, jak i dzieci. Jej konstrukcja składa się z 10 paneli, które są starannie połączone za pomocą wytrzymałego szycia maszynowego, zapewniając wysokie parametry przez długi czas użytkowania, nawet w trudnych warunkach, takich jak kontakt z piaskiem. Dzięki zastosowaniu miękkiej pianki EVA Supersoft na zewnętrznej warstwie ta 
piłka Mikasa
 absorbuje wstrząsy, minimalizując dyskomfort i zapewniając pełen komfort gry. To szczególnie istotne dla młodszych graczy, którzy mogą w pełni skoncentrować się na doskonaleniu swojej techniki. Dodatkowo laminowana powierzchnia piłki ułatwia utrzymanie jej w czystości, podczas gdy solidna dętka gwarantuje zachowanie idealnie kulistego kształtu oraz stabilny lot. Prezentowana 
piłka do siatkówki plażowej mikasa
 ma wielobarwny wzór, który umożliwia precyzyjne śledzenie ruchu zarówno graczom, jak i obserwatorom.


Rozmiar: 5
Materiał: pianka EVA Supersoft
Przeznaczenie: siatkówka plażowa"
Piłki do siatkówki,Piłki do siatkówki Mikasa;1;Piłka do siatkowki Mikasa VS 170 różowa;Mikasa;109.00;1;100;https://sklepkoszykarski.pl/userdata/public/gfx/7595/Pilka-siatkowa-Mikasa-VS-170-rozowa.jpg;"Piłka do siatkówki Mikasa VS 170 różowa
 to dobry wybór dla młodych pasjonatów siatkówki. Jako, że waga tego modelu została obniżona do 170g, przy zachowaniu standardowego rozmiaru 5, jest to 
najlepsza piłka do siatkówki
 dla młodych adeptów tego sportu. Obniżona waga nadaje komfort, który sprzyja doskonaleniu umiejętności. Zaprojektowana dla graczy do lat 10, posiada niezwykle miękki materiał, przypominający delikatną skórkę brzoskwini, gwarantujący wyjątkowy komfort podczas każdej gry. 
Piłka do siatkówki Mikasa VS 170 
jest certyfikowana przez FIVB, spełnia najwyższe standardy jakości. Doskonała do gry w hali, jest idealna zarówno na treningi, jak i na rozgrywki.


Przeznaczenie: Piłka polecana do gry na hali
Rozmiar: 5"
Piłki do siatkówki,Piłki do siatkówki Mikasa;1;Piłka do siatkówki Mikasa V300W meczowa;Mikasa;269.00;1;100;https://sklepkoszykarski.pl/userdata/public/gfx/7552/Pilka-do-siatkowki-Mikasa-V300W-meczowa.jpg, https://sklepkoszykarski.pl/userdata/public/gfx/7553/Pilka-do-siatkowki-Mikasa-V300W-meczowa.jpg;"Piłka do siatkówki Mikasa V300W meczowa
 spełnia surowe normy i standardy FIVB. Certyfikat FIVB Approved potwierdza niezawodność i doskonałą jakość tego modelu, a jej rozmiar 5 zapewnia niezrównaną precyzję i kontrolę na boisku. Dzięki specjalnie zaprojektowanym rowkom na powierzchni, ta 
piłka do siatkówki Mikasa
 zapewnia doskonałą przyczepność, pewny chwyt i zwiększoną kontrolę, co sprawia, że jest idealna do profesjonalnych meczów. Dodatkowo, dwuwarstwowa dętka z trwałej gumy butylowej oraz specjalny zawór uszczelniający zapewniają nie tylko dodatkową ochronę, ale także trwałość przez długi czas.


 


Waga: 260-280g
Materiał: skóra syntetyczna
Łączenie paneli: klejone
Przeznaczenie: siatkówka halowa"
Piłki do siatkówki,Piłki do siatkówki Mikasa;1;Piłka do siatkówki Mikasa V330W Light;Mikasa;169.99;1;100;https://sklepkoszykarski.pl/userdata/public/gfx/7559/Pilka-do-siatkowki-Mikasa-V330W-Light.jpg, https://sklepkoszykarski.pl/userdata/public/gfx/7560/Pilka-do-siatkowki-Mikasa-V330W-Light.jpg;"Piłka do siatkówki Mikasa V330W Light
 stworzona z myślą o treningach dla młodych adeptów tego sportu. Wykonana z trwałej skóry syntetycznej (PU), gwarantuje precyzyjną kontrolę oraz delikatny kontakt z piłką. Wariant V330W-L to młodszy odpowiednik klasycznej piłki V330W, cechujący się stabilnym lotem i doskonałą przyczepnością dzięki 18-panelowej konstrukcji. Solidne klejenie zapewnia trwałość oraz doskonałe właściwości lotu. Ta 
piłka do siatkówki Mikasa
 dostępna jest w atrakcyjnej kolorystyce granatowo-żółtej, zapewnia doskonałą widoczność zarówno dla zawodników, jak i kibiców. Idealna do gry w siatkówkę w hali.


 


Rozmiar: 5
Obwód: 65-67cm
Waga:215-235g
Materiał: skóra syntetyczna
Łączenie: klejona
Pęcherz: butylowy
Przeznaczenie: siatkówka halowa"
Piłki do siatkówki,Piłki do siatkówki Mikasa;1;Piłka do siatkówki Mikasa V360W-SL;Mikasa;89.00;1;100;https://sklepkoszykarski.pl/userdata/public/gfx/7689/Pilka-do-siatkowki-Mikasa-V360W-SL.jpg, https://sklepkoszykarski.pl/userdata/public/gfx/7688/Pilka-do-siatkowki-Mikasa-V360W-SL.jpg;"Piłka do siatkówki Mikasa V360W-SL


Profesjonalna 
piłka do siatkówki Mikasa V360 SL
 to produkt najwyższej jakości, zaprojektowany z myślą o zapewnieniu optymalnej kontroli i precyzji gry. Wykonana z najlepszych dostępnych materiałów, piłka siatkowa Mikasa gwarantuje wyjątkową wytrzymałość i niezawodne osiągi na boisku.


Cechy Produktu:




Wysoka Jakość: Wykonana z najwyższej klasy materiałów, zapewnia doskonałą trwałość i odporność na intensywną grę.


Optymalna Kontrola: 
piłka do siatkówki Mikasa V360 SL 
zapewnia świetną kontrolę i precyzję, co przekłada się na lepsze wyniki podczas gry.


Uniwersalność: Idealna dla zawodników na każdym poziomie zaawansowania, od początkujących po profesjonalistów.


Sport: Przeznaczona do siatkówki halowej.




Dlaczego warto wybrać piłkę Mikasa V360 SL?
Piłka do siatkówki Mikasa V360 SL
 to niezawodny wybór dla każdego siatkarza. Dzięki wysokiej jakości wykonania i doskonałym właściwościom użytkowym, możesz być pewien, że Twoja gra osiągnie nowy poziom."
Piłki do siatkówki,Piłki do siatkówki Mikasa;1;Piłka do siatkówki Mikasa V370W;Mikasa;69.00;1;100;https://sklepkoszykarski.pl/userdata/public/gfx/7166/Pilka-do-siatkowki-Mikasa-V370W.jpg, https://sklepkoszykarski.pl/userdata/public/gfx/7165/Pilka-do-siatkowki-Mikasa-V370W.jpg;"Piłka do siatkówki Mikasa V370W
 reprezentuje najwyższy standard jakości Mikasa. Wyjątkowa stabilność tej 
piłki do siatki
 podczas lotu zapewnia doskonałe warunki do gry. Dzięki zastosowaniu innowacyjnego systemu 18 paneli, piłka ta charakteryzuje się nie tylko odpowiednią przyczepnością do dłoni, ale także zapewnia pełniejszą kontrolę nad jej ruchem. Kolorystyka i precyzyjny układ paneli sprawiają, że piłka ta zwraca na siebie uwagę, co podczas treningu jest istotnym czynnikiem. Dzięki zminimalizowanej sprężystości gracze mogą cieszyć się jeszcze większą kontrolą nad każdym uderzeniem. Ta 
piłka do siatkówki
 spełnia wszystkie wymogi FIVB.


 


Przeznaczenie: siatkówka halowa
Rozmiar: 5
Materiał: skóra syntetyczna"
Piłki do siatkówki,Piłki do siatkówki Mikasa;1;Piłka do siatkówki Mikasa VS210W;Mikasa;104.00;1;100;https://sklepkoszykarski.pl/userdata/public/gfx/7197/Pilka-do-siatkowki-Mikasa-VS210W.jpg, https://sklepkoszykarski.pl/userdata/public/gfx/7198/Pilka-do-siatkowki-Mikasa-VS210W.jpg;"Piłka do siatkówki Mikasa VS210W
 jest przede wszystkim skierowana ku potrzebom uczniów szkół oraz graczy rozpoczynających swoją przygodę z siatkówką. Prezentowana 
piłka do siatkówki Mikasa
 zapewnia nie tylko stabilność, ale również doskonałą przyczepność, co przekłada się na pewniejsze trzymanie jej podczas intensywnych wymian na boisku. Dzięki innowacyjnemu designowi powierzchni, nasz produkt nie tylko zwiększa pewność siebie podczas gry, ale także umożliwia skuteczne doskonalenie umiejętności. Nie bez powodu ta 
piłka do siatkówki
 posiada certyfikat FIVB Official Ball, co potwierdza jej wysoką jakość i profesjonalizm.


Rozmiar: 4
Obwód: 62 cm
Waga: 210 g
Materiał: Wykonana z materiału EVA, zapewniającego trwałość i lekkość
Przeznaczenie: Idealna do użytku w hali."
Piłki do siatkówki,Piłki do siatkówki Mikasa;1;Piłka do siatkówki Mikasa VX20;Mikasa;84.00;1;100;https://sklepkoszykarski.pl/userdata/public/gfx/7561/Pilka-do-siatkowki-Mikasa-VX20-CH.jpg;"Piłka do siatkówki Mikasa VX20 CH
 stworzona z wysokiej jakości skóry syntetycznej, zapewnia doskonałą przyczepność i pewny chwyt w każdym ruchu. Prezentowana 
piłka do siatkówki Mikasa
 wyposażona jest w 18 paneli, co gwarantuje stabilność w locie, podnosząc jakość gry do nowego poziomu. Jej wyrazista kolorystyka w odcieniach białego, żółtego i niebieskiego sprawia, że jest widoczna nawet z daleka. Co więcej, dzięki zastosowaniu innowacyjnej technologii Mikasa Soft Play Technology (MSPT), ta 
piłka do siatkówki
 zachowuje odpowiednią miękkość i wytrzymałość, czyniąc ją idealnym wyborem do intensywnej gry na boisku.


 


Rozmiar: 5
Waga: 260-280g
Materiał: skóra syntetyczna (PU)
Przeznaczenie: siatkówka plażowa"
Piłki do siatkówki,Piłki do siatkówki Mikasa;1;Piłka do siatkówki plażowa Mikasa Beach Classic BV543C-VXA;Mikasa;102.99;1;100;https://sklepkoszykarski.pl/userdata/public/gfx/7563/Pilka-do-siatkowki-plazowa-Mikasa-Beach-Classic-BV543C-VXA.jpg, https://sklepkoszykarski.pl/userdata/public/gfx/7564/Pilka-do-siatkowki-plazowa-Mikasa-Beach-Classic-BV543C-VXA.jpg;"Piłka do siatkówki plażowa Mikasa Beach Classic BV543C-VXA
 stworzona jest z myślą o niezapomnianych chwilach na plaży, łączy niezawodność z komfortem. Dzięki solidnej konstrukcji z 18 paneli skóry syntetycznej i precyzyjnemu maszynowemu szyciu, zapewnia rewelacyjną trwałość. Miękka powłoka zewnętrzna gwarantuje pewny chwyt i płynność ruchu podczas każdego zagrania, podczas gdy zwiększona odporność na wodę morską i niekorzystne warunki atmosferyczne sprawia, że ta 
piłka do siatkówki Mikasa
 jest idealna dla plażowych entuzjastów w każdych warunkach. Butylowa dętka zapewnia doskonałą sprężystość przez całą grę, a jej wyrazista kolorystyka ułatwia śledzenie toru lotu, gwarantując jeszcze większą precyzję i kontrolę nad grą. Certyfikat FIVB Official Supplier to potwierdzenie najwyższych standardów jakości i parametrów, świadczący o doskonałych właściwościach tej
 piłki do siatkówki
.


 


Rozmiar: 5
Materiał: skóra syntetyczna
Przeznaczenie: siatkówka plażowa"
Piłki do siatkówki,Piłki do siatkówki Mikasa;1;Piłka siatkowa Mikasa V430W;Mikasa;165.00;1;100;https://sklepkoszykarski.pl/userdata/public/gfx/7555/Pilka-siatkowa-Mikasa-V430W.jpg, https://sklepkoszykarski.pl/userdata/public/gfx/7556/Pilka-siatkowa-Mikasa-V430W.jpg;"Piłka siatkowa Mikasa V430W
 skonstruowana jest z dbałością o detale. Ta 
piłka siatkowa Mikasa
 łączy w sobie innowacyjne technologie, które podnoszą jej wydajność i trwałość. Zbudowana z 18 syntetycznych paneli, połączonych za pomocą kleju, zapewnia niezrównaną aerodynamikę, co tłumaczy się wyjątkowym komfortem w trakcie gry. Wyposażona w podwójnie laminowaną dętkę butylowo-gumową, gwarantuje nie tylko wytrzymałość, ale także skutecznie zapobiega wyciekowi powietrza, umożliwiając wielosezonowe użytkowanie. Nowy układ paneli kontroluje sprężystość tej 
piłki mikasa do siatkówki
, ułatwiając precyzyjną grę, jednocześnie zachowując jej miękkość, co pozwala na potężne uderzenia. Posiada certyfikat FIVB, co gwarantuje doskonałą jakość wykonania, a charakterystyczna żółto-niebieska barwa dodatkowo poprawia widoczność na boisku.


 


Przeznaczenie: na halę
Rozmiar: 4"
Piłki do siatkówki,Piłki do siatkówki Mikasa;1;Piłka siatkowa Mikasa VS 170;Mikasa;109.00;1;100;https://sklepkoszykarski.pl/userdata/public/gfx/7522/Pilka-siatkowa-Mikasa-VS-170.jpg, https://sklepkoszykarski.pl/userdata/public/gfx/7521/Pilka-siatkowa-Mikasa-VS-170.jpg;"Piłka siatkowa Mikasa VS 170
 to idealny wybór dla młodych entuzjastów siatkówki. Dzięki zmniejszonej wadze do 170g i standardowemu rozmiarowi 5, ta piłka zapewnia ultra komfort i zachęca do nauki. Doskonała dla zawodników do lat 10, jej wyjątkowo miękka powłoka, przypominająca skórkę brzoskwini, zapewnia niezrównany komfort podczas gry. Prezentowana 
piłka do siatkówki
 jest certyfikowana przez FIVB, spełnia najwyższe standardy jakości. Polecana do gry na hali, jest idealnym wyborem dla treningów i rozgrywek.


Nie zapomnij zwilżyć igły pompki przed napompowaniem piłki, aby zapewnić jej długą żywotność i uniknąć uszkodzeń. 


Przeznaczenie: Piłka polecana do gry na hali
Rozmiar: 5"
Piłki do siatkówki,Piłki do siatkówki Mikasa;1;Piłka siatkowa Mikasa VS123W-L;Mikasa;89.99;1;100;https://sklepkoszykarski.pl/userdata/public/gfx/7845/Pilka-siatkowa-Mikasa-VS123W-L.jpg, https://sklepkoszykarski.pl/userdata/public/gfx/7846/Mikasa-VS123W-L--pilka-siatkowa-z-klasycznym-zolto-niebieskim-designem-i-logo-Mikasa..jpg;"Piłka siatkowa Mikasa VS123W-L


Szukasz lekkiej, ale wytrzymałej 
piłki do siatkówki
? 
Piłka siatkowa Mikasa VS123W-L
 to doskonałe rozwiązanie! Dzięki wykonaniu z trwałej 
pianki EVA
, ta piłka Mikasa łączy w sobie lekkość i wytrzymałość, co czyni ją idealnym wyborem zarówno do treningów, jak i rekreacyjnej gry. Konstrukcja z 18 paneli zapewnia doskonałe właściwości aerodynamiczne oraz precyzję w trakcie gry.


Piłka siatkowa wyposażona jest w 
butylowy pęcherz
, co gwarantuje długotrwałe utrzymanie idealnego kształtu oraz sprężystości. Jej waga wynosi zaledwie 
230-250 g
, co sprawia, że jest niezwykle łatwa do kontrolowania. 
Mikasa VS123W-L
 to także wygoda – piłka jest łatwa w czyszczeniu, co przedłuża jej żywotność."
Piłki do siatkówki,Piłki do siatkówki Mikasa;1;Piłka siatkowa Mikasa VS123W;Mikasa;79.60;1;100;https://sklepkoszykarski.pl/userdata/public/gfx/8418/Pilka-siatkowa-Mikasa-VS123W.jpg;"Piłka siatkowa Mikasa VS123W
 to doskonała propozycja dla młodzieży oraz osób, które trenują siatkówkę rekreacyjnie lub dopiero zaczynają swoją sportową przygodę. Ta 
piłka do siatkówki rozmiar 5
 została wykonana z miękkiej pianki EVA, dzięki czemu jest wyjątkowo delikatna w kontakcie z dłońmi i świetnie sprawdza się jako 
miękka piłka do siatkówki
 dla początkujących.


Pianka EVA zapewnia nie tylko komfort, ale również pewny chwyt, co znacząco ułatwia naukę techniki i kontrolę nad piłką. Dodatkowo, materiał nie chłonie wilgoci, dzięki czemu 
Piłka siatkowa Mikasa VS123W
 pozostaje funkcjonalna również podczas gry na zewnątrz, nawet gdy podłoże jest lekko mokre. To praktyczne rozwiązanie
 dla każdego siatkarza
, który potrzebuje uniwersalnej i wytrzymałej piłki do regularnych treningów.


Rozmiar: 5
Przeznaczenie: siatkówka halowa"
Piłka nożna,Piłka nożna halowa;1;Piłka nożna halowa Select Futsal Mimas Ekstraklasa FIFA Basic żółta;SELECT;129.00;1;100;https://sklepkoszykarski.pl/userdata/public/gfx/8417/Pilka-do-pilki-noznej-SELECT-Futsal-Mimas-V22-zolta.jpg, https://sklepkoszykarski.pl/userdata/public/gfx/8415/Pilka-do-pilki-noznej-SELECT-Futsal-Mimas-V22.jpg;"Piłka nożna halowa Select Futsal Mimas Fogo Ekstraklasa FIFA Basic żółta


Piłka nożna halowa Select Futsal Mimas Fogo Ekstraklasa FIFA Basic żółta
 to idealna propozycja dla drużyn futsalowych poszukujących niezawodnego sprzętu treningowego o wysokiej jakości. Jest to topowa piłka marki Select, znana z doskonałej kontroli, precyzji oraz wytrzymałości. Dzięki nowemu, intensywnie żółtemu designowi, piłka jest jeszcze lepiej widoczna na boisku, co ułatwia grę w dynamicznych warunkach halowych.


Kluczowe cechy produktu:




Wyjątkowa widoczność
 – nowoczesny, żółty wygląd tej piłki halowej poprawia jej widoczność na hali, co przekłada się na szybsze reakcje i lepszą kontrolę w trakcie gry.


Powierzchnia FPUS 1300 ""pattern""
 – wykonana z wysokiej jakości materiału poliuretanowego, piłka jest wytrzymała i odporna na zużycie, a specjalnie zaprojektowane przejścia między panelami zapewniają optymalną krągłość, co zwiększa łatwość prowadzenia piłki.


Precyzyjne odbicie
 – 
Piłka nożna halowa Select Futsal Mimas Fogo Ekstraklasa FIFA Basic żółta
 wyposażona jest w indywidualnie opracowaną butylową dętkę zapewnia stonowane, kontrolowane odbicie, co pozwala na lepsze opanowanie piłki podczas szybkich akcji i intensywnych treningów.


Wentyl Double-Lock
 – zaawansowany system wentyla Double-Lock zapewnia doskonałą szczelność, co minimalizuje utratę powietrza i zwiększa trwałość piłki, szczególnie podczas długotrwałego użytkowania.


Ręczne szycie
 – ta 
piłka nożna halowa
 jest ręcznie szyta, co dodatkowo podnosi jej wytrzymałość oraz precyzję wykonania, co sprawia, że idealnie nadaje się do intensywnych treningów klubowych.




Wysokiej jakości piłka do futsalu
Piłka nożna halowa Select Futsal Mimas Fogo Ekstraklasa FIFA Basic żółta
 to doskonała propozycja dla klubów i drużyn futsalowych na każdym poziomie. Jej przemyślana konstrukcja, stonowane odbicie oraz precyzyjne szycie zapewniają optymalną kontrolę i płynność gry na halowym boisku. Dzięki intensywnemu żółtemu kolorowi, widoczność piłki jest znacznie lepsza, co przekłada się na lepsze reakcje zawodników.


Dodatkowo, piłka posiada atest 
FIFA Basic
, co gwarantuje jej najwyższą jakość i zgodność z normami stosowanymi w profesjonalnych rozgrywkach.


Piłka nożna halowa Select Futsal Mimas Fogo Ekstraklasa FIFA Basic w żółtym kolorze to doskonały wybór do intensywnych treningów klubowych!"
Piłka nożna,Piłka nożna halowa;1;Piłka do piłki nożnej Select Royale V23;SELECT;268.90;1;100;https://sklepkoszykarski.pl/userdata/public/gfx/8376/Pilka-do-pilki-noznej-Select-Royale-V23.jpg;"Piłka do piłki nożnej Select Royale V23
 to doskonała propozycja dla osób, które poszukują niezawodnej 
piłki do nogi
 zarówno do meczu, jak i do treningu. Zastosowana technologia dimple structured PU wraz z piankową laminacją sprawia, że piłka jest miękka w dotyku i daje pełną kontrolę nad każdym podaniem oraz strzałem.


Dzięki wkładowi Zero-Wing piłka charakteryzuje się sprężystym odbiciem i doskonałą stabilnością, a jej 32 ręcznie szyte panele gwarantują równy tor lotu. 
Piłka nożna Select
 jest dostępna w dwóch wariantach – 
piłka do nogi rozmiar 5
 (FIFA Basic) i 
piłka do nogi rozmiar 4
 – dlatego świetnie sprawdzi się zarówno w profesjonalnej rywalizacji, jak i w codziennych treningach.


Wybierz 
piłkę do piłki nożnej Select Royale V23
, jeśli zależy Ci na najwyższej jakości, trwałości i satysfakcji z gry. To 
najlepsza piłka do nogi
 dla każdego, kto ceni precyzję i niezawodność."
Piłka nożna,Piłka nożna halowa;1;Piłka nożna halowa Select Futsal Future Master Gold Fifa v25;SELECT;159.99;1;100;https://sklepkoszykarski.pl/userdata/public/gfx/8103/Pilka-halowa-futsal-Select-Future-Master-Gold--precyzyjne-wykonanie..png, https://sklepkoszykarski.pl/userdata/public/gfx/8101/Pilka-nozna-halowa-Select-Futsal-Future-Master-Gold--dynamiczny-design..png;"Piłka nożna halowa Select Futsal Future Master Gold Fifa v25
 to doskonały wybór dla wszystkich miłośników futsalu. Zaprojektowana z myślą o szybkiej i precyzyjnej grze, ta 
piłka halowa futsal
 zapewnia wyjątkową kontrolę i stabilność na parkiecie. Dzięki specjalnej konstrukcji z ograniczonym odbiciem idealnie sprawdza się w dynamicznych akcjach. 
Piłka halowa Select
 w rozmiarze 
4
 spełnia wysokie standardy FIFA, co gwarantuje trwałość i niezawodność w każdej rozgrywce. Wybierz 
piłkę do halówki
, która podniesie poziom Twojej gry i pozwoli cieszyć się doskonałą jakością wykonania.








Rozmiar


4










Przeznaczenie


Hala






Zaawansowanie


Treningowa






Łączenie


Szycie






Waga


400-440 g"
Piłka nożna,Piłka nożna halowa;1;Piłka nożna halowa Select Futsal Master Fifa;SELECT;159.00;1;100;https://sklepkoszykarski.pl/userdata/public/gfx/7814/Pilka-nozna-halowa-Select-Futsal-Master-Fifa.jpg;"Piłka nożna halowa Select Futsal Master Fifa
 to jeden z najpopularniejszych modeli piłek futsalowych, idealna zarówno do meczów, jak i intensywnych treningów. Została zaprojektowana z myślą o szybkości, precyzji i łatwości kontroli, co czyni ją niezastąpioną na hali. Dzięki nowoczesnemu wyglądowi, który poprawia widoczność na boisku, oraz specjalnej powłoce zwiększającej dynamikę podań, ta 
piłka halowa Select
 jest doskonałym wyborem dla zawodników na każdym poziomie zaawansowania.


Kluczowe cechy produktu:




Nowy, ulepszony design
 – intensywny wygląd piłki halowej poprawia jej widoczność, co umożliwia szybsze reakcje zawodników podczas dynamicznej gry halowej.


Powlekana, błyszcząca powierzchnia z PU
 – wysokiej jakości poliuretan (PU) nadaje piłce wyjątkową wytrzymałość, a specjalna, lśniąca powłoka zwiększa szybkość wymiany podań, co podnosi jakość gry zespołowej.


Niezawodne odbicie
 – indywidualnie opracowana butylowa dętka z włóknami poliestrowymi zapewnia niezawodne, kontrolowane odbicie, co pozwala na łatwe opanowanie piłki podczas gry i treningów.


Ręczne szycie
 – 
Piłka nożna halowa Select Futsal Master Fifa
 jest ręcznie szyta, co gwarantuje wytrzymałość i precyzyjne wykonanie, kluczowe dla długotrwałej gry w futsalu.


FIFA Basic approved
 – certyfikat FIFA Basic potwierdza, że ta piłka halowa spełnia wszystkie wymagania i standardy potrzebne do profesjonalnych rozgrywek futsalowych.




Wymiary i specyfikacja:
- Obwód: 62-64 cm
- Waga: 400-440 g
Piłka Select Futsal Master FIFA
 to wybór numer jeden wśród drużyn futsalowych na całym świecie. Dzięki swojej dynamicznej konstrukcji i optymalnej wadze, pozwala na płynne, szybkie podania, co przekłada się na efektywną grę. Doskonała zarówno do profesjonalnych meczów, jak i treningów."
Piłka nożna,Piłka nożna halowa;1;Piłka nożna halowa Select Futsal Master Grain Fifa;SELECT;152.00;1;100;https://sklepkoszykarski.pl/userdata/public/gfx/7820/Pilka-nozna-halowa-Select-Futsal-Master-Grain-Fifa.jpg;"Piłka nożna halowa Select Futsal Master Grain Fifa
 to topowa piłka meczowa, stworzona z myślą o profesjonalnych wymaganiach i intensywnych rozgrywkach. Wykończona lśniącą, specjalnie powlekaną powierzchnią, zapewnia niesamowitą szybkość podań i natychmiastowy kontakt, dzięki czemu każda wymiana piłki nabiera dynamiki, a Ty reagujesz szybciej i skuteczniej.


Dlaczego warto wybrać tę piłkę?




Perfekcyjna kontrola i kontakt – szorstka powierzchnia PU typu „grain” to gwarancja doskonałego wyczucia piłki. Przeznaczona do intensywnych treningów i dynamicznych meczów, pozwala na lepszą kontrolę nawet w najtrudniejszych warunkach.


Niezawodne odbicie – butylowa dętka z wzmocnieniem z włókien poliestrowych sprawia, że piłka odbija się pewnie i stabilnie. Takie rozwiązanie daje pełną przewidywalność w czasie gry, co ułatwia jej prowadzenie i przyjęcie.


Ręczne szycie – dla tych, którzy cenią trwałość i jakość, ręczne szycie zapewnia wyjątkową wytrzymałość. Ta piłka wytrzyma każde tempo gry, pozostając niezmiennie w świetnej formie przez długi czas.


Zgodność z normami FIFA Basic – piłka spełnia rygorystyczne normy jakości, będąc idealnym wyborem dla tych, którzy chcą cieszyć się profesjonalną jakością.
Parametry:
- Obwód: 62-64 cm
- Waga: 400-440 g"
Piłka nożna,Piłki do piłki nożnej;1;Piłka nożna halowa Select Futsal Mimas Fifa v22;SELECT;129.00;1;100;https://sklepkoszykarski.pl/userdata/public/gfx/8326/Pilka-nozna-halowa-Select-Futsal-Mimas-Fifa-v22.jpg, https://sklepkoszykarski.pl/userdata/public/gfx/8327/Select-pilka-halowa-z-dynamiczna-grafika-i-oznaczeniem-Futsal-Mimas.jpg;"Piłka nożna halowa Select Futsal Mimas Fifa v22
 to sprawdzony wybór do intensywnych treningów futsalowych. Wyróżnia się wysokiej klasy wykończeniem, które wpływa na znakomitą kontrolę i komfort gry. Jej specjalna konstrukcja oparta na starannie połączonych panelach zapewnia perfekcyjną kulistość oraz precyzyjne prowadzenie.


Ta 
piłka halowa
 posiada unikalną dętkę butylową, która tłumi odbicia i gwarantuje przewidywalność podczas szybkich akcji. Materiał PU użyty do produkcji to gwarancja trwałości, a wentyl typu double-lock dba o szczelność przez długi czas użytkowania. To idealny wybór dla graczy, którzy potrzebują niezawodnego sprzętu — właśnie takiego, jaki oferuje 
piłka halowa Select
. Jeśli grasz regularnie w hali, postaw na sprawdzoną
 piłkę nożną halową
.


Rozmiar: 4
Przeznaczenie: piłka nożna halowa"
Piłka nożna,Piłka nożna halowa;1;Piłka nożna halowa Select Futsal Mimas Fogo Ekstraklasa FIFA Basic biała;SELECT;129.00;1;100;https://sklepkoszykarski.pl/userdata/public/gfx/7810/Pilka-nozna-halowa-Select-Futsal-Mimas-Fogo-Ekstraklasa-FIFA-Basic-biala.jpg, https://sklepkoszykarski.pl/userdata/public/gfx/7811/Pilka-nozna-halowa-Select-Futsal-Mimas-Fogo-Ekstraklasa-FIFA-Basic-biala-z-logo.jpg;"Piłka nożna halowa Select Futsal Mimas Fogo Ekstraklasa FIFA Basic biała
 to najwyższej jakości 
piłka nożna halowa
, stworzona z myślą o profesjonalnych treningach futsalowych. Jej zaawansowane rozwiązania techniczne oraz wyjątkowa konstrukcja sprawiają, że jest to jeden z topowych produktów Select od wielu lat. 
Oficjalne logo Ekstraklasy
 oraz 
atest FIFA Basic
 świadczą o wysokim standardzie tej piłki halowej, która spełnia oczekiwania najbardziej wymagających graczy.


Kluczowe cechy produktu:




Nowoczesny design
 – nowy, kolorowy wygląd poprawia widoczność piłki na hali, co zwiększa szybkość reakcji graczy, ułatwiając precyzyjne podania i kontrolę nad piłką.


Powierzchnia FPUS 1300 ""pattern""
 – wysokiej jakości poliuretanowy materiał zapewnia doskonałą wytrzymałość, a perfekcyjnie zaprojektowane przejścia między panelami gwarantują optymalną krągłość piłki.


Niezawodne odbicie
 – zastosowanie indywidualnie opracowanej butylowej dętki zapewnia bardzo stonowane odbicie, co przekłada się na łatwiejsze opanowanie tej piłki halowej i większą kontrolę w szybkim tempie gry.


Double-Lock Valve
 – wentyl Double-Lock gwarantuje wysoką szczelność, co znacząco ogranicza utratę powietrza i zwiększa trwałość tej piłki Select podczas długotrwałych treningów.


Ręczne szycie
 – 
Piłka nożna halowa Select Futsal Mimas Fogo Ekstraklasa FIFA Basic biała
 jest starannie szyta ręcznie, co zapewnia większą wytrzymałość i precyzję wykonania, idealnie sprawdzając się w intensywnych treningach klubowych.


Idealna do futsalu
 - Piłka Select Futsal Mimas Fogo Ekstraklasa została zaprojektowana specjalnie z myślą o grze na hali. Jej zoptymalizowane odbicie, precyzyjne wykonanie i doskonała kontrola sprawiają, że jest to niezastąpiony wybór dla drużyn futsalowych na każdym poziomie.




Dzięki atestowi FIFA Basic, piłka spełnia wszystkie normy i standardy potrzebne do profesjonalnych treningów klubowych, a także do gier na poziomie amatorskim i półprofesjonalnym.


Wybierz jakość potwierdzoną przez FIFA – 
Piłka nożna halowa Select Futsal Mimas Fogo Ekstraklasa FIFA Basic biała
 to idealny wybór do treningów i rozgrywek futsalowych!"
Piłka nożna,Piłka nożna halowa;1;Piłka nożna halowa Select Futsal Samba Fifa;SELECT;120.00;1;100;https://sklepkoszykarski.pl/userdata/public/gfx/7850/Pilka-nozna-halowa-Select-Futsal-Samba-Fifa.jpg;"Piłka nożna halowa Select Futsal Samba FIFA
 to idealny wybór dla każdego klubu, który szuka piłki do treningów na najwyższym poziomie. Prezentowana 
piłka halowa futsal
 wykonana jest z materiału TPU z wyjątkowym piankowym podszyciem, piłka wyróżnia się niezwykłą miękkością i komfortem gry. Dzięki unikalnym właściwościom, materiały piłki rozciągają się w miarę użytkowania, co poprawia jej jakość, zapewniając długotrwałe zachowanie kształtu i idealną krągłość.


Butylowy pęcherz i specjalne włókna gwarantują niski kozioł, co czyni ją doskonałą do szybkich rozgrywek futsalu. Dodatkowo, 
32 ręcznie zszywane łaty
 dbają o optymalne odbicie i wytrzymałość. 
Piłka nożna halowa Select Futsal Samba FIFA 
 posiada 
atest FIFA Basic
, co oznacza, że spełnia wysokie standardy jakości, idealna do regularnych treningów w klubie.


 


- Rozmiar: oficjalny (62cm - 64cm)
- Waga: 400-440 g
- Szyta ręcznie
- Atest: FIFA Basic"
Piłka nożna,Piłka nożna halowa;1;Piłka nożna halowa Select Futsal Super TB Fifa;SELECT;284.00;1;100;https://sklepkoszykarski.pl/userdata/public/gfx/7815/Pilka-nozna-halowa-Select-Futsal-Super-TB-z-dynamicznym-wzorem-w-kolorach-bialym%2C-niebieskim-i-czerwonym%2C-widok-z-przodu.jpg, https://sklepkoszykarski.pl/userdata/public/gfx/7816/Select-Futsal-Super-TB%2C-pilka-futsalowa-z-logo%2C-o-teksturowanej-powierzchni-i-zaawansowanej-konstrukcji%2C-widok-calego-produktu.jpg;"Piłka nożna halowa Select Futsal Super TB FIFA
 - Doskonała precyzja i kontrola w grze halowej


Select Futsal Super TB FIFA to najnowsza wersja jednego z najpopularniejszych modeli futsalowych, zaprojektowana z myślą o profesjonalnych rozgrywkach i treningach halowych. Dzięki zaawansowanej technologii oraz najwyższej jakości materiałom, ta 
piłka halowa Select
 zapewnia doskonałą kontrolę, trwałość i precyzję w każdych warunkach.


Kluczowe cechy produktu:




Termiczne klejenie paneli
 – piłka wykonana w technologii termicznego klejenia, co gwarantuje idealny kulisty kształt i ogranicza wchłanianie wody. 
Piłka nożna halowa Select Futsal Super TB FIFA
 utrzymuje optymalną jakość i właściwości kopnięcie po kopnięciu, niezależnie od warunków gry.


Miękka wyściółka piankowa
 – gruba warstwa pianki sprawia, że piłka jest miękka w dotyku, co zwiększa komfort gry oraz ułatwia precyzyjne podania i kontrolę.


Nowoczesny design
 – intensywnie kolorowa, lśniąca powłoka poprawia widoczność na boisku, a dodatkowo zwiększa dynamikę podań, co sprawia, że gra staje się szybsza i bardziej precyzyjna.


Ekskluzywna powłoka PU
 – wysokiej jakości poliuretanowa powłoka z innowacyjną strukturą diamentową 3D zapewnia lepszą przyczepność między 
piłką halową Select
 a butem, co przekłada się na lepszą kontrolę nad piłką w dynamicznych akcjach.


Butylowa dętka
 – opracowana specjalnie butylowa dętka gwarantuje niezawodne odbicie i odpowiednią sprężystość, co ułatwia opanowanie piłki podczas gry.


Wentyl Double-Lock
 – technologia wentyla Double-Lock zapewnia piłce doskonałą szczelność, minimalizując utratę powietrza, nawet podczas intensywnych sesji treningowych.


Zatwierdzenie FIFA QUALITY PRO
 - 
Piłka nożna halowa Select Futsal Super TB FIFA
 spełnia najwyższe standardy jakości, zatwierdzone przez FIFA pod kątem rozmiaru, masy i odbicia. Jest idealnym wyborem dla profesjonalistów, którzy wymagają precyzji i niezawodności na najwyższym poziomie.




Specyfikacja:
- Rozmiar: oficjalny
- Obwód: 62,5-63,5 cm
- Waga: 410-430 g
- Paneli: 32, klejone termicznie


Piłka nożna halowa Select Futsal Super TB FIFA to idealny wybór na mecze i treningi halowe!"
Piłka nożna,Piłka nożna halowa;1;Piłka nożna halowa Select Futsal Super TB Fifa Fogo Ekstraklasa;SELECT;309.90;1;100;https://sklepkoszykarski.pl/userdata/public/gfx/7818/Pilka-nozna-halowa-Select-Futsal-Super-TB-FIFA-Fogo-Ekstraklasa-z-logo-Futsal-Ekstraklasa%2C-widok-z-przodu%2C-biala-z-niebiesko-czerwonym-wzorem..jpg, https://sklepkoszykarski.pl/userdata/public/gfx/7819/Select-Futsal-Super-TB-FIFA-Fogo-Ekstraklasa%2C-oficjalna-pilka-halowa-z-logo-Futsal-Ekstraklasa%2C-widok-produktu-z-bliska%2C-biala-z-dynamicznym-wzorem..jpg;"Piłka nożna halowa Select Futsal Super TB Fifa Fogo Ekstraklasa
 to oficjalna piłka Futsal Ekstraklasy to nowa, ulepszona wersja jednego z najpopularniejszych modeli marki Select, stworzona z myślą o profesjonalnej grze na hali. Zatwierdzona przez 
FIFA QUALITY PRO
, gwarantuje najwyższą jakość i spełnia wszystkie wymagania dotyczące rozmiaru, wagi i odbicia. To 
oficjalna piłka Futsal Ekstraklasy
, która dzięki zaawansowanym technologiom i precyzyjnemu wykonaniu, podnosi komfort i dynamikę gry futsalowej na nowy poziom.


Kluczowe cechy produktu:




Termicznie klejone panele
 – 32 panele są klejone termicznie, co zapewnia doskonałą kulistość piłki i minimalizuje wchłanianie wody, zachowując optymalny kształt i trwałość piłki niezależnie od warunków gry.


Gruba piankowa wyściółka
 – wewnętrzna wyściółka piankowa gwarantuje niezwykłą miękkość tej 
piłki halowej
, co zwiększa komfort gry, ułatwia precyzyjne podania i kontrolę w dynamicznych sytuacjach.


Lśniąca, powlekana powierzchnia PU
 – specjalnie powlekana powierzchnia z poliuretanu (PU) z nową strukturą diamentową 3D zapewnia lepszą przyczepność między piłką a butem, co przekłada się na doskonałą kontrolę i szybkie podania.


Kolorowy, nowoczesny design
 – intensywnie kolorowy wygląd tej 
piłki Select
 poprawia jej widoczność na boisku, co pozwala zawodnikom na szybsze reakcje, a także zwiększa dynamikę gry.


Niezawodne odbicie
 – opracowana butylowa dętka gwarantuje precyzyjne, kontrolowane odbicie, co ułatwia opanowanie piłki i zapewnia stabilność gry.


Wentyl Double-Lock
 – system wentyla Double-Lock zapewnia wysoką szczelność, minimalizując utratę powietrza, co przekłada się na dłuższą żywotność i rzadsze potrzeby dopompowywania.


Certyfikat FIFA QUALITY PRO
 - 
Piłka nożna halowa Select Futsal Super TB Fifa Fogo Ekstraklasa
 została przetestowana i zatwierdzona przez FIFA, spełniając najwyższe standardy w zakresie rozmiaru, wagi i odbicia, co czyni ją idealną do profesjonalnych rozgrywek futsalowych oraz intensywnych treningów.




Specyfikacja:
- Obwód: 62,5-63,5 cm
- Waga: 410-430 g
- Panele: 32 panele, termicznie klejone
- Rozmiar: oficjalny rozmiar
Piłka Select Futsal Super TB Fogo Ekstraklasa to produkt premium, który łączy w sobie nowoczesny design, zaawansowane technologie oraz najwyższą jakość wykonania."
Piłka nożna,Piłka nożna halowa;1;Piłka nożna halowa Select Futsal Super TB Fifa pomarańczowa;SELECT;349.90;1;100;https://sklepkoszykarski.pl/userdata/public/gfx/7817/Pilka-nozna-halowa-Select-Futsal-Super-TB-Fifa-pomaranczowa.jpg;"Piłka nożna halowa Select Futsal Super TB Fifa pomarańczowa


Piłka nożna halowa Select Futsal Super TB Fifa
 w intensywnym pomarańczowym kolorze to najnowsza odsłona jednego z najpopularniejszych modeli futsalowych. Przeznaczona do gry na hali, oferuje doskonałą widoczność, dynamiczne właściwości oraz perfekcyjną kontrolę nad piłką. Dzięki zastosowaniu zaawansowanych technologii oraz najwyższej jakości materiałów, ta piłka halowa sprosta wymaganiom zarówno profesjonalnych zawodników, jak i amatorów grających na najwyższym poziomie.


Kluczowe cechy produktu:




Termicznie klejone panele
 – konstrukcja z 32 termicznie klejonych paneli zapewnia idealny, kulisty kształt oraz zmniejsza wchłanianie wody, co gwarantuje trwałość i stabilność piłki niezależnie od intensywności gry.


Gruba, piankowa wyściółka
 – zastosowana pianka sprawia, że 
piłka nożna halowa Select Futsal Super TB Fifa 
 jest wyjątkowo miękka i przyjemna w dotyku, co podnosi komfort podczas gry, a także ułatwia kontrolę piłki w szybkim tempie.


Lśniąca, kolorowa powierzchnia
 – nowoczesny pomarańczowy design nie tylko przyciąga uwagę, ale także poprawia widoczność piłki na boisku, co zwiększa szybkość reakcji zawodników. Lśniąca powłoka dodatkowo zwiększa dynamikę podań.


Powierzchnia PU z diamentową strukturą 3D
 – ekskluzywna powłoka poliuretanowa z trójwymiarową strukturą diamentową zapewnia doskonałą przyczepność między piłką a butem, co przekłada się na precyzyjną kontrolę nad piłką i pewność ruchu.


Niezawodne odbicie
 – indywidualnie opracowana butylowa dętka z włóknami poliestrowymi gwarantuje precyzyjne i kontrolowane odbicie, co ułatwia opanowanie tej piłki halowej podczas intensywnej gry.


Wentyl Double-Lock
 – technologia Double-Lock zapewnia szczelność wentyla, minimalizując utratę powietrza nawet podczas długotrwałego użytkowania.


Zatwierdzenie FIFA QUALITY PRO
 - 
Piłka nożna halowa Select Futsal Super TB Fifa
 posiada certyfikat FIFA QUALITY PRO, co oznacza, że spełnia najwyższe standardy FIFA pod kątem rozmiaru, wagi i odbicia. Idealnie nadaje się do profesjonalnych rozgrywek i intensywnych treningów futsalowych.




Specyfikacja:
- Obwód: 62,5-63,5 cm
- Waga: 410-430 g
- Konstrukcja: 32 panele klejone termicznie
- Rozmiar: oficjalny rozmiar


Dlaczego warto wybrać Select Futsal Super TB FIFA? Dzięki doskonałej przyczepności, idealnemu odbiciu oraz wytrzymałości, jest to piłka, która spełni oczekiwania nawet najbardziej wymagających graczy."
Piłka nożna,Piłki do piłki nożnej;1;Piłka do piłki nożnej Select Brillant Replica Betclic;SELECT;69.00;1;100;https://sklepkoszykarski.pl/userdata/public/gfx/8286/Pilka-do-pilki-noznej-Select-Brillant-Replica-Betclic.jpg;"Piłka do piłki nożnej Select Brillant Replica Betclic
 to model, który pozwoli Ci poczuć profesjonalizm już od pierwszego kopnięcia. Inspirowana oficjalną piłką meczową Betclic 1 Liga, została stworzona z myślą o grze na naturalnej trawie – tam, gdzie każdy ruch ma znaczenie.


Maszynowe szycie i konstrukcja oparta na 
dętce Zero-Wing
 gwarantują precyzyjny lot oraz doskonałą stabilność w powietrzu. Co więcej, 
zawór Double-Lock
 pozwala łatwo utrzymać odpowiednie ciśnienie – nie musisz się martwić o ciągłe dopompowywanie.


To idealna 
piłka do piłki nożnej
 na intensywny trening, weekendowy mecz czy codzienną grę. Dostępna w dwóch rozmiarach – 
piłka do nogi rozmiar 4
 dla młodszych graczy oraz 
rozmiar 5
 dla dorosłych. Świetnie sprawdzi się zarówno w klubie, jak i na boisku osiedlowym.


Zaufaj jakości marki SELECT – 
piłka do piłki nożnej Select Brillant Replica Betclic
 to wybór do piłki nożnej, który da Ci przewagę w każdej akcji.


Rozmiar: 4 / 5
Szycie: maszynowe
Przeznaczenie: trawa naturalna"
Piłka nożna,Piłki do piłki nożnej;1;Piłka do piłki nożnej Select Numero 10 FIFA  Basic;SELECT;229.00;1;100;https://sklepkoszykarski.pl/userdata/public/gfx/8379/Pilka-do-pilki-noznej-Select-Numero-10-FIFA-Basic.jpg, https://sklepkoszykarski.pl/userdata/public/gfx/8381/Profesjonalna-pilka-do-nogi-rozmiar-4-Select-Numero-10-FIFA-Basic.jpg;"Piłka do piłki nożnej Select Numero 10 FIFA Basic
 to nowa odsłona legendarnego modelu, który stał się symbolem jakości marki Select. Jej wyjątkowa konstrukcja oparta na 32 ręcznie zszywanych panelach gwarantuje perfekcyjną stabilność w locie oraz lepszą kontrolę nad piłką. To
 piłka nożna select 4
, która sprawdzi się podczas treningów i meczów na naturalnych murawach.


Dzięki zastosowaniu pęcherza lateksowego Zero-Wing i miękkiego neoprenowego podszycia piłka wyróżnia się sprężystością i komfortem gry. 
Piłka do piłki nożnej Select Numero 10 FIFA Basic
 to sprawdzony wybór, jeśli szukasz trwałej i profesjonalnej 
pilka do nogi rozmiar 4
 w atrakcyjnej cenie."
Piłka nożna,Piłki do piłki nożnej;1;Piłka do piłki nożnej Brillant Training DB V25 FIFA Basic;SELECT;149.00;1;100;https://sklepkoszykarski.pl/userdata/public/gfx/8398/Wytrzymala-pilka-do-nogi-rozmiar-3-Select-Brillant-Training-DB-V25-z-oznaczeniem-FIFA-Basic.jpg, https://sklepkoszykarski.pl/userdata/public/gfx/8397/Nowoczesna-pilka-nozna-Select-Brillant-Training-DB-V25-dla-pilkarza--rozmiar-4-lub-5.jpg;"Piłka do piłki nożnej Brillant Training DB V25 FIFA Basic
 to doskonała propozycja dla graczy, którzy chcą przenieść jakość profesjonalnych meczów na trening. Zastosowano tu 32 panele podwójnie szyte i klejone, dzięki czemu 
piłka
 lepiej opiera się wilgoci i dłużej zachowuje idealny kształt.
Powierzchnia z teksturą TPU i miękką pianką 3 mm zwiększa komfort gry oraz ułatwia panowanie nad 
piłką do piłki nożnej
 przy szybkich akcjach. Dętka SR bladder utrzymuje stabilne ciśnienie, więc możesz liczyć na równomierne odbicie podczas każdej sesji treningowej.


To 
piłka nożna Select
, która sprawdzi się w rozmiarze 5, 4 lub 3, zarówno dla młodych zawodników, jak i dorosłych piłkarzy trenujących technikę i kontrolę. 
Piłka do piłki nożnej Brillant Training DB V25 FIFA Basic 
w rozmiarze 5 jest certyfikowana zgodnie z FIFA Basic, co gwarantuje odpowiednie parametry jakości i wytrzymałości."
Piłka nożna,Piłki do piłki nożnej;1;Piłka do piłki nożnej Molten UEFA Europa League 2023/24  replika;Molten;111.00;1;100;https://sklepkoszykarski.pl/userdata/public/gfx/8199/Pilka-do-pilki-noznej-Molten-UEFA-Europa-League-202324-replika.jpg;"Piłka do piłki nożnej Molten UEFA Europa League 2023/24 replika
 została stworzona z myślą o zawodnikach, którzy oczekują więcej. Jej nowoczesna powierzchnia zapewnia lepsze czucie piłki i idealną trajektorię lotu, co przekłada się na większą skuteczność w grze.


Wykonana z wytrzymałego materiału PU i szyta ręcznie, ta 
piłka do nogi rozmiar 5
 gwarantuje długotrwałą jakość – nawet przy codziennym, intensywnym użytkowaniu. Idealna do gry w nogę na boiskach zewnętrznych, łączy estetykę rozgrywek UEFA z niezawodnymi parametrami użytkowymi.


Postaw na sprawdzony model i wybierz 
piłkę do piłki nożnej Molten UEFA Europa League 2023/24 replika
– jakość, której możesz zaufać.


Rozmiar: 5
Materiał: trwały materiał PU
Przeznaczenie: boiska zewnętrzne"
Piłka nożna,Piłki do piłki nożnej;1;Piłka do piłki nożnej Select Brillant Replica;SELECT;68.00;1;100;https://sklepkoszykarski.pl/userdata/public/gfx/7896/Pilka-do-pilki-noznej-Select-Brillant-Replica.jpg, https://sklepkoszykarski.pl/userdata/public/gfx/7895/Pilka-nozna-Select-Brillant-Replica-widok-faktury-z-bliska.jpg;"Jeśli szukasz niezawodnej 
piłki do piłki nożnej
, która sprawdzi się w każdej rozgrywce i zapewni optymalne warunki gry, 
piłka do piłki nożnej Select Brillant Replica
 to wybór, którego potrzebujesz. Idealna zarówno dla początkujących, jak i zaawansowanych graczy, łączy w sobie wysoką jakość, trwałość oraz wyjątkowy design.




Uniwersalna Piłka na Każde Boisko
Nieważne, czy grasz na trawie, orliku, czy w hali – prezentowana 
piłka nożna Select
 doskonale radzi sobie na każdej nawierzchni. Dzięki swojej uniwersalności jest świetnym wyborem zarówno na treningi, jak i mecze towarzyskie w różnych warunkach atmosferycznych.


Profesjonalny Wygląd i Wzornictwo
Piłka wyróżnia się designem inspirowanym topowym modelem Select Brillant Super, używanym w profesjonalnych ligach. Precyzja wykonania, atrakcyjne wzory i dopracowane detale nadają jej elegancki i profesjonalny charakter, który przyciąga uwagę na boisku.


Komfort i Pełna Kontrola nad Piłką
Wykonana z miękkiego, a zarazem wytrzymałego materiału, 
piłka do gry w nogę
 zapewnia maksymalny komfort gry. Dzięki doskonałym właściwościom materiału masz pełną kontrolę – precyzyjne podania, zwody czy mocne strzały stają się jeszcze łatwiejsze do wykonania.


Innowacyjny Wentyl z Podwójną Blokadą
Zapomnij o częstym pompowaniu piłki! Wentyl z podwójną blokadą w tym modelu gwarantuje długotrwałą szczelność i odpowiednie ciśnienie, co przekłada się na stabilną grę bez niespodziewanych przerw.


Trwałość na Lata dzięki Maszynowemu Szyciu
Piłka do piłki nożnej Select Brillant Replica
 została precyzyjnie zszyta maszynowo, co zapewnia jej wyjątkową wytrzymałość. Bez względu na intensywność gry, zachowuje swój kształt i wysoką jakość, pozwalając Ci cieszyć się grą przez długi czas.




Select Brillant Replica to nie tylko piłka – to gwarancja niezawodności i komfortu gry, która sprosta oczekiwaniom każdego fana futbolu. Wybierz jakość, która pozwoli Ci osiągać najlepsze wyniki na boisku!"
Piłka nożna,Piłki do piłki nożnej;1;Piłka do piłki nożnej Select Brillant Super TB;SELECT;389.00;1;100;https://sklepkoszykarski.pl/userdata/public/gfx/8413/Pilka-nozna-Select-Brillant-Super-TB.jpg;"Doskonała jakość, precyzja i trwałość — tym wyróżnia się 
Piłka nożna Select Brillant Super TB
, uznawana za jeden z najlepszych modeli w swojej klasie. Stworzona z myślą o wymagających zawodnikach, ta 
piłka do piłki nożnej Select
 spełnia rygorystyczne normy 
FIFA Quality Pro
, oferując doskonałą kontrolę, sprężystość i stabilność lotu.


Specjalna trójwymiarowa faktura diamentowa gwarantuje lepsze prowadzenie piłki i precyzyjne strzały, a termiczne łączenie paneli eliminuje problem nasiąkania wodą. Dzięki temu 
piłka nożna Select Brillant Super TB
 zachowuje optymalne właściwości nawet w trudnych warunkach.


To idealny wybór 
dla piłkarza
, który stawia na profesjonalizm. Pełnowymiarowa 
piłka do nogi rozmiar 5
 sprawdzi się zarówno podczas treningów, jak i oficjalnych spotkań na najwyższym poziomie.


Rozmiar:
 5"
Piłka nożna,Piłki do piłki nożnej;1;Piłka do piłki nożnej Select Brillant Super TB;SELECT;389.00;1;100;https://sklepkoszykarski.pl/userdata/public/gfx/8413/Pilka-nozna-Select-Brillant-Super-TB.jpg;"Doskonała jakość, precyzja i trwałość — tym wyróżnia się 
Piłka nożna Select Brillant Super TB
, uznawana za jeden z najlepszych modeli w swojej klasie. Stworzona z myślą o wymagających zawodnikach, ta 
piłka do piłki nożnej Select
 spełnia rygorystyczne normy 
FIFA Quality Pro
, oferując doskonałą kontrolę, sprężystość i stabilność lotu.


Specjalna trójwymiarowa faktura diamentowa gwarantuje lepsze prowadzenie piłki i precyzyjne strzały, a termiczne łączenie paneli eliminuje problem nasiąkania wodą. Dzięki temu 
piłka nożna Select Brillant Super TB
 zachowuje optymalne właściwości nawet w trudnych warunkach.


To idealny wybór 
dla piłkarza
, który stawia na profesjonalizm. Pełnowymiarowa 
piłka do nogi rozmiar 5
 sprawdzi się zarówno podczas treningów, jak i oficjalnych spotkań na najwyższym poziomie.


Rozmiar:
 5"
Piłka nożna,Piłki do piłki nożnej;1;Piłka nożna Select Brillant Super TB FIFA Quality Pro v25;SELECT;389.00;1;100;https://sklepkoszykarski.pl/userdata/public/gfx/8366/SELECT-Brillant-Super-FIFA-Quality-Pro--widok-od-przodu.jpg, https://sklepkoszykarski.pl/userdata/public/gfx/8365/SELECT-Brillant-Super-FIFA-Quality-Pro.jpg;"Piłka nożna Select Brillant Super FIFA Quality Pro v25
 to flagowy model marki Select, ceniony przez zawodników i trenerów na całym świecie. To 
oficjalna piłka do piłki nożnej w rozmiarze 5
 
z certyfikatem FIFA Quality Pro
, wyróżniająca się perfekcyjnym wyważeniem i komfortem gry. Ręczne szycie 32 paneli, technologia uszczelniania szwów oraz materiały ograniczające wchłanianie wody gwarantują długą żywotność.


Diamentowa struktura 3D zwiększa kontrolę, pewność dryblingu i stabilność trajektorii. Lateksowy pęcherz Zero‑Wing zapewnia sprężyste, równe odbicie – idealne do meczów i intensywnych treningów. Wybierz 
Piłka nożna Select Brillant Super FIFA Quality Pro v25
, jeśli oczekujesz precyzji, profesjonalnych parametrów i miękkiego, komfortowego kontaktu z piłką."
Piłka nożna,Piłki do piłki nożnej;1;Piłka do piłki nożnej Select Brillant Super TB FIFA V25;SELECT;389.00;1;100;https://sklepkoszykarski.pl/userdata/public/gfx/8395/Pilka-do-pilki-noznej-Select-Brillant-Super-TB-FIFA-V25.jpg, https://sklepkoszykarski.pl/userdata/public/gfx/8394/Pilka-do-pilki-noznej-Select-Brillant-Super-TB-V25.jpg;"Piłka do piłki nożnej Select Brillant Super TB FIFA V25
 to jedna z najlepszych propozycji dla wymagających graczy. Ta 
profesjonalna piłka nożna Select
 spełnia rygorystyczne standardy 
FIFA Quality Pro
, oferując perfekcyjną kulistość i trwałość. Jej specjalna powierzchnia z diamentowym wzorem zwiększa kontrolę nad piłką oraz ułatwia precyzyjne podania. Dzięki technologii termicznego łączenia paneli, ta 
piłka do piłki nożnej Select
 pozostaje odporna na wilgoć i utrzymuje optymalną wagę w każdych warunkach.


Jeśli potrzebujesz idealnego sprzętu 
dla piłkarza
, który ceni jakość premium, postaw na sprawdzony wybór. 
Piłka do nogi rozmiar 5
 daje doskonałe wyczucie podczas gry, a 
piłka do piłki nożnej Select Brillant Super TB FIFA V25
 sprawdzi się zarówno w profesjonalnych rozgrywkach, jak i wymagających treningach.


Rozmiar:
 5"
Piłka nożna,Piłki do piłki nożnej;1;Piłka nożna Select Brillant Super TB FIFA Quality Pro v25;SELECT;389.00;1;100;https://sklepkoszykarski.pl/userdata/public/gfx/8366/SELECT-Brillant-Super-FIFA-Quality-Pro--widok-od-przodu.jpg, https://sklepkoszykarski.pl/userdata/public/gfx/8365/SELECT-Brillant-Super-FIFA-Quality-Pro.jpg;"Piłka nożna Select Brillant Super FIFA Quality Pro v25
 to flagowy model marki Select, ceniony przez zawodników i trenerów na całym świecie. To 
oficjalna piłka do piłki nożnej w rozmiarze 5
 
z certyfikatem FIFA Quality Pro
, wyróżniająca się perfekcyjnym wyważeniem i komfortem gry. Ręczne szycie 32 paneli, technologia uszczelniania szwów oraz materiały ograniczające wchłanianie wody gwarantują długą żywotność.


Diamentowa struktura 3D zwiększa kontrolę, pewność dryblingu i stabilność trajektorii. Lateksowy pęcherz Zero‑Wing zapewnia sprężyste, równe odbicie – idealne do meczów i intensywnych treningów. Wybierz 
Piłka nożna Select Brillant Super FIFA Quality Pro v25
, jeśli oczekujesz precyzji, profesjonalnych parametrów i miękkiego, komfortowego kontaktu z piłką."
Piłka nożna,Piłki do piłki nożnej;1;Piłka do piłki nożnej Select Contra DB FIFA Basic;SELECT;99.00;1;100;https://sklepkoszykarski.pl/userdata/public/gfx/8407/Pilka-nozna-Select-Contra-DB-FIFA-Basic--wytrzymala-pilka-do-gry-w-noge-dla-mlodziezy-i-doroslych..jpg, https://sklepkoszykarski.pl/userdata/public/gfx/8406/Precyzyjne-szycie-i-design-pilki-do-gry-w-noge-Select-Contra-DB--odporna-pilka-do-nogi-4..jpg;"Piłka do piłki nożnej Select Contra DB FIFA Basic
 to połączenie szybkości, trwałości i komfortu gry. Ta 
piłka do piłki nożnej Select
 ma bardzo żywą sprężystość i jest jedną z najszybszych w ofercie marki Select.


Zaprojektowana z 32 paneli podwójnie łączonych (szycie + klejenie), doskonale opiera się wilgoci, a 3-milimetrowa warstwa pianki zapewnia miękkość i wyjątkowe czucie piłki. Wewnętrzny pęcherz SR gwarantuje długotrwałe utrzymanie powietrza i stabilny lot.


Dostępna w rozmiarach 
pilka do nogi 5
 i 
pilka do nogi 4
, 
piłka do nogi rozmiar 3
 idealna dla piłkarza, który oczekuje niezawodności i precyzji gry.
Piłka nożna Select Contra DB
 to świetny wybór dla osób trenujących regularnie .


Rozmiar
: 5 (FIFA Basic) /4
 
(FIFA Basic)
 
/ 3"
Piłka nożna,Piłki do piłki nożnej;1;Piłka do piłki nożnej Select FINALE Fifa v25;SELECT;99.00;1;100;https://sklepkoszykarski.pl/userdata/public/gfx/8289/Pilka-do-pilki-noznej-Select-FINALE-Fifa-v25.jpg, https://sklepkoszykarski.pl/userdata/public/gfx/8288/Pilka-nozna-Select-FINALE-Fifa-v25---widok-z-tylu.jpg;"Piłka do piłki nożnej Select FINALE Fifa v25
 to nowoczesna piłka treningowa i rekreacyjna, zaprojektowana z myślą o intensywnym użytkowaniu. Teksturowana powierzchnia poprawia kontakt z butem i kontrolę nad piłką, co pozwala prowadzić grę z większą precyzją.


Jej opatentowana 
dętka Zero-Wing
 oraz 
zawór Double-Lock
 to gwarancja odpowiedniego ciśnienia i perfekcyjnego kształtu – nawet podczas długich sesji treningowych. Solidne, ręczne szycie sprawia, że to model odporny na zużycie i warunki boiskowe.


Bez względu na to, czy szukasz piłki do nogi rozmiar 5 dla dorosłych, czy rozmiaru 4 dla młodszych graczy, ten model spełni Twoje oczekiwania. 
Piłka do piłki nożnej select FINALE Fifa v25
 to pewny wybór dla piłkarza, który nie idzie na kompromisy w grze do piłki nożnej.


Rozmiar: 4 / 5
Szycie: ręczne
Certyfikat: FIFA BASIC"
Piłka nożna,Piłki do piłki nożnej;1;Piłka do piłki nożnej Select Future Light DB V23;SELECT;99.00;1;100;https://sklepkoszykarski.pl/userdata/public/gfx/8409/Pilka-do-pilki-noznej-Select-Future-Light-DB-V23--lekka-pilka-nozna-select-4-dla-dzieci-i-mlodziezy..jpg, https://sklepkoszykarski.pl/userdata/public/gfx/8408/Zblizenie-paneli-pilki-noznej-Select-Future-Light-DB-V23--lekka-pilka-do-gry-w-noge-dla-dzieci..jpg;"Zaprojektowana z myślą o młodszych piłkarzach,
 piłka do piłki nożnej Select Future Light DB V23
 to idealny wybór dla tych, którzy dopiero rozpoczynają swoją sportową przygodę. Jej zredukowana waga i elastyczna powłoka z miękkiego TPU zapewniają większy komfort oraz bezpieczeństwo podczas gry.


Ta wyjątkowa piłka do gry w nogę dla dzieci została wykonana w technologii Dual Bonded – panele są zarówno szyte, jak i klejone, co minimalizuje wchłanianie wody i zwiększa trwałość. Model 
piłka nożna Select 4
 i 
piłka do nogi rozmiar 3
 doskonale sprawdza się na treningach szkolnych i klubowych.


Piłka nożna Select Future Light DB V23
 łączy lekkość, kontrolę i wytrzymałość, dzięki czemu pomaga rozwijać technikę i pewność siebie każdego młodego zawodnika. To niezawodna 
piłka nożna Select
, która inspiruje do gry pełnej radości i zaangażowania."
Piłka nożna,Piłki do piłki nożnej;1;Piłka do piłki nożnej Select Liga v25;SELECT;99.00;1;100;https://sklepkoszykarski.pl/userdata/public/gfx/8287/Pilka-do-pilki-noznej-Select-Liga-v25-r.-5.jpg;"Piłka do piłki nożnej Select Liga v25 r. 5
 to idealna piłka do piłki nożnej, która wyróżnia się ręcznym szyciem i specjalną strukturą powierzchni, która daje doskonałe czucie piłki nawet podczas dynamicznej gry. 
Dętka Zero-Wing
 zapewnia idealną równowagę i precyzję lotu, a zawór Double-Lock chroni przed utratą ciśnienia. To 
piłka do nogi rozmiar 5
, która sprawdzi się zarówno na treningu, jak i w meczu ligowym.


Certyfikat FIFA
 to dowód na najwyższą jakość wykonania i zgodność z międzynarodowymi standardami. Jeśli szukasz trwałości i profesjonalnego wykończenia, postaw na 
piłkę do piłki nożnej Select Liga v25
 – niezawodny wybór dla piłkarza na każdym poziomie zaawansowania."
Piłka nożna,Piłki do piłki nożnej;1;Piłka do piłki nożnej Select Match DB V23 FIFA;SELECT;196.90;1;100;https://sklepkoszykarski.pl/userdata/public/gfx/8377/Pilka-do-pilki-noznej-Select-Match-DB-V23-FIFA.jpg;"Piłka do piłki nożnej Select Match DB V23 FIFA
 to propozycja dla wszystkich, którzy szukają jakości i niezawodności na boisku. To 
piłka nożna Select meczowa
, wyróżniająca się szybkością i doskonałą kontrolą. Jej 32 panele zostały podwójnie łączone – szyte i klejone – co redukuje chłonięcie wody i zwiększa trwałość. Dzięki piance neoprenowej z dodatkowymi wkładkami gra jest bardziej komfortowa, a sama piłka do nogi zachowuje idealną miękkość i sprężystość.


Dostępna w rozmiarze 5 (
piłka do nogi 5
), posiada oficjalny certyfikat FIFA Basic, co potwierdza jej wysoką jakość. 
Piłka do piłki nożnej Select Match DB V23 FIFA
 to świetny wybór dla zawodników poszukujących najlepszej piłki do nogi, idealnej do treningów i meczów na wysokim poziomie."
Piłka nożna,Piłki do piłki nożnej;1;Piłka do piłki nożnej Select Numero 10 Basic r.5;SELECT;159.00;1;100;https://sklepkoszykarski.pl/userdata/public/gfx/8296/Pilka-do-pilki-noznej-Select-Numero-10-Basic-r.5.jpg, https://sklepkoszykarski.pl/userdata/public/gfx/8295/Pilka-nozna-Select-Numero-10-Basic-r.5.jpg;"Piłka do piłki nożnej Select Numero 10 Basic r.5
 to klasyczna 
piłka do nogi rozmiar 5
, stworzona z myślą o grze na wysokim poziomie. Materiał inspirowany piłką meczową Brillant Super, ręczne szycie oraz szczelny wentyl sprawiają, że jest 
idealna do piłki nożnej
 w każdych warunkach. Dzięki
 technologii Zero-Wing
, piłka zachowuje optymalną krągłość i stabilność lotu. 
Piłka do piłki nożnej Select Numero 10 Basic r.5
 to świetny wybór dla piłkarza szukającego niezawodnego sprzętu z 
certyfikatem FIFA Basic
.


Rozmiar: 5 
Certyfikat: FIFA Basic
Szycie: ręczne"
Piłka nożna,Piłki do piłki nożnej;1;Piłka do piłki nożnej Select Numero 10 FIFA Quality Pro r. 5;SELECT;209.90;1;100;https://sklepkoszykarski.pl/userdata/public/gfx/8297/Select-Numero-10-FIFA-Quality-Pro--profesjonalna-pilka-do-nogi-rozmiar-5-z-certyfikatem%2C-klasyczny-design.jpg, https://sklepkoszykarski.pl/userdata/public/gfx/8298/Profesjonalna-pilka-do-nogi-rozmiar-5--Select-Numero-10-FIFA-Quality-Pro%2C-pilka-do-pilki-noznej-select-z-zielono-biala-grafika.jpg;"Piłka do piłki nożnej Select Numero 10 FIFA Quality Pro r. 5
 to profesjonalna 
piłka do nogi 5
, stworzona do gry na naturalnej nawierzchni. Wykonana z wytrzymałej skóry syntetycznej i wyposażona w butylowy pęcherz, który doskonale utrzymuje powietrze, sprawdzi się zarówno na treningach, jak i podczas rekreacyjnych rozgrywek. Jej powierzchnia zapewnia pewną kontrolę nad torem lotu, co doceni każdy piłkarz. Rozmiar piłki do nogi to standardowa „piątka” – najbardziej uniwersalny i najczęściej wybierany przez graczy w różnych kategoriach wiekowych. 
Piłka do piłki nożnej Select Numero 10 FIFA Quality Pro r. 5
 to gwarancja jakości, trwałości i wygody użytkowania. Jeśli szukasz sprawdzonej piłki do grania w nogę, ten model marki Select będzie strzałem w dziesiątkę – niezawodna w każdej sytuacji, w pełni zgodna z certyfikatem FIFA Quality Pro i zaliczająca się do topowych piłek nożnych na rynku.


Rozmiar: 5
Materiał: skóra syntetyczna
Przeznaczenie: trawa naturalna
Certyfikat: FIFA Quality Pro"
Piłka nożna,Piłki do piłki nożnej;1;Piłka do piłki nożnej Select Pioneer TB FIFA Basic;SELECT;128.00;1;100;https://sklepkoszykarski.pl/userdata/public/gfx/8293/Pilka-do-pilki-noznej-Select-Pioneer-TB-FIFA-Basic.jpg, https://sklepkoszykarski.pl/userdata/public/gfx/8292/Pilka-do-pilki-noznej-Select-Pioneer-TB-FIFA-Basic---widok-z-tylu.jpg;"Piłka do piłki nożnej Select Pioneer TB FIFA Basic
 została zaprojektowana z myślą o intensywnej grze treningowej i rekreacyjnej – na boiskach naturalnych i sztucznych. Jej wyjątkowa struktura z mikroperforacją i fakturowaną powierzchnią poprawia kontrolę nawet na wilgotnej murawie, a termiczne łączenie paneli zwiększa wodoodporność.


Wierzchnia warstwa PU z pianką 4 mm zapewnia miękkość, która doceni każdy gracz. Pęcherz SR odpowiada za precyzyjny kształt i dynamiczne odbicie. To właśnie dzięki tym cechom 
piłka do piłki nożnej Select Pioneer TB
 świetnie sprawdza się zarówno podczas treningów, jak i meczów.


Dostępna jako pilka do nogi rozmiar 4 i rozmiar 5, z 
certyfikatem FIFA BASIC
, jest doskonałą propozycją dla piłkarza, który szuka niezawodnego sprzętu do regularnego użytkowania. Niezależnie od nawierzchni – to zawsze dobra piłka do nogi, która spełnia oczekiwania każdego zawodnika.


Rozmiar: 4 / 5
Łączenie paneli: termiczne
Materiał: skóra syntetyczna
Certyfikat: FIFA Basic"
Piłka nożna,Piłki do piłki nożnej;1;Piłka do piłki nożnej Select Super FIFA Quality Pro 5 v23;SELECT;290.90;1;100;https://sklepkoszykarski.pl/userdata/public/gfx/8374/Pilka-do-pilki-noznej-Select-Super-FIFA-Quality-Pro-5-v23.jpg, https://sklepkoszykarski.pl/userdata/public/gfx/8375/Pilka-do-pilki-noznej-Select-Super-FIFA-Quality-Pro-5-v23---faktura-paneli.jpg;"Piłka do piłki nożnej Select Super FIFA Quality Pro 5 v23
 to propozycja 
dla piłkarzy
, którzy nie uznają kompromisów. To 
piłka do gry w nogę
, która łączy nowoczesne technologie z klasycznym rzemiosłem – 32 ręcznie szyte panele zapewniają idealny, prosty lot, a strukturalna powierzchnia daje perfekcyjną kontrolę nad każdym podaniem i strzałem.


Jeśli interesuje Cię 
piłka nożna Select meczowa
, ten model jest jedną z najczęściej wybieranych opcji przez zawodników na całym świecie. Dzięki 3-warstwowemu podbiciu i lateksowemu pęcherzowi, gra jest dynamiczna i naturalna. To nie tylko 
piłka do piłki nożnej Select
, ale także 
najlepsza piłka do nogi
 w swojej klasie – rozmiar 5, certyfikat FIFA, trwałość i wyjątkowe właściwości.


Postaw na profesjonalizm i wybierz 
piłkę do nogi rozmiar 5
, która przeniesie Twoją grę na zupełnie nowy poziom. 
Piłka do piłki nożnej Select Super FIFA Quality Pro 5 v23
 to pewność jakości i niezawodności."
Piłka nożna,Piłki do piłki nożnej;1;Piłka do piłki nożnej Select Team FIFA DB v25;SELECT;129.00;1;100;https://sklepkoszykarski.pl/userdata/public/gfx/8291/Pilka-do-pilki-noznej-Select-Team-FIFA-DB-v25---widok-z-boku.jpg, https://sklepkoszykarski.pl/userdata/public/gfx/8290/Pilka-do-pilki-noznej-Select-Team-FIFA-DB-v25---widok-z-boku.jpg;"Piłka do piłki nożnej Select Team FIFA DB v25
 to wysokiej klasy piłka treningowa zaprojektowana z myślą o wydajności i długowieczności. Jej hybrydowa konstrukcja (klej + szycie maszynowe) oraz 32 panele gwarantują maksymalną trwałość i optymalne zachowanie podczas gry.


Model ten posiada teksturowaną powłokę i specjalną powierzchnię o strukturze wzoru golfowego, co zwiększa kontrolę nad torem lotu. 
Dętka Zero-Wing
 utrzymuje idealną formę piłki, a 5-milimetrowa piankowa warstwa zapewnia miękkość i komfort przy przyjęciach i strzałach. Pęcherz butylowy oraz 
zawór Double-Lock
 to z kolei gwarancja szczelności i utrzymania powietrza.


Prezentowana 
piłka do nogi rozmiar 5 
świetnie sprawdzi się zarówno na boisku klubowym, jak i szkolnym. 
Piłka do piłki nożnej select Team FIFA DB v25
 to solidna inwestycja dla piłkarza, który wie, czego oczekuje od piłki nożnej.


Rozmiar: 5
Szycie: Hybrydowe (Szycie maszynowe + Klej )"
Piłka nożna,Piłki do piłki nożnej;1;Piłka do piłki nożnej Select Tempo TB v23 r.5;SELECT;169.00;1;100;https://sklepkoszykarski.pl/userdata/public/gfx/8294/Pilka-do-pilki-noznej-Select-Tempo-TB-v23-r.5.jpg;"Piłka do piłki nożnej Select Tempo TB v23 r.5
 to niezawodna 
piłka do nogi rozmiar 5
, idealna na treningi i mecze rekreacyjne. Wykonana z wytrzymałej skóry syntetycznej PU z ziarnistą powierzchnią – lepsza kontrola niezależnie od pogody. Posiada piankę EVA (3 mm) dla większego komfortu oraz pęcherz Zero-Wing, który zapewnia stabilny kształt i dynamiczne odbicie. Termicznie łączone panele zmniejszają wchłanianie wody. 
Piłka do piłki nożnej Select
 z certyfikatem FIFA Basic – gotowa na każdą grę.


Parametry 
piłki do piłki nożnej Select Tempo TB v23 r.5
:


Rozmiar: 5
Materiał: skóra syntetyczna
Certyfikat: FIFA Basic"
Piłka nożna,Piłki do piłki nożnej;1;Piłka halowa Select Planet V22;SELECT;294.99;1;100;https://sklepkoszykarski.pl/userdata/public/gfx/7914/Pilka-halowa-Select-Planet-V22.webp, https://sklepkoszykarski.pl/userdata/public/gfx/7915/Pilka-halowa-Select-Planet-V22-z-boku.webp;"Piłka halowa Select Planet V22
 to model, który łączy sportową funkcjonalność z troską o środowisko. Wykonana częściowo z ekologicznych materiałów – przetworzonych butelek plastikowych (7 na jedną piłkę!) oraz naturalnego lateksu – pozwala zmniejszyć ślad ekologiczny bez kompromisów w zakresie jakości.


Innowacyjna powierzchnia PU z diamentową strukturą 3D zapewnia wyjątkową przyczepność, dzięki której każde podanie i strzał będą precyzyjne. Wewnątrz znajduje się butylowa dętka wzbogacona włóknami poliestrowymi, co sprawia, że 
piłka halowa Select Planet V22
  zachowuje stabilne odbicie i idealnie nadaje się do dynamicznej gry halowej. Ręczne szycie to gwarancja trwałości, a 
certyfikat FIFA Basic
 potwierdza jej profesjonalny standard.


Wybierz piłkę halową Select i graj na najwyższym poziomie, jednocześnie przyczyniając się do ochrony naszej planety!"
Piłka nożna,Piłki do piłki nożnej;1;Piłka do piłki nożnej Select Brillant Super TB;SELECT;389.00;1;100;https://sklepkoszykarski.pl/userdata/public/gfx/8413/Pilka-nozna-Select-Brillant-Super-TB.jpg;"Doskonała jakość, precyzja i trwałość — tym wyróżnia się 
Piłka nożna Select Brillant Super TB
, uznawana za jeden z najlepszych modeli w swojej klasie. Stworzona z myślą o wymagających zawodnikach, ta 
piłka do piłki nożnej Select
 spełnia rygorystyczne normy 
FIFA Quality Pro
, oferując doskonałą kontrolę, sprężystość i stabilność lotu.


Specjalna trójwymiarowa faktura diamentowa gwarantuje lepsze prowadzenie piłki i precyzyjne strzały, a termiczne łączenie paneli eliminuje problem nasiąkania wodą. Dzięki temu 
piłka nożna Select Brillant Super TB
 zachowuje optymalne właściwości nawet w trudnych warunkach.


To idealny wybór 
dla piłkarza
, który stawia na profesjonalizm. Pełnowymiarowa 
piłka do nogi rozmiar 5
 sprawdzi się zarówno podczas treningów, jak i oficjalnych spotkań na najwyższym poziomie.


Rozmiar:
 5"
Piłka nożna,Piłki do piłki nożnej;1;Piłka nożna Select Brillant Super TB FIFA Quality Pro v25;SELECT;389.00;1;100;https://sklepkoszykarski.pl/userdata/public/gfx/8366/SELECT-Brillant-Super-FIFA-Quality-Pro--widok-od-przodu.jpg, https://sklepkoszykarski.pl/userdata/public/gfx/8365/SELECT-Brillant-Super-FIFA-Quality-Pro.jpg;"Piłka nożna Select Brillant Super FIFA Quality Pro v25
 to flagowy model marki Select, ceniony przez zawodników i trenerów na całym świecie. To 
oficjalna piłka do piłki nożnej w rozmiarze 5
 
z certyfikatem FIFA Quality Pro
, wyróżniająca się perfekcyjnym wyważeniem i komfortem gry. Ręczne szycie 32 paneli, technologia uszczelniania szwów oraz materiały ograniczające wchłanianie wody gwarantują długą żywotność.


Diamentowa struktura 3D zwiększa kontrolę, pewność dryblingu i stabilność trajektorii. Lateksowy pęcherz Zero‑Wing zapewnia sprężyste, równe odbicie – idealne do meczów i intensywnych treningów. Wybierz 
Piłka nożna Select Brillant Super FIFA Quality Pro v25
, jeśli oczekujesz precyzji, profesjonalnych parametrów i miękkiego, komfortowego kontaktu z piłką."
Piłka nożna,Piłki do piłki nożnej;1;Piłka do piłki nożnej Select Brillant Super TB FIFA V25;SELECT;389.00;1;100;https://sklepkoszykarski.pl/userdata/public/gfx/8395/Pilka-do-pilki-noznej-Select-Brillant-Super-TB-FIFA-V25.jpg, https://sklepkoszykarski.pl/userdata/public/gfx/8394/Pilka-do-pilki-noznej-Select-Brillant-Super-TB-V25.jpg;"Piłka do piłki nożnej Select Brillant Super TB FIFA V25
 to jedna z najlepszych propozycji dla wymagających graczy. Ta 
profesjonalna piłka nożna Select
 spełnia rygorystyczne standardy 
FIFA Quality Pro
, oferując perfekcyjną kulistość i trwałość. Jej specjalna powierzchnia z diamentowym wzorem zwiększa kontrolę nad piłką oraz ułatwia precyzyjne podania. Dzięki technologii termicznego łączenia paneli, ta 
piłka do piłki nożnej Select
 pozostaje odporna na wilgoć i utrzymuje optymalną wagę w każdych warunkach.


Jeśli potrzebujesz idealnego sprzętu 
dla piłkarza
, który ceni jakość premium, postaw na sprawdzony wybór. 
Piłka do nogi rozmiar 5
 daje doskonałe wyczucie podczas gry, a 
piłka do piłki nożnej Select Brillant Super TB FIFA V25
 sprawdzi się zarówno w profesjonalnych rozgrywkach, jak i wymagających treningach.


Rozmiar:
 5"
Piłka nożna,Piłki do piłki nożnej;1;Piłka nożna Select Brillant Training DB;SELECT;104.99;1;100;https://sklepkoszykarski.pl/userdata/public/gfx/8111/Treningowa-pilka-nozna-Select-Brillant-Training-DB-z-dynamicznym-designem..png, https://sklepkoszykarski.pl/userdata/public/gfx/8112/Pilka-Select-Brillant-Training-DB--wytrzymala-pilka-do-intensywnych-treningow..png;"Piłka nożna Select Brillant Training DB 
to profesjonalny model treningowy, zaprojektowany z myślą o najwyższej jakości treningach oraz meczach amatorskich. Stworzona na bazie piłki Brillant Super TB, która słynie z doskonałych właściwości, ta wersja oferuje wyjątkową szybkość oraz precyzję. Dodatkowo, wyróżnia się oficjalnym logo Betclic 1 Liga, co dodaje jej prestiżu i profesjonalnego charakteru.


Najważniejsze cechy produktu:




Bardzo dobre odbicie
 – ta 
pilka do nogi Select
 charakteryzuje się dynamicznym odbiciem, co czyni ją jedną z najszybszych w ofercie tej marki. Dzięki temu, gra nabiera tempa, a podania i strzały są niezwykle precyzyjne.


Podwójne klejenie paneli
 – 
Piłka nożna Select Brillant Training DB 
składa się z 32 elementów, które są podwójnie klejone, zszywane i klejone, co znacząco redukuje wchłanianie wody i utrzymuje idealny kształt, nawet podczas gry w deszczu.


Powłoka TPU
 – wytłaczana powłoka TPU, laminowana 3-milimetrową pianką, zwiększa miękkość piłki, co przekłada się na komfort gry i lepszą kontrolę nad nią.


Wbudowana komora SR – zaawansowana komora wewnętrzna SR odpowiada za długotrwałe utrzymywanie powietrza, co minimalizuje potrzebę częstego dopompowywania piłki.




Dla kogo?
Piłka nożna Select Brillant Training DB 
to idealny wybór dla klubów, drużyn oraz zawodników, którzy chcą trenować na najwyższym poziomie. Jej wyjątkowa szybkość oraz precyzja sprawiają, że jest doskonała zarówno do dynamicznych treningów, jak i amatorskich rozgrywek.


Jeśli szukasz 
piłki nożnej
, która zapewni doskonałe właściwości gry, a jednocześnie wytrzyma intensywne treningi, Select Brillant Training DB będzie strzałem w dziesiątkę!"
Piłka nożna,Piłki do piłki nożnej;1;Piłka nożna Select Brillant Training DB;SELECT;104.99;1;100;https://sklepkoszykarski.pl/userdata/public/gfx/8111/Treningowa-pilka-nozna-Select-Brillant-Training-DB-z-dynamicznym-designem..png, https://sklepkoszykarski.pl/userdata/public/gfx/8112/Pilka-Select-Brillant-Training-DB--wytrzymala-pilka-do-intensywnych-treningow..png;"Piłka nożna Select Brillant Training DB 
to profesjonalny model treningowy, zaprojektowany z myślą o najwyższej jakości treningach oraz meczach amatorskich. Stworzona na bazie piłki Brillant Super TB, która słynie z doskonałych właściwości, ta wersja oferuje wyjątkową szybkość oraz precyzję. Dodatkowo, wyróżnia się oficjalnym logo Betclic 1 Liga, co dodaje jej prestiżu i profesjonalnego charakteru.


Najważniejsze cechy produktu:




Bardzo dobre odbicie
 – ta 
pilka do nogi Select
 charakteryzuje się dynamicznym odbiciem, co czyni ją jedną z najszybszych w ofercie tej marki. Dzięki temu, gra nabiera tempa, a podania i strzały są niezwykle precyzyjne.


Podwójne klejenie paneli
 – 
Piłka nożna Select Brillant Training DB 
składa się z 32 elementów, które są podwójnie klejone, zszywane i klejone, co znacząco redukuje wchłanianie wody i utrzymuje idealny kształt, nawet podczas gry w deszczu.


Powłoka TPU
 – wytłaczana powłoka TPU, laminowana 3-milimetrową pianką, zwiększa miękkość piłki, co przekłada się na komfort gry i lepszą kontrolę nad nią.


Wbudowana komora SR – zaawansowana komora wewnętrzna SR odpowiada za długotrwałe utrzymywanie powietrza, co minimalizuje potrzebę częstego dopompowywania piłki.




Dla kogo?
Piłka nożna Select Brillant Training DB 
to idealny wybór dla klubów, drużyn oraz zawodników, którzy chcą trenować na najwyższym poziomie. Jej wyjątkowa szybkość oraz precyzja sprawiają, że jest doskonała zarówno do dynamicznych treningów, jak i amatorskich rozgrywek.


Jeśli szukasz 
piłki nożnej
, która zapewni doskonałe właściwości gry, a jednocześnie wytrzyma intensywne treningi, Select Brillant Training DB będzie strzałem w dziesiątkę!"
Piłka nożna,Piłki do piłki nożnej;1;Piłka nożna Select Club DB FIFA;SELECT;99.00;1;100;https://sklepkoszykarski.pl/userdata/public/gfx/8404/Pilka-nozna-Select-Club-DB-FIFA.jpg, https://sklepkoszykarski.pl/userdata/public/gfx/8403/Pilka-do-nogi-rozmiar-5-Select-Club-DB--wysokiej-jakosci-pilka-nozna-Select.jpg;"Piłka nożna Select Club DB FIFA
 to doskonała 
piłka do piłki nożnej
 dla młodzieży i dorosłych, zaprojektowana z myślą o trwałości i precyzji gry. Model posiada 32 panele podwójnie łączone (szyte i klejone), co minimalizuje wchłanianie wody i zapewnia wyjątkową wytrzymałość. Wewnątrz zastosowano pęcherz SR, który gwarantuje świetne utrzymanie powietrza i sprężystość odbicia.


Piłka nożna Select
 dostępna jest w trzech wersjach: 
piłka do nogi rozmiar 5
 (FIFA Basic), 
pilka do nogi rozmiar 4
 (FIFA Basic) oraz 
piłka do nogi rozmiar 3
.
Wybierz 
piłkę nożną Select Club DB FIFA
, jeśli szukasz niezawodnego sprzętu dla piłkarza, który chce doskonalić technikę i cieszyć się grą w każdych warunkach."
Piłka nożna,Piłki do piłki nożnej;1;Piłka nożna Select Flash Turf FIFA;SELECT;175.00;1;100;https://sklepkoszykarski.pl/userdata/public/gfx/7808/Pilka-nozna-Select-Flash-Turf-FIFA.jpg, https://sklepkoszykarski.pl/userdata/public/gfx/7807/Zblizenie-na-detal-wzoru-i-tekstury-pilki-noznej-Select-Flash-Turf-FIFA%2C-w-kolorach-bialo-czarno-pomaranczowym%2C-przeznaczonej-do-gry-na-sztucznej-murawie..jpg;"Piłka nożna Select Flash Turf FIFA
 to doskonały wybór dla graczy, którzy szukają produktu o wyjątkowej trwałości i optymalnych właściwościach na sztucznych nawierzchniach. Dzięki zastosowaniu nowoczesnych materiałów oraz precyzyjnemu wykonaniu, ta 
piłka do piłki nożnej
 sprawdza się w każdych warunkach pogodowych, zapewniając pełną kontrolę podczas gry.


Kluczowe cechy produktu:




Wysokiej jakości skóra syntetyczna PU
 – nowa, ulepszona powierzchnia z ziarnistą teksturą ułatwia kontrolę nad piłką, zarówno w suchych, jak i mokrych warunkach.


4-warstwowe podszycie
 – gwarantuje wyjątkową miękkość i trwałość, zachowując jednocześnie odpowiedni kształt i stabilność podczas gry.


Lateksowy pęcherz
 – zapewnia odpowiednią sprężystość i długotrwałą retencję powietrza, co przekłada się na płynność gry.


32 ręcznie zszywane panele
 – ta klasyczna konstrukcja paneli zapewnia prosty, przewidywalny lot piłki, co jest kluczowe dla precyzyjnych strzałów i podań.


Przeznaczenie
 – 
Piłka nożna Select Flash Turf FIFA
 specjalnie zaprojektowana do gry na sztucznych nawierzchniach trawiastych (AG), co czyni ją idealnym wyborem na boiska ze sztuczną murawą.


ATEST FIFA
 – produkt posiada atest FIFA, co potwierdza najwyższą jakość piłki, dostępny tylko w rozmiarze 5.




Dzięki Select Flash Turf FIFA, każdy trening czy mecz staje się bardziej efektywny. Wyjątkowa jakość wykonania i dopracowanie szczegółów sprawiają, że jest to 
piłka do piłki nożnej
, której możesz zaufać, grając na sztucznej trawie."
Piłka nożna,Piłki do piłki nożnej;1;Piłka Nożna Select Flash Turf v23;SELECT;174.99;1;100;https://sklepkoszykarski.pl/userdata/public/gfx/8113/Pilka-Nozna-Select-Flash-Turf-v23.png;"Jeśli szukasz wytrzymałej i precyzyjnej piłki do gry na sztucznej murawie, 
Piłka Nożna Select Flash Turf v23
 spełni Twoje oczekiwania. Wykonana z 
wysokiej jakości skóry syntetycznej PU
, oferuje znakomitą kontrolę nawet w wilgotnych warunkach. 
Ręczne szycie i 32-panelowa konstrukcja
 zapewniają wyjątkową trwałość i przewidywalny tor lotu. 
4-warstwowe podszycie oraz lateksowy pęcherz
 sprawiają, że piłka jest doskonale wyważona. 
Atest IMS
 gwarantuje spełnienie norm meczowych, a rozmiar 
5
 czyni ją idealną do profesjonalnych i amatorskich rozgrywek. Wybierz 
piłkę do nogi rozmiar 5
, która sprawdzi się na każdym boisku!


 








Materiał


skóra syntetyczna






Łączenia


ręcznie szyta






Rozmiar


5






Certyfikat


FIFA Basic"
Piłka nożna,Piłki do piłki nożnej;1;Piłka nożna Select X-Turf FIFA Basic;SELECT;149.00;1;100;https://sklepkoszykarski.pl/userdata/public/gfx/7799/Zolto-czarna-pilka-nozna-Select-X-Turf%2C-przeznaczona-do-gry-na-sztucznej-nawierzchni%2C-z-oznaczeniem-AG-Artificial-Grass..jpg, https://sklepkoszykarski.pl/userdata/public/gfx/7800/Pilka-nozna-Select-X-Turf-w-kolorach-zoltym%2C-czarnym-i-niebieskim%2C-zaprojektowana-do-gry-na-sztucznej-murawie%2C-widok-z-bliska-z-widocznym-logo-marki..jpg;"Piłka Nożna Select X-Turf FIFA Basic – Idealny Wybór na Sztuczną Trawę i Wymagające Warunki


Szukasz 
piłki nożnej
, która sprawdzi się na sztucznej nawierzchni i zapewni doskonałą kontrolę nawet w trudnych warunkach pogodowych? 
Piłka nożna Select X-Turf FIFA Basic
 w rozmiarze 5 to produkt, który spełni Twoje oczekiwania, zapewniając niezawodność i doskonałą jakość. Jest to piłka rekomendowana do gry na sztucznej trawie, co czyni ją idealnym wyborem na orliki oraz wszelkie boiska ze sztuczną murawą.


Kluczowe Cechy Piłki Select X-Turf FIFA Basic:




Przeznaczenie do sztucznej trawy
: 
piłka do piłki nożnej
 specjalnie zaprojektowana z myślą o grze na sztucznych nawierzchniach trawiastych, piłka Select X-Turf świetnie sprawdzi się także w wilgotnych i zimnych warunkach, zachowując swoje właściwości nawet podczas intensywnych rozgrywek.


Nowoczesna skóra syntetyczna PU
: Powierzchnia 
piłki Select
 wykonana z wysokiej jakości skóry syntetycznej PU zapewnia doskonałą wytrzymałość i odporność na ścieranie. Piłka jest gotowa na wielogodzinne mecze bez utraty swojego wyglądu i funkcjonalności.


Stabilny lot i trwały kształt
: 32 ręcznie zszywane panele gwarantują precyzyjny lot piłki nożnej, co przekłada się na lepszą kontrolę podczas podań i strzałów. Dzięki pęcherzowi lateksowemu 
piłka Select
 zachowuje swój pierwotny kształt przez cały okres użytkowania, niezależnie od intensywności gry.


5-warstwowe podszycie
: Nowa konstrukcja z 5-warstwowym podszyciem sprawia, że piłka jest sprężysta i przyjemna w odbiorze, co zapewnia wyjątkowy komfort gry oraz żwawą reakcję na kontakt z butem, idealną dla dynamicznych rozgrywek.




Piłka nożna Select X-Turf FIFA Basic
 to profesjonalny sprzęt, który spełnia oczekiwania zarówno amatorów, jak i doświadczonych graczy. Jest to model w rozmiarze 5, czyli 
rozmiar pilki do nogi
, 
który nadaje się do oficjalnych rozgrywek oraz codziennych treningów. Jej wytrzymała konstrukcja i precyzja wykonania sprawiają, że jest to idealny wybór na boisko. Wybierając Select X-Turf FIFA Basic, zyskujesz pewność niezawodnej jakości oraz komfortu podczas każdej gry.


Nie czekaj – postaw na jakość i wybierz Select X-Turf FIFA Basic, piłkę nożną, która sprosta wyzwaniom każdej nawierzchni i warunków pogodowych!


Rozmiar:
 5
Przeznaczenie: 
sztuczna nawierzchnia
Materiał:
 wysokiej jakości skóra syntetyczna PU"
Piłka nożna,Akcesoria do piłki nożnej;1;Przyrząd treningowy do piłki nożnej SKLZ Star-kick;;99.00;1;100;https://sklepkoszykarski.pl/userdata/public/gfx/8226/Trenazer-pilka-nozna-SKLZ-Star-kick--skuteczny-trening-dryblingu-i-kontroli.jpg, https://sklepkoszykarski.pl/userdata/public/gfx/8225/Trenazer-do-pilki-noznej-SKLZ-Star-kick--pas-treningowy-i-uchwyt-na-pilke.jpg;"Przyrząd treningowy do piłki nożnej SKLZ Star-kick
 – trening bez ograniczeń w Twoim zasięgu!


Chcesz szybciej opanować piłkę i podnieść swoje umiejętności? 
Przyrząd treningowy do piłki nożnej SKLZ Star-kick
 to nowoczesny 
trenażer piłka nożna
, który pomoże Ci efektywnie ćwiczyć kontrolę i technikę, niezależnie od miejsca. Rozciągliwa linka i neoprenowe mocowanie gwarantują wygodę użytkowania oraz stały kontakt z piłką nożną.


Przyrząd treningowy do piłki nożnej
 pasuje do standardowych piłek i idealnie wspiera rozwój każdego zawodnika. Świetnie sprawdzi się jako profesjonalne 
akcesoria do piłki nożnej
 zarówno dla dzieci, jak i dorosłych."
Piłka nożna,Akcesoria do piłki nożnej;1;Znaczniki treningowe SKLZ;;149.99;1;100;https://sklepkoszykarski.pl/userdata/public/gfx/7740/Znaczniki-treningowe-SKLZ.gif, https://sklepkoszykarski.pl/userdata/public/gfx/7741/Zawodnik-korzystajacy-ze-znacznikow-treningowych-SKLZ-podczas-treningu-na-sali.gif;"Znaczniki treningowe SKLZ


Szukasz wszechstronnych akcesoriów, które poprawią efektywność Twoich treningów? 
Znaczniki treningowe SKLZ
 to idealne rozwiązanie! Doskonale sprawdzają się w każdej dyscyplinie sportowej, pomagając rozwijać szybkość, koordynację i pracę nóg.


Te znaczniki wyróżniają się antypoślizgową powierzchnią i niskim profilem, co zapewnia stabilność nawet podczas najbardziej dynamicznych ćwiczeń. Niezależnie od tego, czy trenujesz na boisku, w hali czy na świeżym powietrzu, znaczniki SKLZ pozostaną na swoim miejscu, oferując bezpieczny i skuteczny trening.
Każdy zestaw składa się z 
pięciu kolorowych markerów
, o wymiarach 
23 cm x 23 cm
, co ułatwia ich rozmieszczenie i zapewnia doskonałą widoczność. Wykonane z wytrzymałego PVC, znaczniki są gotowe do intensywnych treningów, gwarantując długotrwałe użytkowanie w każdych warunkach.
Spraw, aby Twoje treningi były jeszcze bardziej efektywne! Zamów 
znaczniki treningowe SKLZ
 już teraz, zyskaj możliwość łatwego przenoszenia ich dzięki dołączonej torbie i ćwicz tam, gdzie chcesz. Idealne narzędzie dla sportowców na każdym poziomie zaawansowania."
Piłka nożna,Akcesoria do piłki nożnej;1;Znaczniki treningowe SKLZ - Reactive agility targets;;159.99;1;100;https://sklepkoszykarski.pl/userdata/public/gfx/7773/Zestaw-czterech-kolorowych-znacznikow-treningowych-SKLZ-Reactive-Agility-Targets-z-numerami-od-1-do-4..gif, https://sklepkoszykarski.pl/userdata/public/gfx/7774/Zawodnik-pilki-noznej-wykonujacy-cwiczenia-z-uzyciem-zielonego-znacznika-SKLZ-na-boisku-trawiastym..gif;"Znaczniki treningowe SKLZ - Reactive agility targets


Chcesz poprawić swoją zwinność i refleks na boisku? 
Znaczniki treningowe SKLZ - Reactive Agility Targets
 to innowacyjne narzędzie, które pomoże Ci podnieść Twoje wyniki sportowe na wyższy poziom.


Dzięki intensywnym, jaskrawym kolorom i numeracji od 1 do 4, te znaczniki doskonale sprawdzą się w różnych ćwiczeniach, które poprawią Twoją szybkość reakcji i inteligencję sportową. Żółty, zielony, niebieski i czerwony marker pozwolą Ci na szybkie rozpoznawanie sygnałów wizualnych i błyskawiczne reagowanie podczas dynamicznych treningów.


Wykonane z wytrzymałego PVC, 
znaczniki treningowe SKLZ - Reactive Agility Targets 
 są lekkie, ale trwałe, co czyni je idealnym wyborem zarówno do treningów na świeżym powietrzu, jak i w halach sportowych. Mogą być używane jako cele lub markery, w zależności od potrzeb treningu, co pozwala na wszechstronność w ćwiczeniach. To narzędzie, które wspiera zarówno rozwój fizyczny, jak i umiejętność szybkiego podejmowania decyzji na boisku.


Wybierz zestaw 
znaczników SKLZ - Reactive Agility Targets
 i wzmocnij swoje umiejętności sportowe! Idealny dla trenerów i sportowców, którzy chcą poprawić szybkość, zwinność i refleks w swoich dyscyplinach.


Najważniejsze cechy:




4 jaskrawe znaczniki: Żółty, zielony, niebieski, czerwony – szybkie rozpoznawanie wizualne


Numeracja od 1 do 4: Ułatwia organizację treningu i natychmiastową reakcję


Wytrzymałe PVC: Trwałe i lekkie, idealne do treningów na boiskach i w halach


Wszechstronne zastosowanie: Możliwość użycia jako celów lub znaczników




Zainwestuj w swój rozwój sportowy z SKLZ - Reactive Agility Targets i przenieś swoje treningi na wyższy poziom!"
Piłka nożna,Akcesoria do piłki nożnej;1;Znaczniki treningowe SKLZ - Shot Spotz;;149.99;1;100;https://sklepkoszykarski.pl/userdata/public/gfx/7771/Znaczniki-treningowe-SKLZ---Shot-Spotz.gif, https://sklepkoszykarski.pl/userdata/public/gfx/7772/Znaczniki-treningowe-SKLZ---Shot-Spotz-na-treningu.gif;"Znaczniki treningowe SKLZ - Shot Spotz 


Chcesz wprowadzić więcej efektywności do swoich treningów koszykówki? 
Znaczniki treningowe SKLZ - Shot Spotz
 to idealne narzędzie, które pomoże Ci doskonalić precyzję rzutów i orientację na boisku, zarówno podczas treningów indywidualnych, jak i zespołowych.


Te wytrzymałe markery można rozstawić na dowolnej nawierzchni – zarówno w hali, jak i na boiskach zewnętrznych. Dzięki odporności na warunki atmosferyczne, 
znaczniki treningowe SKLZ - Shot Spotz
 sprawdzą się niezależnie od pory roku, oferując wszechstronny trening na każdym poziomie zaawansowania.


W zestawie znajdziesz 5 solidnych markerów wykonanych z trwałych materiałów PVC i PU, gwarantujących ich długowieczność nawet przy intensywnym użytkowaniu. Dodatkowo, otrzymasz 9 proponowanych ćwiczeń i gier, które w pełni wykorzystają potencjał markerów i pomogą rozwinąć Twoje umiejętności.


Sięgnij po 
znaczniki treningowe SKLZ - Shot Spotz
, aby wzmocnić swoją precyzję, zwinność i orientację na boisku. To wszechstronny sprzęt, który sprawdzi się w każdych warunkach!


Najważniejsze cechy
:




Uniwersalne zastosowanie
: Na boiskach halowych i zewnętrznych


Zestaw
: 5 markerów wykonanych z trwałych materiałów PVC i PU


Dodatki
: 9 sugerowanych ćwiczeń i gier


Wszechstronność
: Doskonałe narzędzie do poprawy precyzji rzutów i zwinności




Usprawnij swój trening z markerami SKLZ - Shot Spotz i osiągaj lepsze wyniki na boisku!"
Tenis,Piłki do tenisa;1;Piłki tenisowe Teloon;;21.00;1;100;https://sklepkoszykarski.pl/userdata/public/gfx/8337/Pilki-tenisowe-Teloon.jpg, https://sklepkoszykarski.pl/userdata/public/gfx/8338/Pilki-do-tenisa-Teloon.jpg;"Piłki tenisowe Teloon
 to uniwersalne 
piłki do tenisa ziemnego
, które sprawdzą się zarówno podczas gry rekreacyjnej, jak i bardziej intensywnych treningów. Dzięki swojej wszechstronności możesz korzystać z nich na każdej nawierzchni – niezależnie od tego, czy grasz na korcie ziemnym, trawiastym, czy twardym.


W zestawie znajdziesz
 4 wysokiej jakości piłeczki tenisowe
, które zapewniają odpowiednią dynamikę, precyzyjne odbicie i komfort podczas gry. To świetny wybór zarówno dla początkujących, jak i dla bardziej zaawansowanych tenisistów.


Jeśli szukasz niezawodnych i trwałych 
piłek do tenisa
, postaw na sprawdzoną jakość marki Teloon i ciesz się grą na najwyższym poziomie – bez względu na miejsce i warunki."
Piłki do piłki ręcznej;1;Gumowa piłka ręczna Select Soft Kids r.0;SELECT;45.99;1;100;https://sklepkoszykarski.pl/userdata/public/gfx/8266/Gumowa-pilka-reczna-Select-Soft-Kids.jpg;"Gumowa piłka ręczna Select Soft Kids
 to miękka, lekka i wyjątkowo bezpieczna piłka stworzona z myślą o najmłodszych sportowcach. Dzięki materiałowi, który nie chłonie wody, sprawdza się zarówno w hali, jak i podczas letnich zabaw na plaży czy nad jeziorem. To funkcjonalna 
piłka do piłki ręcznej dla dzieci
, idealna do nauki rzutów i ćwiczeń koordynacyjnych. Wersja 
piłka do ręcznej rozmiar 0
 ma kompaktowy kształt i waży jedynie 210–220 g, co czyni ją doskonałym rozwiązaniem jako 
piłka ręczna dla początkujących
. Jeśli zależy Ci na trwałym i wszechstronnym produkcie, postaw na jakość, jaką oferuje 
Gumowa piłka ręczna Select Soft Kids
.


Rozmiar: 0
Materiał: guma
Rozmiar: 0"
Piłki do piłki ręcznej;1;Gumowa piłka ręczna Select Soft Kids r.00;SELECT;45.99;1;100;https://sklepkoszykarski.pl/userdata/public/gfx/8269/Gumowa-pilka-reczna-Select-Soft-Kids-r.00.jpg, https://sklepkoszykarski.pl/userdata/public/gfx/8268/Gumowa-pilka-do-recznej-rozmiar-00.jpg;"Gumowa piłka ręczna Select Soft Kids r.00
 została stworzona specjalnie dla dzieci i początkujących graczy. Jej miękka, bezszwowa konstrukcja i lekka forma sprawiają, że to perfekcyjna 
piłka ręczna dla początkujących
, która sprawdzi się zarówno w szkole, jak i podczas zabaw na świeżym powietrzu. Dzięki niechłonącej wodę gumie możesz zabrać ją nad jezioro czy na plażę bez obaw o uszkodzenia. To jedna z najlżejszych opcji w ofercie – idealna 
piłka do ręcznej rozmiar 00
, która uczy przez zabawę. Szukasz bezpiecznego modelu dla dziecka? 
Piłka do piłki ręcznej Select Soft Kids
 to sprawdzony wybór i świetna inwestycja w aktywność najmłodszych."
Piłki do piłki ręcznej;1;Piłka do piłki ręcznej dla dorosłych SELECT Solera EHF rozmiar 3;SELECT;149.00;1;100;https://sklepkoszykarski.pl/userdata/public/gfx/7824/Czerwona-pilka-do-pilki-recznej-SELECT-Solera-EHF-rozmiar-3%2C-z-certyfikatem-EHF.jpg, https://sklepkoszykarski.pl/userdata/public/gfx/7825/Detal-paneli-pilki-recznej-SELECT-Solera-EHF%2C-wytrzymala-syntetyczna-skora.jpg;"Piłka do piłki ręcznej dla dorosłych Select Solera EHF rozmiar 3


Jeżeli szukasz 
piłki ręcznej
, która zagwarantuje Ci pewny chwyt i niezawodną kontrolę podczas gry, 
piłka do piłki ręcznej dla dorosłych SELECT Solera EHF rozmiar 3
 jest stworzona właśnie dla Ciebie. Wykonana z bardzo miękkiej, a zarazem wytrzymałej skóry syntetycznej, piłka zapewnia nie tylko długą żywotność, ale także komfort użytkowania na najwyższym poziomie.


Zastosowana w konstrukcji 4-milimetrowa pianka zapewnia lepszy chwyt i miękkość, co przekłada się na większą precyzję w trakcie gry. Dzięki zastosowaniu 
pęcherza Zero-Wing
, ta 
piłka do piłki ręcznej
 zachowuje optymalną krągłość, co gwarantuje stabilne odbicie i płynne manewrowanie. Doskonale leży w dłoni, zarówno z użyciem żywicy, jak i bez niej, co czyni ją idealnym wyborem dla graczy o różnych preferencjach.


Piłka do piłki ręcznej dla dorosłych SELECT Solera EHF rozmiar 3
 jest ręcznie szyta, co zapewnia wysoką jakość wykonania i trwałość, a 
certyfikat EHF Approved
 potwierdza, że spełnia najwyższe międzynarodowe standardy. Wybierz 
piłkę do piłki ręcznej dla dorosłych Select
 i doświadcz niezrównanej jakości, która pomoże Ci osiągnąć lepsze wyniki na boisku!"
Piłki do piłki ręcznej;1;Piłka do piłki ręcznej dla dorosłych Select Ultimate EHF rozmiar 3;SELECT;319.99;1;100;https://sklepkoszykarski.pl/userdata/public/gfx/7851/Pilka-reczna-dla-doroslych-SELECT-Ultimate-EHF-rozmiar-3_224691_1200.jpg, https://sklepkoszykarski.pl/userdata/public/gfx/7852/Pilka-reczna-dla-doroslych-SELECT-Ultimate-EHF-rozmiar-3_224692_1200.jpg;"Dla zawodników poszukujących najwyższej jakości piłek do piłki ręcznej,
 Select Ultimate EHF rozmiar 3
 to 
oficjalny wybór EHF Champions League Men 23
. Wykonana z wyjątkowo wytrzymałej 
syntetycznej skóry
, piłka oferuje niezwykłą trwałość, idealną do intensywnych meczów na poziomie profesjonalnym.


Dzięki opatentowanej 
dętce Zero-Wing
, ta 
piłka do ręcznej Select
 zachowuje doskonałą krągłość i równowagę, eliminując nieprzewidywalne odbicia. Jest lekka, dynamiczna i precyzyjnie kontrolowana, co czyni ją perfekcyjną w szybkich, intensywnych akcjach. Ręczne szycie i 
zatwierdzenie przez EHF
 świadczą o jej niezrównanej jakości i precyzji wykonania. 
Piłka do piłki ręcznej dla dorosłych Select Ultimate EHF rozmiar 3
  to produkt, na którym możesz polegać w każdej grze, gwarantującą najwyższą wydajność na boisku."
Piłki do piłki ręcznej;1;Piłka do piłki ręcznej dla dzieci Select Foam Kids rozmiar 0;SELECT;35.00;1;100;https://sklepkoszykarski.pl/userdata/public/gfx/7826/Pilka-do-pilki-recznej-dla-dzieci-Select-Foam-Kids-rozmiar-0.jpg;"Piłka do piłki ręcznej dla dzieci Select Foam Kids rozmiar 0


Piłka do piłki ręcznej Select Foam Kids rozmiar 0
 została stworzona specjalnie z myślą o dzieciach, które dopiero rozpoczynają swoją przygodę ze sportem. Dzięki wyjątkowym właściwościom jest idealna zarówno do nauki, jak i beztroskich zabaw.


Zalety piłki Select Foam Kids:




Bezpieczeństwo na pierwszym miejscu
: Miękka pianka, z której wykonana jest ta 
pilka reczna dla dzieci
, gwarantuje, że zabawa jest w pełni bezpieczna dla dzieci.


Lekka i łatwa do trzymania
: Dzięki swojej wadze i rozmiarowi 0, ta piłka Select doskonale leży w małych dłoniach, co ułatwia naukę chwytania i rzucania.


Wszechstronne zastosowanie
: Sprawdzi się zarówno podczas gier w szkole, jak i w domowych warunkach – na podwórku czy w sali gimnastycznej.


Wytrzymałość i trwałość: Utwardzana pianka zapewnia długą żywotność piłki, nawet przy intensywnym użytkowaniu.




Wybierając 
piłkę do piłki ręcznej Select Foam Kids rozmiar 0
, inwestujesz w rozwój motoryczny swojego dziecka, a jednocześnie zapewniasz mu godziny świetnej zabawy. Idealna do treningów piłki ręcznej, ale także do codziennych, radosnych zabaw z rówieśnikami!"
Piłki do piłki ręcznej;1;Piłka do piłki ręcznej Select Light Grippy DB EHF v24;SELECT;99.00;1;100;https://sklepkoszykarski.pl/userdata/public/gfx/7830/Pilki-Select-Light-Grippy-DB-EHF-v24-w-wersjach-kolorystycznych-pomaranczowej%2C-zoltej-i-blekitnej..jpg, https://sklepkoszykarski.pl/userdata/public/gfx/7829/Blekitna-pilka-Select-Light-Grippy-DB-EHF-v24-z-szarymi-akcentami-inspirowanymi-wzorem-geparda..jpg;"Piłka do piłki ręcznej Select Light Grippy DB EHF v24


Piłka do piłki ręcznej Select Light Grippy DB EHF v24
 to produkt zaprojektowany z myślą o młodszych zawodnikach, którzy potrzebują lekkiej, a jednocześnie wytrzymałej piłki. Wykonana z miękkiej skóry syntetycznej, oferuje niezwykle wygodny chwyt, dzięki nowoczesnej konstrukcji z piankowymi poduszkami, które zwiększają komfort gry.


Wewnątrz tej 
piłki Select
 znajduje się specjalnie zaprojektowany 
pęcherz SR
, który gwarantuje idealną krągłość, a podwójnie łączone panele dodatkowo wzmacniają jej strukturę. Piłka do piłki ręcznej Select Light Grippy DB EHF v24, 
zatwierdzona przez EHF
, to nie tylko gwarancja jakości, ale także świetny wybór dla dzieci i młodzieży, które szukają piłki oferującej doskonałą kontrolę i precyzję w trakcie gry.


Rozmiar
: 1"
Piłki do piłki ręcznej;1;Piłka do piłki ręcznej Select Mundo;SELECT;109.00;1;100;https://sklepkoszykarski.pl/userdata/public/gfx/8198/Pilka-do-pilki-recznej-Select-Mundo.jpg, https://sklepkoszykarski.pl/userdata/public/gfx/8197/Select-Mundo-DB--pilka-reczna-z-logo-i-dynamicznym-wzorem-w-kolorze-zoltym-i-niebieskim.jpg;"Piłka do piłki ręcznej Select Mundo
 została stworzona z myślą o intensywnych treningach klubowych i indywidualnych sesjach doskonalenia techniki. Ręcznie szyta, z solidnego materiału HPU 1000, zapewnia nie tylko trwałość, ale i komfort użytkowania przez długi czas.


Nowoczesny design tej 
piłki do piłki ręcznej
 i perfekcyjne wyprofilowanie sprawiają, że gra nią to czysta przyjemność. Prezentowana 
piłka do piłki ręcznej Select
 dzięki swojej uniwersalności, idealnie sprawdza się zarówno na hali, jak i w szkolnych warunkach. Certyfikat EHF potwierdza jakość wykonania i zgodność z europejskimi standardami.


Wybierz 
piłkę do ręcznej rozmiar 1 Select
, która łączy trwałość, precyzję i komfort – wszystko, czego potrzebujesz, by rozwinąć swoje umiejętności."
Piłki do piłki ręcznej;1;Piłka do piłki ręcznej Select Mundo EHF rozmiar 3;SELECT;95.00;1;100;https://sklepkoszykarski.pl/userdata/public/gfx/7833/Pilka-do-pilki-recznej-Select-Mundo-EHF-rozmiar-3.jpg;"Piłka do piłki ręcznej Select Mundo EHF rozmiar 3


Dla zawodników szukających niezawodnej piłki do treningów, 
piłka do piłki ręcznej Select Mundo EHF rozmiar 3
 to idealne rozwiązanie. Wykonana z trwałej 
skóry syntetycznej
 i wyposażona w opatentowany 
pęcherz Zero-Wing
, zapewnia doskonałą krągłość, co przekłada się na stabilność i precyzję podczas gry.


Wnętrze piłki zostało wzbogacone o ulepszoną piankę, która daje miękki i pewny chwyt, zarówno z żywicą, jak i bez niej, co czyni ją wszechstronnym narzędziem do treningów. 
Ręczne szycie
 gwarantuje wysoką jakość wykonania, a 
certyfikat EH
F potwierdza, że 
piłka do piłki ręcznej Select Mundo EHF rozmiar 3
 spełnia najwyższe standardy, idealna zarówno dla klubów, jak i indywidualnych graczy dążących do doskonałości."
Piłki do piłki ręcznej;1;Piłka do piłki ręcznej Select Mundo EHF v24;;95.00;1;100;https://sklepkoszykarski.pl/userdata/public/gfx/8363/Pilka-do-pilki-recznej-Select-Mundo-EHF-v24.jpg;"Piłka do piłki ręcznej Select Mundo EHF v24
 to wysokiej jakości 
piłka do ręcznej rozmiar 2
 do gry na hali. Piłka do piłki ręcznej Select Mundo EHF v24 to niezawodny wybór dla klubów, szkół i pasjonatów 
piłki ręcznej
. Dzięki oficjalnemu zatwierdzeniu przez EHF i trwałej konstrukcji, sprawdzi się zarówno podczas treningów, jak i rozgrywek ligowych.


Select Mundo EHF v24- główne cechy 




Rozmiar 2 – idealna piłka ręczna dla kobiet i młodzieży


Powłoka z miękkiej skóry syntetycznej – znakomita przyczepność


32 ręcznie szyte panele – trwałość i kontrola


Odpowiednia do użytku wewnętrznego


Oficjalny znak EHF – potwierdzona jakość sportowa




Sportowa piłka ręczna, która robi różnicę
Dzięki nowoczesnemu designowi i solidnemu wykonaniu, ta 
piłka do ręcznej Select
 zapewnia pewność chwytu, precyzję podań i komfort gry. Sprawdź, dlaczego to jeden z najlepszych modeli w kategorii 
piłka do ręcznej rozmiar 2
!"
Piłki do piłki ręcznej;1;Piłka do piłki ręcznej Select Play treningowa;SELECT;79.00;1;100;https://sklepkoszykarski.pl/userdata/public/gfx/8278/Pilka-do-pilki-recznej-Select-Play-treningowa--idealna-pilka-do-recznej-rozmiar-1-do-codziennych-treningow.jpg, https://sklepkoszykarski.pl/userdata/public/gfx/8276/Pilka-do-recznej-rozmiar-1-Select-Play--antyposlizgowa-powierzchnia-i-wytrzymale-szycie.jpg;"Piłka do piłki ręcznej Select Play treningowa
 została zaprojektowana z myślą o maksymalnym komforcie i kontroli podczas treningów. Jej miękka, ale sprężysta pianka ułatwia chwyt, a opatentowana
 dętka Zero-Wing
 dba o perfekcyjną krągłość i stabilność lotu. To 
piłka do ręcznej rozmiar 1 Select
, która idealnie sprawdzi się w rękach młodych zawodników – zarówno w grach z klejem, jak i bez. Ręczne szycie gwarantuje trwałość na długie miesiące intensywnego użytkowania. Jeśli szukasz niezawodnej i wygodnej piłki do ręcznej select, model Select Play będzie strzałem w dziesiątkę. 
Piłka do piłki ręcznej Select Play treningowa
 to doskonałe połączenie jakości, komfortu i nowoczesnej technologii.


Rozmiar: 1
Szyta: ręcznie
Przeznaczenie: halowa"
Piłki do piłki ręcznej;1;Piłka do piłki ręcznej Select Play treningowa rozmiar 0;SELECT;79.00;1;100;https://sklepkoszykarski.pl/userdata/public/gfx/8279/Zielona-pilka-do-recznej-rozmiar-0--bezpieczna-i-trwala-pilka-Select-Play-dla-najmlodszych.jpg, https://sklepkoszykarski.pl/userdata/public/gfx/8280/Treningowa-pilka-do-pilki-recznej-dla-dzieci-z-syntetycznej-skory-i-opatentowana-detka-Zero-Wing.jpg;"Piłka do piłki ręcznej Select Play treningowa rozmiar 0
 została stworzona z myślą o młodych graczach, którzy stawiają pierwsze kroki na boisku. Jej lekka konstrukcja i miękka pianka wewnątrz sprawiają, że świetnie leży w dłoni, nawet bez użycia kleju. To nie przypadek, że 
piłka do ręcznej rozmiar 0 Select
 zyskała uznanie wśród szkół i klubów sportowych. Dzięki opatentowanej 
dętce Zero-Wing
 zapewnia przewidywalny lot i doskonałą rotację. Ręczne szycie oraz odporna na ścieranie powłoka gwarantują długą żywotność nawet przy intensywnym użytkowaniu.


Jeśli szukasz piłki do nauki techniki, dryblingu i podań – ten model spełni oczekiwania każdego młodego zawodnika. Dodatkowo jasna kolorystyka ułatwia śledzenie piłki podczas gry.


Piłka do piłki ręcznej Select Play treningowa rozmiar 0
 to jakość, której możesz zaufać. Idealna 
piłka do piłki ręcznej dla dzieci
, która pomaga rozwijać sportowe pasje już od najmłodszych lat.


Rozmiar: 0
Przeznaczenie: halowa
Szyta: ręcznie"
Piłki do piłki ręcznej;1;Piłka do piłki ręcznej Select Polska V25;SELECT;89.90;1;100;https://sklepkoszykarski.pl/userdata/public/gfx/8282/Pilka-do-pilki-recznej-Select-Polska-V25.jpg;"Piłka do piłki ręcznej Select Polska V25
 to najnowsza propozycja marki Select, zaprojektowana z myślą o szkołach, klubach i pasjonatach 
piłki ręcznej
. Zbudowana z wysokogatunkowych materiałów, wytrzyma długie miesiące gry. Miękka warstwa zewnętrzna i specjalna pianka wewnętrzna zapewniają świetny chwyt i niesamowity komfort podczas rzutów i podań. 
Piłka do piłki ręcznej Select Polska V25
 jest świetnie wyważona, dzięki czemu nie zmienia kierunku niespodziewanie.


To 
piłka do ręcznej Select
, która sprawdzi się w treningu, na zajęciach WF-u i jako prezent. 


Rozmiar: 0 / 1 / 2 / 3
Przeznaczenie: halowa
Szyta: ręcznie
Zaawansowanie: treningowa"
Piłki do piłki ręcznej;1;Piłka do piłki ręcznej Select Solera EHF;SELECT;109.00;1;100;https://sklepkoszykarski.pl/userdata/public/gfx/8108/Pilka-do-pilki-recznej-Select-Solera-EHF.png, https://sklepkoszykarski.pl/userdata/public/gfx/8109/Pilka-do-recznej-Select-Solera-EHF.png;"Piłka do piłki ręcznej Select Solera EHF
 to doskonały wybór dla zawodników poszukujących niezawodnej piłki treningowej o profesjonalnej jakości. Wykonana z wyjątkowo 
miękkiej i trwałej syntetycznej skóry
, zapewnia doskonały chwyt – zarówno z klejem, jak i bez. Dzięki opatentowanej 
dętce Zero-Wing
, piłka zachowuje idealną krągłość i stabilność w locie, co przekłada się na precyzyjne podania i celne rzuty. Każdy model jest 
ręcznie szyty
, co gwarantuje długą żywotność i odporność na intensywne użytkowanie. Wybierz 
piłkę do piłki ręcznej Select Solera EHF
 i podnieś poziom swojej gry!








Materiał


skóra syntetyczna






Rozmiar


3






Łączenia


ręcznie szyte






Atest


IHF-APPROVED"
Piłki do piłki ręcznej;1;Piłka do piłki ręcznej Select Solera EHF v24;SELECT;149.99;1;100;https://sklepkoszykarski.pl/userdata/public/gfx/7834/Pilka-reczna-Select-Solera-EHF-v24-w-jaskrawym-pomaranczowym-kolorze%2C-idealna-do-intensywnej-gry..jpg, https://sklepkoszykarski.pl/userdata/public/gfx/7835/Szczegolowy-widok-panelu-pilki-Select-Solera-EHF-v24%2C-ukazujacy-precyzyjne-szwy-i-wzory-na-powierzchni..jpg;"Piłka do piłki ręcznej Select Solera EHF v24


Piłka do piłki ręcznej Select Solera EHF v24
 to niezastąpiony produkt dla wszystkich, którzy cenią sobie wysoką jakość i komfort gry. Wykonana z bardzo miękkiej, a zarazem wytrzymałej skóry syntetycznej, ta 
piłka Select
 idealnie leży w dłoni. Nowoczesna konstrukcja z 4 mm warstwą pianki zapewnia wyjątkowy chwyt, który sprawdzi się zarówno z użyciem żywicy, jak i bez niej.


Optymalna krągłość piłki jest zasługą 
pęcherza Zero-Wing
, który gwarantuje stabilność podczas gry. Dzięki ręcznemu szyciu i zatwierdzeniu przez 
EHF
, Select Solera EHF v24 spełnia najwyższe standardy, co czyni ją idealnym wyborem do rozgrywek na każdym poziomie – od amatorskiego po profesjonalny. Zainwestuj w piłkę, która połączy wytrzymałość z doskonałą precyzją!"
Piłki do piłki ręcznej;1;Piłka do piłki ręcznej Select Torneo DB;SELECT;123.00;1;100;https://sklepkoszykarski.pl/userdata/public/gfx/7892/Pilka-do-pilki-recznej-Select-Torneo-DB.webp, https://sklepkoszykarski.pl/userdata/public/gfx/7893/Pilka-do-recznej-Select-Torneo-DB-rozmiar-1.webp;"Piłka ręczna Select Torneo DB
 to idealny wybór dla osób, które stawiają na intensywne treningi oraz najwyższą jakość wykonania. Zaprojektowana z myślą o wymagających graczach, gwarantuje trwałość i doskonałe właściwości użytkowe, dzięki czemu sprosta nawet najbardziej ekstremalnym wymaganiom.




Miękkość i Komfort Gry
Dzięki zastosowaniu specjalistycznej pianki, 
piłka ręczna Select Torneo DB
 oferuje wyjątkową miękkość, co przekłada się na większy komfort podczas gry oraz zmniejsza ryzyko urazów. Jej ergonomiczna powierzchnia świetnie dopasowuje się do dłoni, pozwalając na pełną kontrolę i precyzję w każdej akcji. Zapomnij o nieprzewidywanych odbiciach – z tą piłką masz pewność, że gra przebiegnie zgodnie z Twoimi oczekiwaniami.


Wyjątkowa Trwałość dzięki Precyzyjnemu Wykonaniu
Łaty w piłce Select Torneo DB zostały połączone za pomocą innowacyjnego procesu łączącego ręczne szycie i klejenie. Taka konstrukcja sprawia, że piłka wytrzymuje intensywne użytkowanie, zachowując swój kształt oraz właściwości techniczne przez długi czas. Wytrzymałość i niezawodność to jej znak rozpoznawczy.


Atest Europejskiej Federacji Piłki Ręcznej (EHF)
Select Torneo DB posiada oficjalny atest EHF, co potwierdza jej najwyższą jakość i profesjonalne wykonanie. Dzięki temu może być używana zarówno podczas treningów, jak i w oficjalnych rozgrywkach, spełniając standardy światowej klasy piłki ręcznej.




Dlaczego Warto Wybrać Select Torneo DB?
- Doskonała kontrola gry – miękka powierzchnia, która świetnie układa się w dłoni.
- Wytrzymałość na lata – precyzyjne łączenie łat, odporność na intensywne użytkowanie.
- Profesjonalny standard – atest EHF gwarantuje najwyższą jakość i dopuszczenie do rozgrywek.


Prezentowana 
piłka do ręcznej rozmiar 1 Select
 to idealne połączenie zaawansowanych technologii i tradycyjnego, ręcznego wykonania. Zapewni Ci pewność w każdej akcji i niezawodność w najtrudniejszych warunkach."
Piłki do piłki ręcznej;1;Piłka do piłki ręcznej Select Torneo DB EHF;SELECT;123.00;1;100;https://sklepkoszykarski.pl/userdata/public/gfx/7823/Pilka-do-pilki-recznej-Select-Torneo-DB-EHF.jpg, https://sklepkoszykarski.pl/userdata/public/gfx/7822/Pilka-reczna-Select-Ultimate-Replica-EHF-European-League%2C-widoczna-technologia-Zero-Wing.jpg;"Piłka do piłki ręcznej Select Torneo DB EHF


Poznaj 
piłkę do piłki ręcznej Select Torneo DB EHF
 – model, który idealnie łączy w sobie miękkość i wytrzymałość, aby zapewnić maksymalny komfort i precyzję podczas treningów. Prezentowana 
piłka Select 
wykonana jest z wysokiej jakości, miękkiej skóry syntetycznej, oferuje przyjemny chwyt, który znacząco poprawia kontrolę.


Dwie warstwy specjalnej pianki zapewniają dodatkową miękkość, dzięki czemu 
piłka do piłki ręcznej Select Torneo DB EHF
 idealnie leży w dłoni, a przyczepność pozwala na szybkie i precyzyjne zagrania. Wewnątrz piłki znajduje się zaawansowany pęcherz SR, który dba o perfekcyjną krągłość, co przekłada się na doskonałe odbicie i pewność każdej akcji na boisku.


Piłka Select Torneo DB EHF
 jest podwójnie łączona – szyta i klejona, co zapewnia jej dodatkową trwałość i odporność na intensywną grę. Zatwierdzona przez EHF, ta piłka spełnia najwyższe normy jakości, dzięki czemu jest idealnym narzędziem dla zawodników dążących do doskonałości w grze.


Przekonaj się, jak świetnie piłka Select Torneo DB EHF sprawdzi się podczas Twojego treningu!"
Piłki do piłki ręcznej;1;Piłka do piłki ręcznej Select Ultimate Replica Champions League v25;SELECT;119.00;1;100;https://sklepkoszykarski.pl/userdata/public/gfx/8356/Select-pilka-do-recznej-z-nadrukiem-EHF-Champions-League--pilka-do-recznej-rozmiar-2.jpg, https://sklepkoszykarski.pl/userdata/public/gfx/8357/Pilka-do-recznej-Select-Champions-League-v25--model-turniejowy-dla-mlodziezy.jpg;"Piłka do piłki ręcznej Select Ultimate Replica Champions League v25
 to doskonały wybór do codziennych treningów i rozgrywek. Wersja treningowa kultowego modelu meczowego – wykonana z wysokogatunkowych materiałów, odporna na ścieranie i idealnie leżąca w dłoni.


Piłka do piłki ręcznej Select Ultimate Replica Champions League v25
 dzięki miękkiej strukturze i stabilnemu lotowi świetnie sprawdzi się jako piłka do piłki ręcznej rozmiar 2 dla starszych dzieci oraz piłka do ręcznej rozmiar 3 dla dorosłych graczy, zas dla najmłodszych graczy w romiarze 1. Wygodne prowadzenie i dobry chwyt bez kleju.




Wzorowana na oficjalnej piłce Ligi Mistrzów EHF


Świetna jako piłka do piłki ręcznej dla dzieci i młodzieży


Miękka, dobrze wyważona, szyta ręcznie"
Piłki do piłki ręcznej;1;Piłka do piłki ręcznej Select Ultimate Replica EHF European League;SELECT;119.00;1;100;https://sklepkoszykarski.pl/userdata/public/gfx/7796/Pilka-do-pilki-recznej-SELECT-Ultimate-Replica-EHF-European-League-V24.jpg;"Piłka do piłki ręcznej SELECT ULTIMATE EHF European League, zaprojektowaną z myślą o najwyższej jakości i wydajności. To odwzorowanie oficjalnej piłki meczowej EHF European League, która doskonale sprawdzi się zarówno w profesjonalnych rozgrywkach, jak i podczas treningów.


Dlaczego warto wybrać piłkę Select Ultimate EHF European League V2?


Wytrzymałość i jakość


Piłka do piłki ręcznej Select Ultimate EHF European League V24
 wykonana jest z wyjątkowo wytrzymałej syntetycznej skóry, co zapewnia długotrwałe użytkowanie i odporność na intensywne warunki gry. Dzięki temu jest idealnym wyborem dla zawodników, którzy szukają trwałego sprzętu do piłki ręcznej.


Optymalna krągłość


Dzięki zastosowaniu dętki Zero-Wing, piłka zachowuje doskonałą krągłość, co wpływa na jej stabilność i precyzyjność podczas gry. To oznacza, że każda akcja jest przewidywalna, a odbicia są kontrolowane i pewne.


Lekkość i żywotność


Piłka do piłki ręcznej Select Ultimate EHF European League V24
 jest lekka i żywa, co umożliwia dynamiczne zagrania i szybką reakcję na boisku. Niezachwiana równowaga i brak nieprzewidywalnych odbić sprawiają, że gra staje się jeszcze bardziej ekscytująca.


Ręczne szycie


Każda piłka jest starannie szyta ręcznie, co gwarantuje wysoką jakość wykonania oraz precyzyjne dopasowanie wszystkich elementów. Dzięki temu masz pewność, że otrzymujesz produkt najwyższej klasy.


Certyfikat EHF


Ta Piłka Select posiada certyfikat EHF APPROVED, co potwierdza jej zgodność z międzynarodowymi standardami. Jest to istotne dla zawodników, którzy pragną grać na najwyższym poziomie.


Podsumowanie


Wybierz 
piłkę do piłki ręcznej Select Ultimate EHF European League V24
 i ciesz się jakością, która zadowoli nawet najbardziej wymagających graczy. Idealna do treningów i meczów, ta piłka łączy w sobie trwałość, precyzję i doskonałe parametry techniczne. Zainwestuj w sprzęt, który pomoże Ci osiągnąć sukces na boisku!"
Piłki do piłki ręcznej;1;Piłka do piłki ręcznej Select Ultimate Replica Official EHF Champions League (rozmiar 3);SELECT;119.00;1;100;https://sklepkoszykarski.pl/userdata/public/gfx/7798/Pilka-do-pilki-recznej-Select-Ultimate-EHF-European-League-V24--widok-ogolny-na-zloto-biala-pilke-z-oficjalnym-logo-EHF.jpg, https://sklepkoszykarski.pl/userdata/public/gfx/7797/Pilka-do-pilki-recznej-Select-Ultimate-Official-EHF-Champions-League-zblizenie-na-fakture-pilki.jpg;"Piłka do piłki ręcznej Select Ultimate Official EHF Champions League


Sięgnij po 
piłkę do piłki ręcznej Select Ultimate Official EHF Champions League
 i poczuj jakość, którą doceniają najlepsi gracze. To piłka zaprojektowana z myślą o najwyższych standardach rozgrywek, będąca oficjalnym wyborem EHF dla męskiej Ligi Mistrzów. Jej wyjątkowa konstrukcja sprawia, że świetnie sprawdza się zarówno podczas intensywnych treningów, jak i meczów na najwyższym poziomie.


Wykonana z wyjątkowo wytrzymałej syntetycznej skóry, oferuje nie tylko długowieczność, ale również doskonały chwyt i kontrolę podczas gry. Dzięki specjalnej technologii Zero-Wing, te 
piłki Select
 wyposażone są w dętkę, która zapewnia optymalną krągłość i niezawodną równowagę, co przekłada się na idealne odbicie i stabilny lot.


Każdy detal tej 
piłki do piłki ręcznej Select
 jest dopracowany do perfekcji – ręcznie szyta konstrukcja gwarantuje precyzję i trwałość, a sama piłka pozostaje lekka i responsywna, co umożliwia szybkie i precyzyjne zagrania. Jej żywość i płynność ruchu sprawiają, że niezawodnie trzyma trajektorię, bez nieprzewidywalnych odbić, dając graczom pełną kontrolę nad każdą akcją.


Posiada 
certyfikat EHF Approved
, co potwierdza, że spełnia najwyższe wymagania w zakresie jakości i wydajności. Wybierając 
piłkę do piłki ręcznej Select Ultimate Official EHF Champions League
, zyskujesz piłkę, która przenosi rozgrywki na zupełnie nowy poziom – to sprzęt stworzony z myślą o zwycięstwach!"
Piłki do piłki ręcznej;1;Piłka do piłki ręcznej Select Ultimate Replica V24;SELECT;119.00;1;100;https://sklepkoszykarski.pl/userdata/public/gfx/8412/Pilka-do-recznej-rozmiar-2-Select-Ultimate-Replica-V24--replika-meczowej-pilki-recznej-EHF..jpg, https://sklepkoszykarski.pl/userdata/public/gfx/8410/Pilka-do-pilki-recznej-Select-Ultimate-Replica-V24--profesjonalna-select-pilka-reczna-zatwierdzona-przez-EHF..jpg;"Poznaj niezawodną 
piłkę do piłki ręcznej Select Ultimate Replica V24
 — stworzoną z myślą o zawodnikach, którzy oczekują najwyższej jakości i doskonałej kontroli nad piłką. Miękka, wytrzymała skóra syntetyczna i piankowa warstwa wewnętrzna gwarantują komfortowy chwyt oraz precyzyjne podania.


Każda 
Select piłka ręczna
 jest ręcznie szyta i wyposażona w pęcherz Zero-Wing, który zapewnia idealny kształt oraz równomierne odbicie. Model został zatwierdzony przez 
EHF
, co czyni go pewnym wyborem zarówno do gry rekreacyjnej, jak i półprofesjonalnej.


Niezależnie od tego, czy potrzebna Ci 
piłka do ręcznej rozmiar 2
, 
piłka ręczna select rozmiar 1
, czy 
piłka do piłki ręcznej dla dzieci rozmiar 0
 — 
model Select Ultimate Replica V24
 gwarantuje perfekcyjną jakość i trwałość na lata.


Rozmiar:
 0 / 1 / 2 / 3"
Piłki do piłki ręcznej;1;Piłka do piłki ręcznej SMJ Sport Samba;SMJ;47.00;1;100;https://sklepkoszykarski.pl/userdata/public/gfx/8205/pilka-do-pilki-recznej-smj-sport-samba-.jpg;"Piłka do piłki ręcznej SMJ Sport Samba
 wyróżnia się starannym, ręcznym szyciem i wykonaniem ze skóry syntetycznej, zapewniając trwałość i świetne wyczucie podczas gry. Z rozmiarem 1 i oficjalną wagą spełnia wszystkie wymagania młodych adeptów sportu. To perfekcyjna 
piłka do piłki ręcznej rozmiar 1
 dla tych, którzy oczekują jakości na boisku. Dzięki solidnemu wykonaniu, 
piłka do piłki ręcznej SMJ Sport Samba
 sprawdzi się zarówno podczas intensywnych treningów, jak i profesjonalnych rozgrywek. Idealny wybór, jeśli potrzebujesz piłki do ręcznej w rozmiarze 0, 1 lub 2.


Rozmiar: 0 / 1 / 2
Materiał: Skóra syntetyczna
Szyta: Ręcznie"
Piłki do piłki ręcznej;1;Piłka do piłki ręcznej Solera EHF v24 Green;SELECT;149.00;1;100;https://sklepkoszykarski.pl/userdata/public/gfx/8283/Zielona-pilka-do-pilki-recznej-Solera-EHF-v24-z-logo-EHF--idealna-na-hale-i-do-gry-klubowej.jpg, https://sklepkoszykarski.pl/userdata/public/gfx/8285/Select-Solera-EHF-v24--nowoczesna-pilka-do-pilki-recznej-z-certyfikatem-i-dynamicznym-designem.jpg;"Piłka do piłki ręcznej Solera EHF v24 Green
 to nowoczesna, solidna i profesjonalna 
piłka do ręcznej Select
, która spełnia wymagania najbardziej wymagających zawodników.


Dzięki specjalnej piance i ręcznemu szyciu, model Solera leży idealnie w dłoni, niezależnie od tempa gry. Stabilność, brak niekontrolowanych odbić i świetne wyważenie sprawiają, że to jedna z najczęściej wybieranych piłek przez piłkarzy ręcznych. Dodatkowo posiada 
oficjalny atest EHF
, więc możesz być pewien jej jakości i zgodności z międzynarodowymi normami. 
Select piłka ręczna Solera EHF v24 Green
 to świetny wybór do codziennych treningów i meczów.


Rozmiar: 1 / 2 
Szyta: ręcznie
Przeznaczenie: hala
Atest: EHF"
Piłki do piłki ręcznej;1;Piłka do ręcznej Molten C7s r.0 miękka;Molten;120.00;1;100;https://sklepkoszykarski.pl/userdata/public/gfx/8260/Pilka-do-recznej-Molten-C7s-r.0-miekka.jpg, https://sklepkoszykarski.pl/userdata/public/gfx/8259/Pilka-do-pilki-recznej-dla-dzieci-Molten-C7s-r.0-miekka.jpg;"Piłka do ręcznej Molten C7s r.0 miękka
 to idealna
 piłka do piłki ręcznej dla dzieci
, która wspiera rozwój i motywuje do aktywności. Dzięki miękkiej strukturze i elastycznemu wypełnieniu, model ten jest wyjątkowo przyjazny dla dłoni i łatwy do ściskania – nawet przez najmłodszych graczy. To niezastąpiona 
piłka ręczna dla początkujących
, która sprawdzi się na sali gimnastycznej i na świeżym powietrzu. Jej niewielki rozmiar – zaledwie 150 mm średnicy – czyni ją idealną jako 
piłka do ręcznej rozmiar 0
, a przy tym pomaga dzieciom budować pewność siebie w pierwszych treningach. Jeśli potrzebna Ci lekka, bezpieczna i trwała piłka do piłki ręcznej, 
Piłka do ręcznej Molten C7s r.0 miękka
 spełni wszystkie te wymagania – i zachęci dzieci do ruchu od pierwszego kontaktu."
Piłki do piłki ręcznej;1;Piłka piankowa Molten Soft 180mm;Molten;97.00;1;100;https://sklepkoszykarski.pl/userdata/public/gfx/8253/Pilka-piankowa-Molten-Soft-180mm.jpg;"Piłka piankowa Molten Soft 180mm
 to miękka i wszechstronna 
piłka gąbkowa
, która została stworzona z myślą o najmłodszych uczestnikach zajęć ruchowych. Dzięki średnicy 18 cm i wadze około 170 g, jest idealnie dopasowana do dziecięcych dłoni, co sprzyja nauce chwytu, rzutów oraz rozwoju koordynacji ruchowej.


Ta 
piankowa piłka
 została wykonana z delikatnej, a zarazem sprężystej pianki, co zapewnia świetne właściwości gry i minimalizuje ryzyko kontuzji. Świetnie sprawdza się na lekcjach WF-u, w przedszkolu, na treningach i podczas rodzinnych zabaw. W kategorii takich produktów jak 
piłka piankowa 18 cm
, model Molten wyróżnia się trwałością i przyjaznością użytkowania. Jeśli szukasz sprawdzonego rozwiązania – wybierz 
piłka piankowa Molten Soft 180mm
."
Piłki do piłki ręcznej;1;Piłka piankowa Molten Soft 210mm;Molten;129.99;1;100;https://sklepkoszykarski.pl/userdata/public/gfx/8252/Pilka-piankowa-Molten-Soft-210mm.jpg;"Piłka piankowa Molten Soft 210mm
 to lekka i bezpieczna 
piankowa piłka
, która idealnie sprawdzi się podczas aktywności fizycznych w szkole, przedszkolu, na sali gimnastycznej, a nawet w domu. Wykonana z miękkiej gąbki, zapewnia świetne czucie w dłoni i eliminuje ryzyko urazów – dlatego tak chętnie wybierana jest jako 
piłka gąbkowa do ćwiczeń i zabaw ruchowych
.


Model o średnicy 210 mm to klasyczna 
piłka piankowa 21 cm
, doskonała zarówno dla dzieci, jak i dorosłych, którzy cenią sobie wygodę oraz jakość. Dzięki sprężystej konstrukcji i lekkiej wadze (ok. 170 g), piłka jest łatwa do kontrolowania i przyjemna w użytkowaniu. Niezależnie od tego, czy prowadzisz zajęcia wychowania fizycznego, czy szukasz uniwersalnej piłki do gier – 
piłka piankowa Molten Soft 210mm
 będzie trafionym wyborem."
Piłki do piłki ręcznej;1;Piłka ręczna dla dzieci Select Soft Kids rozmiar 1;SELECT;49.90;1;100;https://sklepkoszykarski.pl/userdata/public/gfx/7828/Pilka-reczna-dla-dzieci-Select-Soft-Kids-rozmiar-1.jpg;"Piłka ręczna dla dzieci Select Soft Kids rozmiar 1


Piłka ręczna dla dzieci Select Soft Kids rozmiar 1
 to perfekcyjna piłka do gier i zabaw dla dzieci oraz młodszych graczy. Dzięki specjalnie zaprojektowanemu miękkiemu, gumowemu materiałowi, piłka jest nie tylko bezpieczna, ale również bardzo łatwa do chwytania, co czyni ją idealną do nauki podstaw piłki ręcznej.


Piłka ręczna dla dzieci– Miękka piłka dla najmłodszych graczy


Rozmiar 1 sprawia, że piłka doskonale leży w dłoni, co ułatwia dzieciom rzucanie i chwytanie. To idealny wybór do zajęć ruchowych, które rozwijają zdolności sportowe najmłodszych, gwarantując im aktywną i bezpieczną zabawę. Ta 
piłka ręczna dla dzieci
 to idealne rozwiązanie, by połączyć sport z radością z gry!"
Piłki do piłki ręcznej;1;Piłka ręczna dla dzieci softball Molten Soft Touch;Molten;43.00;1;100;https://sklepkoszykarski.pl/userdata/public/gfx/8341/Pilka-reczna-dla-dzieci-softball-Molten-Soft-Touch.jpg, https://sklepkoszykarski.pl/userdata/public/gfx/8340/Pilka-reczna-dla-dzieci-softball-Molten-Soft-Touch.jpg;"Piłka ręczna dla dzieci softball Molten Soft Touch
 to świetny wybór dla najmłodszych graczy rozpoczynających przygodę z 
piłką ręczną
. Wykonana z elastycznej, miękkiej gumy i pokryta warstwą Soft Touch, gwarantuje bezpieczeństwo i wygodę użytkowania.


Dzięki kompaktowej średnicy 145 mm oraz rozmiarowi 0, ta 
piłka do ręcznej dla dzieci
 doskonale dopasowuje się do małej dłoni, wspierając naukę podstawowych technik.


Piłka ręczna dla dzieci softball Molten Soft Touch
 sprawdzi się zarówno w hali, jak i na zewnątrz – w szkole, klubie sportowym czy podczas domowej zabawy.




Miękka i bezpieczna konstrukcja


Idealna piłka do piłki ręcznej rozmiar 0


Przeznaczona do treningu i rekreacji"
Piłki do piłki ręcznej;1;Piłka ręczna Molten softball- piłka piankowa r.0;Molten;118.00;1;100;https://sklepkoszykarski.pl/userdata/public/gfx/8263/Pilka-reczna-Molten-softball--pilka-piankowa-r.0.jpg;"Piłka ręczna Molten softball – piłka piankowa r.0
 to lekka i 
miękka piłka do piłki ręcznej dla dzieci
, która znakomicie sprawdza się podczas pierwszych treningów. Wykonana z delikatnej pianki, umożliwia bezpieczną i przyjemną naukę podstaw. Jej sprężystość i dobre odbicie pozwalają rozwijać technikę w naturalny sposób. Jako 
piłka do ręcznej rozmiar 0
, idealnie pasuje do dziecięcych dłoni, wspierając ich rozwój motoryczny. Jeśli szukasz 
piłki ręcznej dla początkujących
, model softball Molten to pewny i sprawdzony wybór. Wśród dostępnych 
piłek do piłki ręcznej
, wyróżnia się lekkością i bezpieczeństwem, które doceni każdy trener i rodzic."
Piłki do piłki ręcznej;1;Piłka ręczna piankowa dla dzieci Select Foam Kids V23 r.00;SELECT;41.00;1;100;https://sklepkoszykarski.pl/userdata/public/gfx/8265/Pilka-reczna-piankowa-dla-dzieci-Select-Foam-Kids-V23-r.00.jpg;"Piłka ręczna piankowa dla dzieci Select Foam Kids V23 r.00
 to idealna propozycja do pierwszych treningów i zajęć ruchowych. Wykonana z wysokiej jakości utwardzonej pianki, zapewnia bezpieczeństwo i komfort nawet najmłodszym graczom. Ta 
piłka do piłki ręcznej rozmiar 00 
jest lekka, miękka i bardzo trwała, dzięki czemu świetnie sprawdza się w sali gimnastycznej czy przedszkolu. To także znakomita
 piłka do piłki ręcznej dla dzieci
, która zachęca do aktywności już od pierwszego kontaktu. 
Piankowa piłka dla dzieci Select Foam Kids V23 r.00
 z atestem EHF to gwarancja jakości i pewności – wybierz ją, jeśli zależy Ci na nauce przez zabawę i bezpieczeństwie najmłodszych."
Piłki do piłki ręcznej;1;Piłka do piłki ręcznej Select ALTEA rozmiar 1 - biała;SELECT;97.90;1;100;https://sklepkoszykarski.pl/userdata/public/gfx/8201/Pilka-do-recznej-rozmiar-1-Select.jpg, https://sklepkoszykarski.pl/userdata/public/gfx/8200/Pilka-do-pilki-recznej-Select-ALTEA-rozmiar-1---biala.jpg;"Piłka do piłki ręcznej Select ALTEA rozmiar 1 - biała
 została zaprojektowana z myślą o młodszych graczach i treningu technicznym. Jej miękka, piankowa struktura zapewnia wyjątkowy komfort gry, a doskonałe wyważenie eliminuje przypadkowe odbicia.


To ręcznie szyty model, który łączy wytrzymałość z lekkością, idealny dla tych, którzy stawiają na jakość od pierwszego podania. 
Piłka do ręcznej rozmiar 1 Select
 świetnie sprawdzi się w warunkach szkolnych i klubowych.


Wybierz jakość i precyzję, jaką oferują 
piłki do ręcznej Select
 – to inwestycja w pewną i efektywną grę.


 


Specyfikacja 
piłki do piłki ręcznej Select ALTEA rozmiar 1 - biała
:


Materiał wykonania: sztuczne tworzywo


Wielkość: rozmiar 1


Zastosowanie: gra w hali"
Piłki do piłki ręcznej;1;Piłka do piłki ręcznej Molten - oficjalna, meczowa IHF;Molten;232.00;1;100;https://sklepkoszykarski.pl/userdata/public/gfx/8257/Pilka-do-pilki-recznej-Molten---oficjalna%2C-meczowa-IHF.jpg, https://sklepkoszykarski.pl/userdata/public/gfx/8256/Molten-H3X5001-BW-meczowa-pilka-do-pilki-recznej-z-certyfikatem-IHF.jpg;"Piłka do piłki ręcznej Molten - oficjalna
 to uznany wybór wśród profesjonalistów i oficjalna meczowa IHF, stosowana w międzynarodowych turniejach. Jej wierzchnia warstwa z miękkiej skóry syntetycznej zapewnia doskonałe właściwości gry, a ręczne szycie to gwarancja trwałości i najwyższej jakości.


Stworzona z myślą o wymagających warunkach halowych, ta 
piłka do ręcznej
 oferuje perfekcyjne odbicie i amortyzację, dzięki miękkiej podbudowie. Oznaczona prestiżową pieczęcią IHF, spełnia wszystkie kryteria oficjalnych rozgrywek jako 
piłka do piłki ręcznej rozmiar 3
. Wśród szerokiej gamy piłek do piłki ręcznej, model 
Molten H3X5001-BW
 to gwarancja precyzji i niezawodności. Postaw na jakość i prestiż – postaw na 
Piłka do piłki ręcznej Molten - oficjalna
.


Rozmiar: 3
Przeznaczenie: hala
Materiał: skóra syntetyczna
Wyjątkowo dobre właściwości amortyzujące i skokowe
Oficjalna piłka meczowa IHF"
Piłki do piłki ręcznej;1;Piłka do piłki ręcznej Molten 1800 ZPRP;Molten;99.00;1;100;https://sklepkoszykarski.pl/userdata/public/gfx/8241/Pilka-do-pilki-recznej-Molten-1800-ZPRP.jpg, https://sklepkoszykarski.pl/userdata/public/gfx/8240/Pilka-do-recznej-Molten-1800-ZPRP.jpg;"Piłka do piłki ręcznej Molten 1800 ZPRP
 to treningowa 
piłka ręczna
 zaprojektowana z myślą o najmłodszych zawodnikach. Dzięki rozmiarowi 0 doskonale sprawdza się jako 
piłka ręczna dla dzieci
, oferując komfort gry i bezpieczeństwo podczas nauki podstaw. Miękka powierzchnia ze skóry syntetycznej oraz struktura antypoślizgowa zapewniają pewny chwyt w każdej sytuacji – niezależnie od poziomu zaawansowania.


Maszynowo szyte panele sprawiają, że 
piłka do piłki ręcznej Molten 1800 ZPRP 
jest wyjątkowo trwała i przystosowana do regularnego użytkowania na hali, także przy zastosowaniu żywicy. Świetnie sprawdzi się do codziennych treningów. 


Rozmiar: 0
Materiał: skóra syntetyczna
Przeznaczenie: hala"
Piłki do piłki ręcznej;1;Piłka do piłki ręcznej Select ALTEA rozmiar 1;SELECT;97.90;1;100;https://sklepkoszykarski.pl/userdata/public/gfx/7827/Pilka-do-pilki-recznej-Select-ALTEA-rozmiar-1.jpg;"Piłka do piłki ręcznej Select ALTEA rozmiar 1


Prezentowana 
piłka ręczna Select rozmiar 1
 to piłka meczowa zaprojektowana z myślą o zawodnikach, którzy oczekują najwyższej jakości. Wykonana z materiału HPU 1800, stosowanego w modelu ULTIMATE, zapewnia nie tylko trwałość, ale także doskonałą kontrolę i optymalne wyczucie w dłoni. Dzięki specjalnej 
piance Shark Skin Foam
, piłka jest miękka w dotyku i pewnie leży w ręce, co przekłada się na komfort podczas gry.


Piłka do piłki ręcznej Select ALTEA rozmiar 1
 posiada opatentowaną 
dętkę Zero-Wing,
 która zapewnia idealną krągłość piłki, co minimalizuje ryzyko nieprzewidywalnych odbić. Dodatkowo, jest ręcznie szyta, co zwiększa jej wytrzymałość i gwarantuje najwyższą jakość wykonania. 
Piłka ręczna Select rozmiar 1
 to lekka, dynamiczna piłka, która stale utrzymuje równowagę, dając zawodnikom pełną kontrolę na boisku, niezależnie od intensywności gry."
Akcesoria do siatkówki;1;Trenażer do siatkówki SKLZ - Star Kick Hit'n'Serve;;119.99;1;100;https://sklepkoszykarski.pl/userdata/public/gfx/7721/Trenazer-do-siatkowki-SKLZ---Star-Kick-HitnServe.gif, https://sklepkoszykarski.pl/userdata/public/gfx/7722/Trenazer-do-siatkowki-SKLZ---Star-Kick-HitnServe-z-pilka-do-siatkowki.gif;"Trenażer do Siatkówki SKLZ - Star Kick Hit'n'Serve


Chcesz poprawić swoje umiejętności siatkarskie bez potrzeby biegania za piłką po każdym serwie? 
Trenażer do siatkówki SKLZ - Star Kick Hit'n'Serve
 to idealne rozwiązanie dla każdego, kto chce trenować efektywnie – zarówno w domu, jak i na świeżym powietrzu!


Ten innowacyjny trenażer pozwala doskonalić technikę serwowania, uderzeń i podrzucania piłki, nie tracąc czasu na ciągłe jej zbieranie. Wyposażony w elastyczny sznurek o długości do 5,5 metra oraz regulowany neoprenowy rękaw, pasuje do większości piłek siatkowych, dzięki czemu trening staje się prostszy i bardziej efektywny.


Niezależnie od tego, czy dopiero zaczynasz swoją przygodę z siatkówką, czy jesteś doświadczonym zawodnikiem,
 SKLZ Star Kick Hit'n'Serve
 dostosowuje się do Twojego poziomu. Dzięki wytrzymałemu pasowi na uwięzi, trenażer pomaga poprawiać technikę w szybki i skuteczny sposób, umożliwiając intensywny trening w dowolnym miejscu i czasie.


Zyskaj przewagę na boisku i trenuj w dowolnym momencie – zamów Trenażer SKLZ Star Kick Hit'n'Serve już teraz! Dzięki wytrzymałym materiałom, takim jak guma, neopren i PVC, ten trenażer zapewnia długotrwałą wydajność, idealną dla każdego sportowca, bez względu na poziom zaawansowania."
Akcesoria do piłki ręcznej;1;Gwizdek elektroniczny Meteor;;79.99;1;100;https://sklepkoszykarski.pl/userdata/public/gfx/8041/Gwizdek-elektroniczny-Meteor.png, https://sklepkoszykarski.pl/userdata/public/gfx/8043/Nowoczesny-Gwizdek-Elektroniczny-Meteor-z-regulacja-tonu-i-przyciskiem-aktywacyjnym.png;"Elektroniczny gwizdek Meteor
 – czysty i donośny dźwięk w każdych warunkach! Jeśli szukasz gwizdka, który zapewni maksymalną głośność i pełną higienę to ten gwizdek Meteor to nowoczesna alternatywa dla tradycyjnych gwizdków, eliminująca konieczność dmuchania. Idealny dla sędziów, trenerów, nauczycieli i organizatorów wydarzeń sportowych.


Dzięki dwóm komorom dźwiękowym i maksymalnej głośności 125 dB, sygnał jest donośny i wyraźny, nawet wśród tłumu kibiców czy na otwartej przestrzeni. Możesz wybrać jeden z dwóch trybów dźwięku, dostosowując sygnał do swoich potrzeb.


Elektroniczny gwizdek Meteor 
jest wygodny i lekki, a dołączony sznurek na nadgarstek sprawiaja, że korzystanie z gwizdka jest komfortowe i bezproblemowe. Wysokiej jakości materiały gwarantują trwałość i odporność na intensywne użytkowanie.


Najważniejsze zalety:




Bez dmuchania – pełna higiena i wygoda


Głośność 125 dB – doskonała słyszalność w każdych warunkach


Dwa tryby dźwięku – precyzyjna sygnalizacja


Ergonomiczny kształt i solidna konstrukcja




Zamów teraz i ciesz się najwyższą jakością dźwięku podczas każdej gry!"
Akcesoria do siatkówki;1;Plecak do siatkówki Wilson AVP Grass;Wilson;252.00;1;100;https://sklepkoszykarski.pl/userdata/public/gfx/8154/Plecak-Wilson-AVP-Grass-z-uchwytem-na-pilke-do-siatkowki.jpg, https://sklepkoszykarski.pl/userdata/public/gfx/8152/Plecak-do-siatkowki-Wilson-AVP-Grass--praktyczna-kieszen-na-pilke-i-nowoczesny-design..jpg;"Plecak do siatkówki Wilson AVP Grass
 to rozwiązanie dla wymagających graczy. Dobrze dobrany 
plecak do siatkówki
 to podstawa dla każdego miłośnika tej dyscypliny. Wilson AVP Grass został zaprojektowany z myślą o graczach, którzy cenią sobie wygodę, organizację i styl. 




Przenoś piłkę wygodnie – specjalny przedni panel z klipsem pozwala na bezproblemowe transportowanie piłki do siatkówki.


Wentylacja i higiena – system „dirt trap” ułatwia pozbywanie się piasku i brudu, a boczne klipsy pozwalają na przewiewanie wilgotnych ubrań.


Pojemność i inteligentny podział – miejsce na laptopa, ukryte kieszenie na wartościowe przedmioty i termoizolowana komora na przekąski sprawiają, że wszystko masz pod ręką.


Wodoodporność i wytrzymałość – trwałe materiały zapewniają długowieczność i ochronę przed niekorzystnymi warunkami pogodowymi.




Jeśli 
plecak dla siatkarza 
jest tym, czego szukasz, mamy dla Ciebie propozycje, która będzie niezawodna w każdych warunkach – postaw na 
Plecak do siatkówki Wilson AVP Grass
 i ciesz się komfortem w każdej sytuacji!"
Akcesoria do siatkówki;1;Rękawki siatkarskie SKLZ;;119.99;1;100;https://sklepkoszykarski.pl/userdata/public/gfx/7744/Para-czarnych-rekawkow-siatkarskich-SKLZ%2C-zapewniajacych-wsparcie-i-ochrone-przedramion.gif, https://sklepkoszykarski.pl/userdata/public/gfx/7745/Zawodnik-siatkarski-zakladajacy-rekawki-SKLZ-na-trening.gif;"Rękawki siatkarskie SKLZ


Szukasz rozwiązania, które pozwoli Ci trenować intensywnie i bez obaw o otarcia czy urazy? 
Rękawki siatkarskie SKLZ
 to idealny wybór dla każdego sportowca, który chce podnieść swoje umiejętności i jednocześnie zadbać o komfort podczas treningu.
Te rękawki zaprojektowano specjalnie po to, by chronić przedramiona przed bolesnymi otarciami i uderzeniami podczas gry w siatkówkę. Dzięki elastycznemu i oddychającemu materiałowi, rękawki SKLZ doskonale dopasowują się do ciała, nie ograniczając Twoich ruchów, a dodatkowe pętelki na kciuki zapewniają stabilność nawet podczas najintensywniejszych treningów.
Nie musisz już martwić się o dyskomfort podczas treningu! 
Rękawki siatkarskie SKLZ
 są lekkie, kompresyjne i praktycznie niewyczuwalne na skórze, a ich uniwersalny rozmiar pasuje do większości sportowców. Niezależnie od poziomu zaawansowania, te rękawki będą doskonałym wsparciem podczas doskonalenia podań i odbić.
Zadbaj o swoje bezpieczeństwo i komfort podczas treningów. Zamów 
rękawki siatkarskie SKLZ
 już teraz i ciesz się intensywnymi ćwiczeniami bez ryzyka otarć czy kontuzji!


Rękawki wykonane z trwałych materiałów:




80% poliamid


20% elastan z dodatkową pianką poliuretanową




To niezawodne wsparcie dla każdego siatkarza, który chce trenować efektywnie i bezpiecznie."
Akcesoria do piłki ręcznej;1;Stoper Meteor -  100 miedzyczasów;;115.00;1;100;https://sklepkoszykarski.pl/userdata/public/gfx/8229/Stoper-Meteor---100-miedzyczasow.jpg, https://sklepkoszykarski.pl/userdata/public/gfx/8228/Profesjonalny-stoper-sportowy-MEteor.jpg;"Stoper Meteor - 100 międzyczasów
 – profesjonalne wsparcie Twojego treningu!


Potrzebujesz dokładności i niezawodności? 
Stoper Meteor
 oferuje pomiar czasu do 10 godzin oraz zapis aż 100 międzyczasów, co czyni go doskonałym wyborem dla trenerów i sportowców. Czytelny, trzywierszowy wyświetlacz pokazuje wszystkie kluczowe dane jednocześnie.


Ten
 sportowy stoper
 jest nie tylko wodoodporny i wstrząsoodporny, ale także wyposażony w funkcję wyświetlania godziny, kalendarza i odliczania.
 Profesjonalny stoper sportowy Meteor
 to gwarancja precyzyjnego pomiaru zarówno podczas zawodów, jak i codziennych treningów.


Nie czekaj – zadbaj o każdy detal swojego treningu dzięki 
stoperowi sportowemu Meteor
!"
Akcesoria do piłki ręcznej;1;Stoper SMJ Sport JS-606 50 Czasów;SMJ;102.00;1;100;https://sklepkoszykarski.pl/userdata/public/gfx/8077/Stoper-SMJ-Sport-JS-606-50-Czasow.png, https://sklepkoszykarski.pl/userdata/public/gfx/8078/Stoper-treningowy-SMJ-Sport-JS-606.png;"Stoper SMJ Sport JS-606 50 Czasów
 to świetna propozycja dla Ciebie jeśli szukasz profesjonalnego stopera sportowego, który zapewni Ci precyzyjny pomiar czasu i niezawodność w każdych warunkach. Ten stoper treningowy to nowoczesne urządzenie stworzone zarówno dla trenerów, sędziów, jak i sportowców, którzy cenią dokładność i intuicyjną obsługę. Dzięki szerokiemu zakresowi funkcji, świetnie sprawdzi się podczas treningów, zawodów czy codziennego monitorowania czasu.


Zaawansowane funkcje:




Stoper treningowy
 – rejestruje czas okrążeń, międzyczasy i bieżący pomiar, co pozwala na pełną analizę wyników. Posiada pamięć na 50 czasów, umożliwiając porównanie wyników i ocenę progresu.


Stoper czasu z szerokim zakresem pomiarowym
 – dokładność do 1/100 sekundy, maksymalny czas pomiaru aż 9 godzin, 59 minut i 59 sekund.


Analiza wyników
 – urządzenie pozwala na wyświetlenie najszybszego, najwolniejszego i średniego czasu okrążenia, zarówno podczas trwania pomiaru, jak i po jego zakończeniu.


Licznik okrążeń
 – umożliwia dokładne śledzenie przebytych dystansów, co jest kluczowe w sportach wytrzymałościowych.




Więcej niż tylko stoper – dodatkowe funkcje dla wszechstronnych użytkowników
✔ 
Czasomierz
 – idealny do treningów interwałowych i gier, z możliwością ustawienia odliczania do 99 minut i 59 sekund.


✔ 
Tempo-mierz
 – ustawienie częstotliwości od 10 do 320 sygnałów na minutę, co pozwala kontrolować rytm ćwiczeń i synchronizację ruchów.


✔ 
Zegar z kalendarzem
 – wyświetla godzinę, datę, dzień tygodnia oraz posiada format 12- i 24-godzinny, co czyni go przydatnym narzędziem w codziennym użytkowaniu.


✔ 
Alarm i automatyczny kalendarz
 – praktyczne funkcje dla osób, które chcą organizować swój czas zarówno podczas treningów, jak i poza nimi."
Akcesoria do siatkówki;1;Ściskacz do rąk SKLZ;;69.99;1;100;https://sklepkoszykarski.pl/userdata/public/gfx/7792/Profesjonalny-sciskacz-do-dloni-SKLZ-z-solidna-sprezyna-i-ergonomicznym-uchwytem.gif, https://sklepkoszykarski.pl/userdata/public/gfx/7793/Sciskacz-do-rak-SKLZ-z-regulowanym-oporem-w-zakresie-od-20-do-90-LB.gif;"Ściskacz do rąk SKLZ


Zwiększ swoją siłę chwytu i wytrzymałość z pomocą 
ściskacza do rąk SKLZ
. To funkcjonalne narzędzie doskonale sprawdza się w treningu dłoni, nadgarstków oraz przedramion, pomagając wzmocnić te partie mięśni, a także poprawić ogólną sprawność.


Dzięki regulowanemu oporowi 
od 9 do 40 kg
, ściskacz dopasowuje się do każdego poziomu zaawansowania – od początkujących po profesjonalistów. Możliwość dostosowania siły nacisku pozwala na stopniowy rozwój siły chwytu oraz elastyczność w treningu.


Przyrząd jest nieoceniony w rehabilitacji dłoni i nadgarstków, poprawia krążenie oraz wspomaga relaksację po intensywnych ćwiczeniach. Antypoślizgowy uchwyt i zakrzywiona konstrukcja zapewniają pewny i komfortowy chwyt, co czyni go idealnym do codziennego użytku.


Kompaktowy rozmiar sprawia, że 
ściskacz do rąk SKLZ
 możesz mieć zawsze przy sobie – w domu, w biurze czy w podróży. Wykonany z solidnych materiałów, takich jak stal i plastik, zapewnia wytrzymałość oraz długowieczność.


Kolor
: czarny
Materiał
: stal, plastik


Postaw na wygodę i skuteczność treningu z ściskaczem do rąk SKLZ – doskonały wybór dla każdego, kto chce zadbać o swoją siłę i wytrzymałość."
Akcesoria do siatkówki;1;Tablica taktyczna do siatkówki Molten;Molten;182.00;1;100;https://sklepkoszykarski.pl/userdata/public/gfx/8382/Tablica-taktyczna-do-siatkowki-Molten.jpg;"Tablica taktyczna do siatkówki Molten
 to profesjonalny wybór dla trenerów, którzy stawiają na skuteczną komunikację z drużyną. Składany model 
MSBV
 został zaprojektowany tak, aby każdy szczegół taktyki był jasny i widoczny dla zawodników. To 
tablica magnetyczna dla trenera
, która łączy funkcjonalność z wygodą użytkowania.


Wytrzymała, suchościeralna powierzchnia umożliwia wielokrotne nanoszenie notatek, a dołączony marker i magnesy pozwalają szybko odtwarzać ustawienia na boisku. Tablica ma poręczne wymiary 
45 × 30,5 cm
 i jest wyposażona w solidny pokrowiec, który ułatwia przechowywanie i przenoszenie.


Zainwestuj w 
tablicę taktyczną do siatkówki Molten
 – praktyczne i niezawodne wsparcie w prowadzeniu drużyny, które sprawdzi się zarówno podczas treningów, jak i meczów."
Akcesoria do siatkówki;1;Torba na piłkę do siatkówki Wilson AVP;Wilson;44.90;1;100;https://sklepkoszykarski.pl/userdata/public/gfx/7887/Torba-Wilson-AV-z-pilka-siatkowa-wewnatrz%2C-zapinana-na-sznure.webp, https://sklepkoszykarski.pl/userdata/public/gfx/7886/Praktyczna-torba-na-pilke-siatkowa-Wilson-AV-z-logo-AVP.webp;"Torba na piłkę do siatkówki Wilson AVP
 została stworzona z myślą o siatkarzach w ruchu. Torba ta umożliwia zabranie piłki w każde miejsce. Dzięki możliwości wygodnego przypięcia do plecaka Wilsona nie musisz już rezygnować z przestrzeni w głównym bagażu. Ta kompaktowa torba zmieści Twoją piłkę i zabezpieczy ją podczas podróży, a Ty będziesz zawsze gotowy na grę.


To rozwiązanie, które doceni każdy sportowiec – przemyślana konstrukcja, wysoka jakość wykonania i wygoda użytkowania sprawiają, że 
Torba na piłkę do siatkówki Wilson AVP
 jest niezbędnym akcesorium na treningi i zawody. Przygotuj się na grę w każdym miejscu i o każdej porze z Wilsonem!"
Akcesoria do siatkówki;1;Trenażer do siatkówki SKLZ -Bumb in Pass;;119.99;1;100;https://sklepkoszykarski.pl/userdata/public/gfx/7713/Trenazer-do-siatkowki-SKLZ--Bumb-in-Pass.gif, https://sklepkoszykarski.pl/userdata/public/gfx/7709/Trenazer-do-siatkowki-SKLZ-Bump-n-Pass%2C-idealny-do-treningu-podan.gif;"Trenażer do siatkówki SKLZ -Bumb in Pass


Jeśli chcesz poprawić swoją technikę odbić w siatkówce, 
trenażer SKLZ Bump in Pass
 to narzędzie, które pozwoli Ci osiągnąć nowy poziom precyzji i skuteczności. Dzięki innowacyjnej konstrukcji, trenażer pomaga wyeliminować nadmierny zamach ramionami, umożliwiając graczom skupienie się na optymalnej pracy nóg i ramion. Regularne ćwiczenia z SKLZ Bump in Pass prowadzą do lepszej kontroli nad piłką, co zwiększa Twoją pewność siebie i skuteczność w trakcie meczu.


Główne cechy trenażera SKLZ Bump-N-Pass:




Poprawa techniki odbić
 – Ogranicza nadmierny ruch ramion, co pozwala skoncentrować się na prawidłowej pracy nóg i ramion, umożliwiając dokładniejsze odbicia.


Elastyczny sznurek
 – Regulowany, co sprawia, że trenażer jest odpowiedni dla zawodników o różnym wzroście.


Wyściełane mankiety
 – Zapewniają komfort podczas treningu i bezpieczne dopasowanie dzięki wygodnym zapięciom na rzepy, które mocowane są na nadgarstkach i kostkach.


Uniwersalność
 – Idealny zarówno do treningów na boisku, jak i w domowych warunkach, nawet podczas indywidualnych sesji.




Precyzyjne odbicie może zadecydować o losach meczu, dlatego 
trenażer SKLZ Bump in Pass
 to doskonałe narzędzie, które pomoże Ci rozwijać umiejętności. Zaprojektowany z myślą o komforcie, bezpieczeństwie i skuteczności, jest nieodzownym elementem wyposażenia każdego siatkarza dążącego do doskonałości.


Zadbaj o perfekcję swoich odbić!"
Akcesoria do siatkówki;1;Wózek na piłki Mikasa AC-BC200W;Mikasa;949.00;1;100;https://sklepkoszykarski.pl/userdata/public/gfx/8190/Wozek-na-pilki-Mikasa-AC-BC200W.jpg;"Wózek na piłki Mikasa
 to praktyczne rozwiązanie dla trenerów, szkół i klubów sportowych, gdzie liczy się mobilność i porządek podczas treningu. Wykonany z lekkiego, ale wytrzymałego aluminium, z wygodnym systemem składania „parasolowego”, zapewnia szybkie rozstawianie i transport.


Trójkolorowa torba z kieszenią zamykaną na zamek pomieści nawet 30 piłek, a solidne kółka ułatwiają przemieszczanie po hali czy boisku. Estetyczne wykończenie i nowoczesna szata graficzna sprawiają, że to sprzęt, który łączy funkcjonalność z dobrym stylem.


Wózek na piłki Mikasa 
jest idealny dla klubów, szkół oraz trenerów szukających niezawodnych akcesoriów treningowych. Jeśli potrzebujesz sprawdzonego sprzętu, który pomoże Ci lepiej zorganizować każdy trening – 
wózek na piłki Mikasa AC-BC200W
 będzie trafionym wyborem."
Akcesoria do piłki ręcznej;1;Klej do piłki ręcznej Select Accesories 100 ml;SELECT;45.00;1;100;https://sklepkoszykarski.pl/userdata/public/gfx/7848/Klej-do-pilki-recznej-Select-Accesories-100-ml.jpg;"Klej do piłki ręcznej Select Accesories 100 ml


Klej do piłki ręcznej Select Accessories 100 ml
 to niezastąpiony produkt dla każdego zawodnika, który ceni sobie pewny chwyt i łatwość stosowania. Opracowany specjalnie do piłek ręcznych, klej zapewnia stabilność i uczucie pełnej kontroli, gwarantując, że piłka nie wyślizgnie się z dłoni nawet podczas najbardziej dynamicznych rozgrywek.


Jego formuła wyróżnia się nie tylko mocnym działaniem, ale także łatwością usuwania i mniejszymi zabrudzeniami w porównaniu z innymi klejami. Dzięki kompaktowej pojemności 100 ml, 
klej do piłki ręcznej Select Accesories
 to idealne rozwiązanie zarówno na treningi, jak i mecze. Wybierz profesjonalną jakość, która wspiera Twój sukces na boisku!"
Akcesoria do piłki ręcznej;1;Klej do piłki ręcznej Select Profcare żywica 100 ML;SELECT;49.00;1;100;https://sklepkoszykarski.pl/userdata/public/gfx/7854/Klej-do-pilki-recznej-Select-Profcare-zywica-100-ML.jpg;"Podnieś jakość swojej gry dzięki 
klejowi do piłki ręcznej Select Profcare żywica 100 ML
! Produkt stworzony z myślą o zawodnikach na najwyższym poziomie, zapewnia wyjątkową przyczepność piłki i pewność w każdej akcji. Mocny efekt klejenia sprawia, że możesz polegać na nim w najtrudniejszych momentach meczu, zarówno na treningu, jak i w rozgrywkach ligowych.


Atest Międzynarodowego Związku Piłki Ręcznej (IHF)
 to gwarancja, że wybierasz produkt używany przez najlepszych. Niezależnie od tego, czy grasz profesjonalnie, czy rekreacyjnie, Select Profcare to Twój niezawodny partner na boisku.


Zainwestuj w sprawdzoną jakość i ciesz się komfortem gry bez obaw o chwyt!"
Akcesoria do piłki ręcznej;1;Klej do piłki ręcznej Select Profcare żywica 200 ML;SELECT;79.99;1;100;https://sklepkoszykarski.pl/userdata/public/gfx/7849/Klej-do-pilki-recznej-Select-Profcare-zywica-200-ML.jpg;"Klej do piłki ręcznej Select Profcare żywica 200 ML


Klej do piłki ręcznej Select Profcare Żywica 200 ML
 to profesjonalny produkt stworzony z myślą o zawodnikach, którzy cenią sobie mocny chwyt i doskonałą kontrolę nad piłką ręczną. Dzięki wyjątkowo silnemu działaniu, ten klej jest używany na najwyższym poziomie rozgrywek, co potwierdza jego 
atest Międzynarodowego Związku Piłki Ręcznej (IHF)
.


Idealny do intensywnych treningów i zawodów, 
klej do piłki ręcznej Select
 zapewnia długotrwałe wsparcie, pozwalając na precyzyjne podania i pewność chwytów w kluczowych momentach gry. Postaw na klej, który używają profesjonaliści i zdobądź przewagę na boisku!"
Akcesoria do piłki ręcznej;1;Klej do piłki ręcznej Select Profcare żywica 500ML;SELECT;169.00;1;100;https://sklepkoszykarski.pl/userdata/public/gfx/7847/Klej-do-pilki-recznej-Select-Profcare-zywica-500ML.jpg;"Select Profcare Żywica 500ML 


Klej do piłki ręcznej Select Profcare Żywica 500ML
 to profesjonalny klej o wyjątkowo silnym efekcie klejenia, który gwarantuje pełną kontrolę nad piłką do piłki ręcznej podczas najważniejszych rozgrywek. Stosowany na najwyższym poziomie przez zawodników, zapewnia pewny chwyt i doskonałą precyzję, niezależnie od intensywności gry.


Posiada 
atest Międzynarodowego Związku Piłki Ręcznej (IHF)
, co potwierdza jego wysoką jakość i bezpieczeństwo stosowania. Select Profcare Żywica to nieodzowny element wyposażenia każdego profesjonalnego gracza, który dąży do perfekcji na boisku. Idealny do intensywnych meczów, gdzie liczy się każdy ruch!"
Akcesoria do piłki ręcznej;1;Klej do piłki ręcznej Select Spray 100 ml;SELECT;39.00;1;100;https://sklepkoszykarski.pl/userdata/public/gfx/7855/Klej-do-pilki-recznej-Select-Spray-100-ml.jpg;"Klej do piłki ręcznej Select Spray 100 ml
 to idealne rozwiązanie dla wszystkich, którzy chcą cieszyć się pewnym chwytem bez poświęcania cennego czasu na aplikację. Klasyczna, sprawdzona formuła kleju w wygodnym sprayu sprawia, że chwyt piłki jest mocny i trwały, co jest szczególnie ważne podczas intensywnych rozgrywek i treningów.


Dzięki wygodnej aplikacji sprayem, 
klej do piłki ręcznej Select Spray 100 ml
  zapewnia równomierne pokrycie dłoni klejem – to pełna kontrola nad piłką bez ryzyka poślizgu. Ten tradycyjny klej do piłki ręcznej w formie sprayu to idealny wybór zarówno dla profesjonalistów, jak i amatorów, którzy chcą grać z pełnym zaangażowaniem."
Akcesoria do piłki ręcznej;1;Środek do usuwania kleju z rąk Select;SELECT;29.99;1;100;https://sklepkoszykarski.pl/userdata/public/gfx/7856/Srodek-do-usuwania-kleju-z-rak-Select.jpg;"Ułatw sobie życie dzięki 
środkowi do usuwania kleju z rąk Select
 w płynie, który zapewnia szybkie i efektywne usuwanie pozostałości kleju po piłce ręcznej. Ta wygodna formuła w płynie bez trudu rozpuszcza klej, pozwalając na dokładne oczyszczenie dłoni bez podrażnień. Niezależnie od tego, czy trenujesz, czy grasz zawodowo, 
środek do usuwania kleju z rąk Select
 to must-have w Twojej torbie sportowej.


Zaufaj jakości Select, aby utrzymać dłonie w czystości i gotowości do kolejnych wyzwań. Środek jest łatwy w użyciu, a jego skuteczność docenią wszyscy, którzy korzystają z kleju do piłki ręcznej. Czyste ręce w kilka chwil? Z Select płynem do usuwania kleju to możliwe!"
Akcesoria do piłki ręcznej;1;Taśma do getr Select;SELECT;9.90;1;100;https://sklepkoszykarski.pl/userdata/public/gfx/7858/Tasma-do-getr-Select.jpg, https://sklepkoszykarski.pl/userdata/public/gfx/7857/Tasma-do-getr--nagolennikow--Select.jpg;"Nie pozwól, aby źle trzymające się nagolenniki zakłóciły Twoją grę! 
Taśma do getr Select
 to idealne rozwiązanie, które gwarantuje, że Twoje nagolenniki i skarpety pozostaną na swoim miejscu przez cały mecz. Wykonana z innowacyjnego materiału zawierającego lateks, oferuje wyjątkową przyczepność i elastyczność, które pozwalają na komfortowe dopasowanie do ciała.


Dzięki szerokiej gamie sześciu kolorów, możesz wybrać taśmę idealnie pasującą do stroju drużyny, a długość 4,5 m zapewnia wielokrotne użycie. Możliwość naklejania bezpośrednio na skórę sprawia, że 
taśma do getr Select
 jest niezwykle uniwersalna i praktyczna. Postaw na jakość, która pozwoli Ci skupić się na grze, nie martwiąc się o stabilność sprzętu!


 


Kolor: czarny
Rozmiar: 5cm x 4,5 m"
